DEBUG [neovide::settings::window_size] Loaded window settings: Windowed { position: PhysicalPosition { x: 1156, y: 544 }, pixel_size: Some(PhysicalSize { width: 759, height: 531 }), grid_size: Some(Size2 { width: 52, height: 14 }) }
DEBUG [neovide::settings::window_size] Loaded window settings: Windowed { position: PhysicalPosition { x: 1156, y: 544 }, pixel_size: Some(PhysicalSize { width: 759, height: 531 }), grid_size: Some(Size2 { width: 52, height: 14 }) }
TRACE [neovide::renderer::fonts::font_loader] Loading font FontKey { font_desc: None, hinting: Full, edging: AntiAlias }
INFO [neovide::renderer::fonts::caching_shaper] Reset Font Loader: font_size: 18.67px, font_width: 11.49px
DEBUG [neovide::renderer::fonts::caching_shaper] Updating font options: FontOptions { normal: [FontDescription { family: "IosevkaTerm Nerd Font", style: None }], italic: None, bold: None, bold_italic: None, features: {}, size: 18.666668, width: 0.0, hinting: Full, edging: AntiAlias, underline_offset: None }
TRACE [neovide::renderer::fonts::font_loader] Loading font FontKey { font_desc: Some(FontDescription { family: "IosevkaTerm Nerd Font", style: Some("Bold Italic") }), hinting: Full, edging: AntiAlias }
TRACE [neovide::renderer::fonts::font_loader] Loading font FontKey { font_desc: Some(FontDescription { family: "IosevkaTerm Nerd Font", style: Some("Bold") }), hinting: Full, edging: AntiAlias }
TRACE [neovide::renderer::fonts::font_loader] Loading font FontKey { font_desc: Some(FontDescription { family: "IosevkaTerm Nerd Font", style: Some("Italic") }), hinting: Full, edging: AntiAlias }
TRACE [neovide::renderer::fonts::font_loader] Loading font FontKey { font_desc: Some(FontDescription { family: "IosevkaTerm Nerd Font", style: None }), hinting: Full, edging: AntiAlias }
DEBUG [neovide::renderer::fonts::caching_shaper] Font updated to: FontOptions { normal: [FontDescription { family: "IosevkaTerm Nerd Font", style: None }], italic: None, bold: None, bold_italic: None, features: {}, size: 18.666668, width: 0.0, hinting: Full, edging: AntiAlias, underline_offset: None }
TRACE [neovide::renderer::fonts::font_loader] Loading font FontKey { font_desc: Some(FontDescription { family: "IosevkaTerm Nerd Font", style: None }), hinting: Full, edging: AntiAlias }
INFO [neovide::renderer::fonts::caching_shaper] Reset Font Loader: font_size: 18.67px, font_width: 9.33px
TRACE [neovide::renderer::grid_renderer] Updated font dimensions: GridScale { transform: Transform2 { matrix: [(9.333334, 0.0, 0.0), (0.0, 24.0, 0.0), (0.0, 0.0, 1.0)] } }
TRACE [neovide::renderer::fonts::font_loader] Loading font FontKey { font_desc: None, hinting: Full, edging: AntiAlias }
DEBUG [neovide::bridge::session] Starting neovim with: Command { std: "nvim" "--embed" "-p" "/etc/booster.yaml", kill_on_drop: false }
INFO [neovide::bridge::setup] Neovim version: "NVIM v0.12.2\nBuild type: None\nLuaJIT 2.1.1748459687\nRun \"nvim -V1 -v\" for more info"
INFO [neovide::bridge] Neovide registered to nvim with channel id 1
TRACE [neovide::bridge::handler] Neovim notification: "neovide.intro_banner_allowed"
TRACE [neovide::channel_utils] neovim_handler NeovideIntroBannerAllowed(false)
TRACE [neovide::settings] Initial value load failed for floating_shadow: Error processing request: 1 - 'Key not found: neovide_floating_shadow')
TRACE [neovide::bridge::handler] Neovim notification: "setting_changed"
TRACE [neovide::settings] Initial value load failed for light_radius: Error processing request: 1 - 'Key not found: neovide_light_radius')
TRACE [neovide::bridge::handler] Neovim notification: "setting_changed"
TRACE [neovide::settings] Initial value load failed for cursor_vfx_particle_curl: Error processing request: 1 - 'Key not found: neovide_cursor_vfx_particle_curl')
TRACE [neovide::bridge::handler] Neovim notification: "setting_changed"
TRACE [neovide::settings] Initial value load failed for cursor_vfx_particle_density: Error processing request: 1 - 'Key not found: neovide_cursor_vfx_particle_density')
TRACE [neovide::bridge::handler] Neovim notification: "setting_changed"
TRACE [neovide::settings] Initial value load failed for floating_blur: Error processing request: 1 - 'Key not found: neovide_floating_blur')
TRACE [neovide::bridge::handler] Neovim notification: "setting_changed"
TRACE [neovide::settings] Initial value load failed for cursor_hack: Error processing request: 1 - 'Key not found: neovide_cursor_hack')
TRACE [neovide::bridge::handler] Neovim notification: "setting_changed"
TRACE [neovide::settings] Initial value load failed for padding_left: Error processing request: 1 - 'Key not found: neovide_padding_left')
TRACE [neovide::bridge::handler] Neovim notification: "setting_changed"
TRACE [neovide::settings] Initial value load failed for text_contrast: Error processing request: 1 - 'Key not found: neovide_text_contrast')
TRACE [neovide::bridge::handler] Neovim notification: "setting_changed"
TRACE [neovide::settings] Initial value load failed for progress_bar_animation_speed: Error processing request: 1 - 'Key not found: neovide_progress_bar_animation_speed')
TRACE [neovide::bridge::handler] Neovim notification: "setting_changed"
TRACE [neovide::settings] Initial value load failed for experimental_layer_grouping: Error processing request: 1 - 'Key not found: neovide_experimental_layer_grouping')
TRACE [neovide::bridge::handler] Neovim notification: "setting_changed"
TRACE [neovide::settings] Initial value load failed for cursor_vfx_particle_phase: Error processing request: 1 - 'Key not found: neovide_cursor_vfx_particle_phase')
TRACE [neovide::bridge::handler] Neovim notification: "setting_changed"
TRACE [neovide::settings] Initial value load failed for fullscreen: Error processing request: 1 - 'Key not found: neovide_fullscreen')
TRACE [neovide::bridge::handler] Neovim notification: "setting_changed"
TRACE [neovide::settings] Initial value load failed for debug_renderer: Error processing request: 1 - 'Key not found: neovide_debug_renderer')
TRACE [neovide::bridge::handler] Neovim notification: "setting_changed"
TRACE [neovide::settings] Initial value load failed for cursor_unfocused_outline_width: Error processing request: 1 - 'Key not found: neovide_cursor_unfocused_outline_width')
TRACE [neovide::bridge::handler] Neovim notification: "setting_changed"
TRACE [neovide::settings] Initial value load failed for message_area_drag_selection: Error processing request: 1 - 'Key not found: neovide_message_area_drag_selection')
TRACE [neovide::bridge::handler] Neovim notification: "setting_changed"
TRACE [neovide::settings] Initial value load failed for refresh_rate: Error processing request: 1 - 'Key not found: neovide_refresh_rate')
TRACE [neovide::bridge::handler] Neovim notification: "setting_changed"
TRACE [neovide::settings] Initial value load failed for progress_bar_height: Error processing request: 1 - 'Key not found: neovide_progress_bar_height')
TRACE [neovide::bridge::handler] Neovim notification: "setting_changed"
TRACE [neovide::settings] Initial value load failed for floating_z_height: Error processing request: 1 - 'Key not found: neovide_floating_z_height')
TRACE [neovide::bridge::handler] Neovim notification: "setting_changed"
TRACE [neovide::settings] Initial value load failed for scroll_animation_far_lines: Error processing request: 1 - 'Key not found: neovide_scroll_animation_far_lines')
TRACE [neovide::bridge::handler] Neovim notification: "setting_changed"
TRACE [neovide::settings] Initial value load failed for theme: Error processing request: 1 - 'Key not found: neovide_theme')
TRACE [neovide::bridge::handler] Neovim notification: "setting_changed"
TRACE [neovide::settings] Initial value load failed for refresh_rate_idle: Error processing request: 1 - 'Key not found: neovide_refresh_rate_idle')
TRACE [neovide::bridge::handler] Neovim notification: "setting_changed"
TRACE [neovide::settings] Initial value load failed for cursor_vfx_opacity: Error processing request: 1 - 'Key not found: neovide_cursor_vfx_opacity')
TRACE [neovide::bridge::handler] Neovim notification: "setting_changed"
TRACE [neovide::settings] Initial value load failed for progress_bar_enabled: Error processing request: 1 - 'Key not found: neovide_progress_bar_enabled')
TRACE [neovide::bridge::handler] Neovim notification: "setting_changed"
TRACE [neovide::settings] Initial value load failed for cursor_vfx_particle_lifetime: Error processing request: 1 - 'Key not found: neovide_cursor_vfx_particle_lifetime')
TRACE [neovide::bridge::handler] Neovim notification: "setting_changed"
TRACE [neovide::settings] Initial value load failed for underline_stroke_scale: Error processing request: 1 - 'Key not found: neovide_underline_stroke_scale')
TRACE [neovide::bridge::handler] Neovim notification: "setting_changed"
TRACE [neovide::settings] Initial value load failed for cursor_trail_size: Error processing request: 1 - 'Key not found: neovide_cursor_trail_size')
TRACE [neovide::bridge::handler] Neovim notification: "setting_changed"
TRACE [neovide::settings] Initial value load failed for opacity: Error processing request: 1 - 'Key not found: neovide_opacity')
TRACE [neovide::bridge::handler] Neovim notification: "setting_changed"
TRACE [neovide::settings] Initial value load failed for padding_right: Error processing request: 1 - 'Key not found: neovide_padding_right')
TRACE [neovide::bridge::handler] Neovim notification: "setting_changed"
TRACE [neovide::settings] Initial value load failed for pixel_geometry: Error processing request: 1 - 'Key not found: neovide_pixel_geometry')
TRACE [neovide::bridge::handler] Neovim notification: "setting_changed"
TRACE [neovide::settings] Initial value load failed for padding_top: Error processing request: 1 - 'Key not found: neovide_padding_top')
TRACE [neovide::bridge::handler] Neovim notification: "setting_changed"
TRACE [neovide::settings] Initial value load failed for remember_window_position: Error processing request: 1 - 'Key not found: neovide_remember_window_position')
TRACE [neovide::bridge::handler] Neovim notification: "setting_changed"
TRACE [neovide::settings] Initial value load failed for floating_blur_amount_x: Error processing request: 1 - 'Key not found: neovide_floating_blur_amount_x')
TRACE [neovide::bridge::handler] Neovim notification: "setting_changed"
TRACE [neovide::settings] Initial value load failed for cursor_cell_color_fallback: Error processing request: 1 - 'Key not found: neovide_cursor_cell_color_fallback')
TRACE [neovide::bridge::handler] Neovim notification: "setting_changed"
TRACE [neovide::settings] Initial value load failed for position_animation_length: Error processing request: 1 - 'Key not found: neovide_position_animation_length')
TRACE [neovide::bridge::handler] Neovim notification: "setting_changed"
TRACE [neovide::settings] Initial value load failed for scroll_animation_length: Error processing request: 1 - 'Key not found: neovide_scroll_animation_length')
TRACE [neovide::bridge::handler] Neovim notification: "setting_changed"
TRACE [neovide::settings] Initial value load failed for profiler: Error processing request: 1 - 'Key not found: neovide_profiler')
TRACE [neovide::bridge::handler] Neovim notification: "setting_changed"
TRACE [neovide::settings] Initial value load failed for cursor_animate_in_insert_mode: Error processing request: 1 - 'Key not found: neovide_cursor_animate_in_insert_mode')
TRACE [neovide::bridge::handler] Neovim notification: "setting_changed"
TRACE [neovide::settings] Initial value load failed for cursor_animation_length: Error processing request: 1 - 'Key not found: neovide_cursor_animation_length')
TRACE [neovide::bridge::handler] Neovim notification: "setting_changed"
TRACE [neovide::settings] Initial value load failed for show_border: Error processing request: 1 - 'Key not found: neovide_show_border')
TRACE [neovide::bridge::handler] Neovim notification: "setting_changed"
TRACE [neovide::settings] Initial value load failed for cursor_animate_command_line: Error processing request: 1 - 'Key not found: neovide_cursor_animate_command_line')
TRACE [neovide::bridge::handler] Neovim notification: "setting_changed"
TRACE [neovide::settings] Initial value load failed for cursor_vfx_mode: Error processing request: 1 - 'Key not found: neovide_cursor_vfx_mode')
TRACE [neovide::bridge::handler] Neovim notification: "setting_changed"
TRACE [neovide::settings] Initial value load failed for window_blurred: Error processing request: 1 - 'Key not found: neovide_window_blurred')
TRACE [neovide::bridge::handler] Neovim notification: "setting_changed"
TRACE [neovide::settings] Initial value load failed for text_gamma: Error processing request: 1 - 'Key not found: neovide_text_gamma')
TRACE [neovide::bridge::handler] Neovim notification: "setting_changed"
TRACE [neovide::settings] Initial value load failed for cursor_smooth_blink: Error processing request: 1 - 'Key not found: neovide_cursor_smooth_blink')
TRACE [neovide::bridge::handler] Neovim notification: "setting_changed"
TRACE [neovide::settings] Initial value load failed for touch_drag_timeout: Error processing request: 1 - 'Key not found: neovide_touch_drag_timeout')
TRACE [neovide::bridge::handler] Neovim notification: "setting_changed"
TRACE [neovide::settings] Initial value load failed for input_ime: Error processing request: 1 - 'Key not found: neovide_input_ime')
TRACE [neovide::bridge::handler] Neovim notification: "setting_changed"
TRACE [neovide::settings] Initial value load failed for has_mouse_grid_detection: Error processing request: 1 - 'Key not found: neovide_has_mouse_grid_detection')
TRACE [neovide::bridge::handler] Neovim notification: "setting_changed"
TRACE [neovide::settings] Initial value load failed for normal_opacity: Error processing request: 1 - 'Key not found: neovide_normal_opacity')
TRACE [neovide::bridge::handler] Neovim notification: "setting_changed"
TRACE [neovide::settings] Initial value load failed for padding_bottom: Error processing request: 1 - 'Key not found: neovide_padding_bottom')
TRACE [neovide::bridge::handler] Neovim notification: "setting_changed"
TRACE [neovide::settings] Initial value load failed for scale_factor: Error processing request: 1 - 'Key not found: neovide_scale_factor')
TRACE [neovide::bridge::handler] Neovim notification: "setting_changed"
TRACE [neovide::settings] Initial value load failed for cursor_antialiasing: Error processing request: 1 - 'Key not found: neovide_cursor_antialiasing')
TRACE [neovide::bridge::handler] Neovim notification: "setting_changed"
TRACE [neovide::settings] Initial value load failed for cursor_vfx_particle_speed: Error processing request: 1 - 'Key not found: neovide_cursor_vfx_particle_speed')
TRACE [neovide::bridge::handler] Neovim notification: "setting_changed"
TRACE [neovide::settings] Initial value load failed for floating_corner_radius: Error processing request: 1 - 'Key not found: neovide_floating_corner_radius')
TRACE [neovide::bridge::handler] Neovim notification: "setting_changed"
TRACE [neovide::settings] Initial value load failed for light_angle_degrees: Error processing request: 1 - 'Key not found: neovide_light_angle_degrees')
TRACE [neovide::bridge::handler] Neovim notification: "setting_changed"
TRACE [neovide::settings] Initial value load failed for remember_window_size: Error processing request: 1 - 'Key not found: neovide_remember_window_size')
TRACE [neovide::bridge::handler] Neovim notification: "setting_changed"
TRACE [neovide::settings] Initial value load failed for floating_blur_amount_y: Error processing request: 1 - 'Key not found: neovide_floating_blur_amount_y')
TRACE [neovide::bridge::handler] Neovim notification: "setting_changed"
TRACE [neovide::settings] Initial value load failed for iso_layout: Error processing request: 1 - 'Key not found: neovide_iso_layout')
TRACE [neovide::bridge::handler] Neovim notification: "setting_changed"
TRACE [neovide::settings] Initial value load failed for progress_bar_hide_delay: Error processing request: 1 - 'Key not found: neovide_progress_bar_hide_delay')
TRACE [neovide::bridge::handler] Neovim notification: "setting_changed"
TRACE [neovide::settings] Initial value load failed for cursor_short_animation_length: Error processing request: 1 - 'Key not found: neovide_cursor_short_animation_length')
TRACE [neovide::bridge::handler] Neovim notification: "setting_changed"
TRACE [neovide::settings] Initial value load failed for confirm_quit: Error processing request: 1 - 'Key not found: neovide_confirm_quit')
TRACE [neovide::bridge::handler] Neovim notification: "setting_changed"
TRACE [neovide::settings] Initial value load failed for hide_mouse_when_typing: Error processing request: 1 - 'Key not found: neovide_hide_mouse_when_typing')
TRACE [neovide::bridge::handler] Neovim notification: "setting_changed"
TRACE [neovide::settings] Initial value load failed for touch_deadzone: Error processing request: 1 - 'Key not found: neovide_touch_deadzone')
TRACE [neovide::bridge::handler] Neovim notification: "setting_changed"
TRACE [neovide::settings] Initial value load failed for cursor_vfx_particle_highlight_lifetime: Error processing request: 1 - 'Key not found: neovide_cursor_vfx_particle_highlight_lifetime')
TRACE [neovide::bridge::handler] Neovim notification: "setting_changed"
INFO [neovide::bridge] Neovim process attached
TRACE [neovide::bridge::handler] Neovim notification: "redraw"
TRACE [neovide::channel_utils] neovim_handler OptionSet { gui_option: AmbiWidth("single") }
TRACE [neovide::channel_utils] neovim_handler OptionSet { gui_option: ArabicShape(true) }
TRACE [neovide::channel_utils] neovim_handler OptionSet { gui_option: Emoji(true) }
TRACE [neovide::editor] Option set AmbiWidth("single")
TRACE [neovide::editor] Option set ArabicShape(true)
TRACE [neovide::editor] Option set Emoji(true)
TRACE [neovide::channel_utils] neovim_handler OptionSet { gui_option: GuiFontWide("") }
TRACE [neovide::channel_utils] neovim_handler OptionSet { gui_option: LineSpace(0.0) }
TRACE [neovide::channel_utils] neovim_handler OptionSet { gui_option: Unknown("mousefocus", Boolean(false)) }
TRACE [neovide::channel_utils] neovim_handler OptionSet { gui_option: Unknown("mousehide", Boolean(true)) }
TRACE [neovide::editor] Option set GuiFontWide("")
TRACE [neovide::channel_utils] neovim_handler OptionSet { gui_option: Unknown("mousemoveevent", Boolean(false)) }
TRACE [neovide::editor] Option set LineSpace(0.0)
TRACE [neovide::channel_utils] neovim_handler OptionSet { gui_option: Pumblend(0) }
TRACE [neovide::channel_utils] neovim_handler OptionSet { gui_option: ShowTabLine(1) }
TRACE [neovide::channel_utils] neovim_handler OptionSet { gui_option: TermGuiColors(true) }
TRACE [neovide::editor] Option set Unknown("mousefocus", Boolean(false))
TRACE [neovide::channel_utils] neovim_handler OptionSet { gui_option: Unknown("termsync", Boolean(true)) }
TRACE [neovide::editor] Option set Unknown("mousehide", Boolean(true))
TRACE [neovide::channel_utils] neovim_handler OptionSet { gui_option: Unknown("ttimeout", Boolean(true)) }
TRACE [neovide::editor] Option set Unknown("mousemoveevent", Boolean(false))
TRACE [neovide::channel_utils] neovim_handler OptionSet { gui_option: Unknown("ttimeoutlen", Integer(PosInt(50))) }
TRACE [neovide::editor] Option set Pumblend(0)
TRACE [neovide::channel_utils] neovim_handler OptionSet { gui_option: Unknown("verbose", Integer(PosInt(0))) }
TRACE [neovide::editor] Option set ShowTabLine(1)
TRACE [neovide::editor] Option set TermGuiColors(true)
TRACE [neovide::editor] Option set Unknown("termsync", Boolean(true))
TRACE [neovide::editor] Option set Unknown("ttimeout", Boolean(true))
TRACE [neovide::channel_utils] neovim_handler SetTitle { title: "" }
TRACE [neovide::editor] Option set Unknown("ttimeoutlen", Integer(PosInt(50)))
TRACE [neovide::editor] Option set Unknown("verbose", Integer(PosInt(0)))
TRACE [neovide::channel_utils] neovim_handler OptionSet { gui_option: Unknown("ext_linegrid", Boolean(true)) }
TRACE [neovide::channel_utils] neovim_handler OptionSet { gui_option: Unknown("ext_multigrid", Boolean(true)) }
TRACE [neovide::editor] Option set Unknown("ext_linegrid", Boolean(true))
TRACE [neovide::channel_utils] neovim_handler OptionSet { gui_option: Unknown("ext_hlstate", Boolean(false)) }
TRACE [neovide::editor] Option set Unknown("ext_multigrid", Boolean(true))
TRACE [neovide::channel_utils] neovim_handler OptionSet { gui_option: Unknown("ext_termcolors", Boolean(false)) }
TRACE [neovide::editor] Option set Unknown("ext_hlstate", Boolean(false))
TRACE [neovide::editor] Option set Unknown("ext_termcolors", Boolean(false))
DEBUG [neovide::bridge::events] Ignored style attribute: "nocombine"
DEBUG [neovide::bridge::events] Ignored style attribute: "nocombine"
DEBUG [neovide::bridge::events] Ignored style attribute: "nocombine"
DEBUG [neovide::bridge::events] Ignored style attribute: "nocombine"
TRACE [neovide::channel_utils] neovim_handler HighlightAttributesDefine { id: 1, style: Style { colors: Colors { foreground: None, background: None, special: None }, reverse: false, italic: false, bold: false, strikethrough: false, blend: 0, underline: None }, name: None }
TRACE [neovide::channel_utils] neovim_handler HighlightAttributesDefine { id: 2, style: Style { colors: Colors { foreground: None, background: None, special: None }, reverse: false, italic: false, bold: true, strikethrough: false, blend: 0, underline: None }, name: None }
TRACE [neovide::channel_utils] neovim_handler HighlightAttributesDefine { id: 3, style: Style { colors: Colors { foreground: None, background: None, special: None }, reverse: true, italic: false, bold: false, strikethrough: false, blend: 0, underline: None }, name: None }
TRACE [neovide::channel_utils] neovim_handler HighlightAttributesDefine { id: 4, style: Style { colors: Colors { foreground: None, background: None, special: None }, reverse: true, italic: false, bold: false, strikethrough: false, blend: 0, underline: None }, name: None }
TRACE [neovide::channel_utils] neovim_handler HighlightAttributesDefine { id: 5, style: Style { colors: Colors { foreground: None, background: None, special: None }, reverse: false, italic: false, bold: true, strikethrough: false, blend: 0, underline: None }, name: None }
TRACE [neovide::channel_utils] neovim_handler HighlightAttributesDefine { id: 6, style: Style { colors: Colors { foreground: None, background: None, special: None }, reverse: false, italic: false, bold: false, strikethrough: false, blend: 0, underline: Some(Underline) }, name: None }
TRACE [neovide::channel_utils] neovim_handler HighlightAttributesDefine { id: 7, style: Style { colors: Colors { foreground: None, background: None, special: None }, reverse: false, italic: true, bold: false, strikethrough: false, blend: 0, underline: None }, name: None }
TRACE [neovide::channel_utils] neovim_handler HighlightAttributesDefine { id: 8, style: Style { colors: Colors { foreground: None, background: None, special: None }, reverse: false, italic: false, bold: false, strikethrough: true, blend: 0, underline: None }, name: None }
TRACE [neovide::channel_utils] neovim_handler HighlightAttributesDefine { id: 9, style: Style { colors: Colors { foreground: None, background: None, special: None }, reverse: false, italic: false, bold: false, strikethrough: false, blend: 0, underline: Some(UnderDouble) }, name: None }
TRACE [neovide::channel_utils] neovim_handler HighlightAttributesDefine { id: 10, style: Style { colors: Colors { foreground: None, background: None, special: None }, reverse: false, italic: false, bold: false, strikethrough: false, blend: 0, underline: Some(Underline) }, name: None }
TRACE [neovide::channel_utils] neovim_handler HighlightAttributesDefine { id: 11, style: Style { colors: Colors { foreground: Some(Color4f { r: 0.078431375, g: 0.08627451, b: 0.105882354, a: 1.0 }), background: Some(Color4f { r: 0.8784314, g: 0.8862745, b: 0.91764706, a: 1.0 }), special: None }, reverse: false, italic: false, bold: false, strikethrough: false, blend: 0, underline: None }, name: None }
TRACE [neovide::channel_utils] neovim_handler HighlightAttributesDefine { id: 12, style: Style { colors: Colors { foreground: Some(Color4f { r: 0.8784314, g: 0.8862745, b: 0.91764706, a: 1.0 }), background: Some(Color4f { r: 0.078431375, g: 0.08627451, b: 0.105882354, a: 1.0 }), special: None }, reverse: false, italic: false, bold: false, strikethrough: false, blend: 0, underline: None }, name: None }
TRACE [neovide::channel_utils] neovim_handler HighlightAttributesDefine { id: 13, style: Style { colors: Colors { foreground: Some(Color4f { r: 0.078431375, g: 0.08627451, b: 0.105882354, a: 1.0 }), background: Some(Color4f { r: 0.078431375, g: 0.08627451, b: 0.105882354, a: 1.0 }), special: Some(Color4f { r: 0.8784314, g: 0.8862745, b: 0.91764706, a: 1.0 }) }, reverse: false, italic: false, bold: false, strikethrough: false, blend: 0, underline: Some(UnderDouble) }, name: None }
TRACE [neovide::channel_utils] neovim_handler HighlightAttributesDefine { id: 14, style: Style { colors: Colors { foreground: Some(Color4f { r: 0.078431375, g: 0.08627451, b: 0.105882354, a: 1.0 }), background: Some(Color4f { r: 0.078431375, g: 0.08627451, b: 0.105882354, a: 1.0 }), special: Some(Color4f { r: 0.8784314, g: 0.8862745, b: 0.91764706, a: 1.0 }) }, reverse: false, italic: false, bold: false, strikethrough: false, blend: 0, underline: Some(Underline) }, name: None }
TRACE [neovide::channel_utils] neovim_handler HighlightAttributesDefine { id: 15, style: Style { colors: Colors { foreground: Some(Color4f { r: 0.7019608, g: 0.9647059, b: 0.7529412, a: 1.0 }), background: None, special: None }, reverse: false, italic: false, bold: false, strikethrough: false, blend: 0, underline: None }, name: None }
TRACE [neovide::channel_utils] neovim_handler HighlightAttributesDefine { id: 16, style: Style { colors: Colors { foreground: Some(Color4f { r: 0.54901963, g: 0.972549, b: 0.96862745, a: 1.0 }), background: None, special: None }, reverse: false, italic: false, bold: false, strikethrough: false, blend: 0, underline: None }, name: None }
TRACE [neovide::channel_utils] neovim_handler HighlightAttributesDefine { id: 17, style: Style { colors: Colors { foreground: None, background: Some(Color4f { r: 0.30980393, g: 0.32156864, b: 0.34509805, a: 1.0 }), special: None }, reverse: false, italic: false, bold: false, strikethrough: false, blend: 0, underline: None }, name: None }
TRACE [neovide::channel_utils] neovim_handler HighlightAttributesDefine { id: 18, style: Style { colors: Colors { foreground: Some(Color4f { r: 0.30980393, g: 0.32156864, b: 0.34509805, a: 1.0 }), background: None, special: None }, reverse: false, italic: false, bold: false, strikethrough: false, blend: 0, underline: None }, name: None }
TRACE [neovide::channel_utils] neovim_handler HighlightAttributesDefine { id: 19, style: Style { colors: Colors { foreground: Some(Color4f { r: 0.02745098, g: 0.03137255, b: 0.050980393, a: 1.0 }), background: Some(Color4f { r: 0.9882353, g: 0.8784314, b: 0.5803922, a: 1.0 }), special: None }, reverse: false, italic: false, bold: false, strikethrough: false, blend: 0, underline: None }, name: None }
TRACE [neovide::channel_utils] neovim_handler HighlightAttributesDefine { id: 20, style: Style { colors: Colors { foreground: None, background: Some(Color4f { r: 0.17254902, g: 0.18039216, b: 0.2, a: 1.0 }), special: None }, reverse: false, italic: false, bold: false, strikethrough: false, blend: 0, underline: None }, name: None }
TRACE [neovide::channel_utils] neovim_handler HighlightAttributesDefine { id: 21, style: Style { colors: Colors { foreground: Some(Color4f { r: 0.93333334, g: 0.94509804, b: 0.972549, a: 1.0 }), background: Some(Color4f { r: 0.0, g: 0.33333334, b: 0.13725491, a: 1.0 }), special: None }, reverse: false, italic: false, bold: false, strikethrough: false, blend: 0, underline: None }, name: None }
TRACE [neovide::channel_utils] neovim_handler HighlightAttributesDefine { id: 22, style: Style { colors: Colors { foreground: Some(Color4f { r: 0.93333334, g: 0.94509804, b: 0.972549, a: 1.0 }), background: Some(Color4f { r: 0.30980393, g: 0.32156864, b: 0.34509805, a: 1.0 }), special: None }, reverse: false, italic: false, bold: false, strikethrough: false, blend: 0, underline: None }, name: None }
TRACE [neovide::channel_utils] neovim_handler HighlightAttributesDefine { id: 23, style: Style { colors: Colors { foreground: Some(Color4f { r: 1.0, g: 0.7529412, b: 0.7254902, a: 1.0 }), background: None, special: None }, reverse: false, italic: false, bold: true, strikethrough: false, blend: 0, underline: None }, name: None }
TRACE [neovide::channel_utils] neovim_handler HighlightAttributesDefine { id: 24, style: Style { colors: Colors { foreground: Some(Color4f { r: 0.93333334, g: 0.94509804, b: 0.972549, a: 1.0 }), background: Some(Color4f { r: 0.0, g: 0.4509804, b: 0.4509804, a: 1.0 }), special: None }, reverse: false, italic: false, bold: false, strikethrough: false, blend: 0, underline: None }, name: None }
TRACE [neovide::channel_utils] neovim_handler HighlightAttributesDefine { id: 25, style: Style { colors: Colors { foreground: Some(Color4f { r: 1.0, g: 0.7529412, b: 0.7254902, a: 1.0 }), background: None, special: None }, reverse: false, italic: false, bold: false, strikethrough: false, blend: 0, underline: None }, name: None }
TRACE [neovide::channel_utils] neovim_handler HighlightAttributesDefine { id: 26, style: Style { colors: Colors { foreground: None, background: Some(Color4f { r: 0.30980393, g: 0.32156864, b: 0.34509805, a: 1.0 }), special: None }, reverse: false, italic: false, bold: false, strikethrough: false, blend: 80, underline: None }, name: None }
TRACE [neovide::channel_utils] neovim_handler HighlightAttributesDefine { id: 27, style: Style { colors: Colors { foreground: None, background: Some(Color4f { r: 0.30980393, g: 0.32156864, b: 0.34509805, a: 1.0 }), special: None }, reverse: false, italic: false, bold: false, strikethrough: false, blend: 100, underline: None }, name: None }
TRACE [neovide::channel_utils] neovim_handler HighlightAttributesDefine { id: 28, style: Style { colors: Colors { foreground: Some(Color4f { r: 0.60784316, g: 0.61960787, b: 0.6431373, a: 1.0 }), background: Some(Color4f { r: 0.02745098, g: 0.03137255, b: 0.050980393, a: 1.0 }), special: None }, reverse: false, italic: false, bold: false, strikethrough: false, blend: 0, underline: None }, name: None }
TRACE [neovide::channel_utils] neovim_handler HighlightAttributesDefine { id: 29, style: Style { colors: Colors { foreground: None, background: Some(Color4f { r: 0.30980393, g: 0.32156864, b: 0.34509805, a: 1.0 }), special: None }, reverse: false, italic: false, bold: true, strikethrough: false, blend: 0, underline: None }, name: None }
TRACE [neovide::channel_utils] neovim_handler HighlightAttributesDefine { id: 30, style: Style { colors: Colors { foreground: None, background: Some(Color4f { r: 0.02745098, g: 0.03137255, b: 0.050980393, a: 1.0 }), special: None }, reverse: false, italic: false, bold: false, strikethrough: false, blend: 0, underline: None }, name: None }
TRACE [neovide::channel_utils] neovim_handler HighlightAttributesDefine { id: 31, style: Style { colors: Colors { foreground: None, background: Some(Color4f { r: 0.17254902, g: 0.18039216, b: 0.2, a: 1.0 }), special: None }, reverse: false, italic: false, bold: false, strikethrough: false, blend: 0, underline: None }, name: None }
TRACE [neovide::channel_utils] neovim_handler HighlightAttributesDefine { id: 32, style: Style { colors: Colors { foreground: None, background: Some(Color4f { r: 0.30980393, g: 0.32156864, b: 0.34509805, a: 1.0 }), special: None }, reverse: false, italic: false, bold: false, strikethrough: false, blend: 0, underline: None }, name: None }
TRACE [neovide::channel_utils] neovim_handler HighlightAttributesDefine { id: 33, style: Style { colors: Colors { foreground: None, background: Some(Color4f { r: 0.41960785, g: 0.3254902, b: 0.0, a: 1.0 }), special: None }, reverse: false, italic: false, bold: false, strikethrough: false, blend: 0, underline: None }, name: None }
TRACE [neovide::channel_utils] neovim_handler HighlightAttributesDefine { id: 34, style: Style { colors: Colors { foreground: None, background: Some(Color4f { r: 0.0, g: 0.33333334, b: 0.13725491, a: 1.0 }), special: None }, reverse: false, italic: false, bold: false, strikethrough: false, blend: 0, underline: None }, name: None }
TRACE [neovide::channel_utils] neovim_handler HighlightAttributesDefine { id: 35, style: Style { colors: Colors { foreground: None, background: Some(Color4f { r: 0.34901962, g: 0.0, b: 0.03137255, a: 1.0 }), special: None }, reverse: false, italic: false, bold: false, strikethrough: false, blend: 0, underline: None }, name: None }
TRACE [neovide::channel_utils] neovim_handler HighlightAttributesDefine { id: 36, style: Style { colors: Colors { foreground: Some(Color4f { r: 0.93333334, g: 0.94509804, b: 0.972549, a: 1.0 }), background: Some(Color4f { r: 0.41960785, g: 0.3254902, b: 0.0, a: 1.0 }), special: None }, reverse: false, italic: false, bold: false, strikethrough: false, blend: 0, underline: None }, name: None }
TRACE [neovide::channel_utils] neovim_handler HighlightAttributesDefine { id: 37, style: Style { colors: Colors { foreground: None, background: None, special: Some(Color4f { r: 1.0, g: 0.7529412, b: 0.7254902, a: 1.0 }) }, reverse: false, italic: false, bold: false, strikethrough: false, blend: 0, underline: Some(UnderCurl) }, name: None }
TRACE [neovide::channel_utils] neovim_handler HighlightAttributesDefine { id: 38, style: Style { colors: Colors { foreground: None, background: None, special: Some(Color4f { r: 0.9882353, g: 0.8784314, b: 0.5803922, a: 1.0 }) }, reverse: false, italic: false, bold: false, strikethrough: false, blend: 0, underline: Some(UnderCurl) }, name: None }
TRACE [neovide::channel_utils] neovim_handler HighlightAttributesDefine { id: 39, style: Style { colors: Colors { foreground: None, background: None, special: Some(Color4f { r: 0.7019608, g: 0.9647059, b: 0.7529412, a: 1.0 }) }, reverse: false, italic: false, bold: false, strikethrough: false, blend: 0, underline: Some(UnderCurl) }, name: None }
TRACE [neovide::channel_utils] neovim_handler HighlightAttributesDefine { id: 40, style: Style { colors: Colors { foreground: None, background: None, special: Some(Color4f { r: 0.54901963, g: 0.972549, b: 0.96862745, a: 1.0 }) }, reverse: false, italic: false, bold: false, strikethrough: false, blend: 0, underline: Some(UnderCurl) }, name: None }
TRACE [neovide::channel_utils] neovim_handler HighlightAttributesDefine { id: 41, style: Style { colors: Colors { foreground: Some(Color4f { r: 0.8784314, g: 0.8862745, b: 0.91764706, a: 1.0 }), background: Some(Color4f { r: 0.30980393, g: 0.32156864, b: 0.34509805, a: 1.0 }), special: None }, reverse: false, italic: false, bold: false, strikethrough: false, blend: 0, underline: None }, name: None }
TRACE [neovide::channel_utils] neovim_handler HighlightAttributesDefine { id: 42, style: Style { colors: Colors { foreground: Some(Color4f { r: 0.76862746, g: 0.7764706, b: 0.8039216, a: 1.0 }), background: Some(Color4f { r: 0.17254902, g: 0.18039216, b: 0.2, a: 1.0 }), special: None }, reverse: false, italic: false, bold: false, strikethrough: false, blend: 0, underline: None }, name: None }
TRACE [neovide::channel_utils] neovim_handler HighlightAttributesDefine { id: 43, style: Style { colors: Colors { foreground: Some(Color4f { r: 0.8784314, g: 0.8862745, b: 0.91764706, a: 1.0 }), background: None, special: None }, reverse: false, italic: false, bold: true, strikethrough: false, blend: 0, underline: None }, name: None }
TRACE [neovide::channel_utils] neovim_handler HighlightAttributesDefine { id: 44, style: Style { colors: Colors { foreground: None, background: Some(Color4f { r: 0.30980393, g: 0.32156864, b: 0.34509805, a: 1.0 }), special: None }, reverse: false, italic: false, bold: false, strikethrough: false, blend: 0, underline: None }, name: None }
TRACE [neovide::channel_utils] neovim_handler HighlightAttributesDefine { id: 45, style: Style { colors: Colors { foreground: Some(Color4f { r: 0.9882353, g: 0.8784314, b: 0.5803922, a: 1.0 }), background: None, special: None }, reverse: false, italic: false, bold: false, strikethrough: false, blend: 0, underline: None }, name: None }
TRACE [neovide::channel_utils] neovim_handler HighlightAttributesDefine { id: 46, style: Style { colors: Colors { foreground: Some(Color4f { r: 0.60784316, g: 0.61960787, b: 0.6431373, a: 1.0 }), background: Some(Color4f { r: 0.02745098, g: 0.03137255, b: 0.050980393, a: 1.0 }), special: None }, reverse: false, italic: false, bold: true, strikethrough: false, blend: 0, underline: None }, name: None }
TRACE [neovide::channel_utils] neovim_handler HighlightAttributesDefine { id: 47, style: Style { colors: Colors { foreground: Some(Color4f { r: 0.60784316, g: 0.61960787, b: 0.6431373, a: 1.0 }), background: Some(Color4f { r: 0.02745098, g: 0.03137255, b: 0.050980393, a: 1.0 }), special: None }, reverse: false, italic: false, bold: false, strikethrough: false, blend: 0, underline: None }, name: None }
TRACE [neovide::channel_utils] neovim_handler HighlightAttributesDefine { id: 48, style: Style { colors: Colors { foreground: Some(Color4f { r: 0.8784314, g: 0.8862745, b: 0.91764706, a: 1.0 }), background: None, special: None }, reverse: false, italic: false, bold: false, strikethrough: false, blend: 0, underline: None }, name: None }
TRACE [neovide::channel_utils] neovim_handler HighlightAttributesDefine { id: 49, style: Style { colors: Colors { foreground: Some(Color4f { r: 0.60784316, g: 0.61960787, b: 0.6431373, a: 1.0 }), background: None, special: None }, reverse: false, italic: false, bold: false, strikethrough: false, blend: 0, underline: None }, name: None }
TRACE [neovide::channel_utils] neovim_handler HighlightAttributesDefine { id: 50, style: Style { colors: Colors { foreground: Some(Color4f { r: 0.6509804, g: 0.85882354, b: 1.0, a: 1.0 }), background: None, special: None }, reverse: false, italic: false, bold: false, strikethrough: false, blend: 0, underline: None }, name: None }
TRACE [neovide::channel_utils] neovim_handler HighlightAttributesDefine { id: 51, style: Style { colors: Colors { foreground: Some(Color4f { r: 0.93333334, g: 0.94509804, b: 0.972549, a: 1.0 }), background: Some(Color4f { r: 0.34901962, g: 0.0, b: 0.03137255, a: 1.0 }), special: None }, reverse: false, italic: false, bold: false, strikethrough: false, blend: 0, underline: None }, name: None }
TRACE [neovide::channel_utils] neovim_handler HighlightAttributesDefine { id: 52, style: Style { colors: Colors { foreground: None, background: None, special: Some(Color4f { r: 1.0, g: 0.7529412, b: 0.7254902, a: 1.0 }) }, reverse: false, italic: false, bold: false, strikethrough: false, blend: 0, underline: Some(Underline) }, name: None }
TRACE [neovide::channel_utils] neovim_handler HighlightAttributesDefine { id: 53, style: Style { colors: Colors { foreground: None, background: None, special: Some(Color4f { r: 0.9882353, g: 0.8784314, b: 0.5803922, a: 1.0 }) }, reverse: false, italic: false, bold: false, strikethrough: false, blend: 0, underline: Some(Underline) }, name: None }
TRACE [neovide::channel_utils] neovim_handler HighlightAttributesDefine { id: 54, style: Style { colors: Colors { foreground: None, background: None, special: Some(Color4f { r: 0.54901963, g: 0.972549, b: 0.96862745, a: 1.0 }) }, reverse: false, italic: false, bold: false, strikethrough: false, blend: 0, underline: Some(Underline) }, name: None }
TRACE [neovide::channel_utils] neovim_handler HighlightAttributesDefine { id: 55, style: Style { colors: Colors { foreground: None, background: None, special: Some(Color4f { r: 0.6509804, g: 0.85882354, b: 1.0, a: 1.0 }) }, reverse: false, italic: false, bold: false, strikethrough: false, blend: 0, underline: Some(Underline) }, name: None }
TRACE [neovide::channel_utils] neovim_handler HighlightAttributesDefine { id: 56, style: Style { colors: Colors { foreground: None, background: None, special: Some(Color4f { r: 0.7019608, g: 0.9647059, b: 0.7529412, a: 1.0 }) }, reverse: false, italic: false, bold: false, strikethrough: false, blend: 0, underline: Some(Underline) }, name: None }
TRACE [neovide::channel_utils] neovim_handler HighlightAttributesDefine { id: 57, style: Style { colors: Colors { foreground: None, background: None, special: Some(Color4f { r: 1.0, g: 0.7529412, b: 0.7254902, a: 1.0 }) }, reverse: false, italic: false, bold: false, strikethrough: true, blend: 0, underline: None }, name: None }
TRACE [neovide::channel_utils] neovim_handler HighlightAttributesDefine { id: 58, style: Style { colors: Colors { foreground: Some(Color4f { r: 1.0, g: 0.0, b: 0.0, a: 1.0 }), background: Some(Color4f { r: 1.0, g: 0.0, b: 0.0, a: 1.0 }), special: None }, reverse: false, italic: false, bold: false, strikethrough: false, blend: 0, underline: None }, name: None }
TRACE [neovide::channel_utils] neovim_handler HighlightGroupSet { name: "", id: 0 }
TRACE [neovide::channel_utils] neovim_handler HighlightGroupSet { name: "SpecialKey", id: 1 }
TRACE [neovide::channel_utils] neovim_handler HighlightGroupSet { name: "EndOfBuffer", id: 1 }
TRACE [neovide::channel_utils] neovim_handler HighlightGroupSet { name: "TermCursor", id: 1 }
TRACE [neovide::channel_utils] neovim_handler HighlightGroupSet { name: "NonText", id: 1 }
TRACE [neovide::channel_utils] neovim_handler HighlightGroupSet { name: "Directory", id: 1 }
TRACE [neovide::channel_utils] neovim_handler HighlightGroupSet { name: "ErrorMsg", id: 1 }
TRACE [neovide::channel_utils] neovim_handler HighlightGroupSet { name: "IncSearch", id: 1 }
TRACE [neovide::channel_utils] neovim_handler HighlightGroupSet { name: "Search", id: 1 }
TRACE [neovide::channel_utils] neovim_handler HighlightGroupSet { name: "CurSearch", id: 1 }
TRACE [neovide::channel_utils] neovim_handler HighlightGroupSet { name: "MoreMsg", id: 1 }
TRACE [neovide::channel_utils] neovim_handler HighlightGroupSet { name: "ModeMsg", id: 1 }
TRACE [neovide::channel_utils] neovim_handler HighlightGroupSet { name: "LineNr", id: 1 }
TRACE [neovide::channel_utils] neovim_handler HighlightGroupSet { name: "LineNrAbove", id: 1 }
TRACE [neovide::channel_utils] neovim_handler HighlightGroupSet { name: "LineNrBelow", id: 1 }
TRACE [neovide::channel_utils] neovim_handler HighlightGroupSet { name: "CursorLineNr", id: 1 }
TRACE [neovide::channel_utils] neovim_handler HighlightGroupSet { name: "CursorLineSign", id: 1 }
TRACE [neovide::channel_utils] neovim_handler HighlightGroupSet { name: "CursorLineFold", id: 1 }
TRACE [neovide::channel_utils] neovim_handler HighlightGroupSet { name: "Question", id: 1 }
TRACE [neovide::channel_utils] neovim_handler HighlightGroupSet { name: "StatusLine", id: 1 }
TRACE [neovide::channel_utils] neovim_handler HighlightGroupSet { name: "StatusLineNC", id: 1 }
TRACE [neovide::channel_utils] neovim_handler HighlightGroupSet { name: "WinSeparator", id: 1 }
TRACE [neovide::channel_utils] neovim_handler HighlightGroupSet { name: "VertSplit", id: 1 }
TRACE [neovide::channel_utils] neovim_handler HighlightGroupSet { name: "Title", id: 1 }
TRACE [neovide::channel_utils] neovim_handler HighlightGroupSet { name: "Visual", id: 1 }
TRACE [neovide::channel_utils] neovim_handler HighlightGroupSet { name: "VisualNC", id: 1 }
TRACE [neovide::channel_utils] neovim_handler HighlightGroupSet { name: "WarningMsg", id: 1 }
TRACE [neovide::channel_utils] neovim_handler HighlightGroupSet { name: "WildMenu", id: 1 }
TRACE [neovide::channel_utils] neovim_handler HighlightGroupSet { name: "Folded", id: 1 }
TRACE [neovide::channel_utils] neovim_handler HighlightGroupSet { name: "FoldColumn", id: 1 }
TRACE [neovide::channel_utils] neovim_handler HighlightGroupSet { name: "DiffAdd", id: 1 }
TRACE [neovide::channel_utils] neovim_handler HighlightGroupSet { name: "DiffChange", id: 1 }
TRACE [neovide::channel_utils] neovim_handler HighlightGroupSet { name: "DiffDelete", id: 1 }
TRACE [neovide::channel_utils] neovim_handler HighlightGroupSet { name: "DiffText", id: 1 }
TRACE [neovide::channel_utils] neovim_handler HighlightGroupSet { name: "DiffTextAdd", id: 1 }
TRACE [neovide::channel_utils] neovim_handler HighlightGroupSet { name: "SignColumn", id: 1 }
TRACE [neovide::channel_utils] neovim_handler HighlightGroupSet { name: "Conceal", id: 1 }
TRACE [neovide::channel_utils] neovim_handler HighlightGroupSet { name: "SpellBad", id: 1 }
TRACE [neovide::channel_utils] neovim_handler HighlightGroupSet { name: "SpellCap", id: 1 }
TRACE [neovide::channel_utils] neovim_handler HighlightGroupSet { name: "SpellRare", id: 1 }
TRACE [neovide::channel_utils] neovim_handler HighlightGroupSet { name: "SpellLocal", id: 1 }
TRACE [neovide::channel_utils] neovim_handler HighlightGroupSet { name: "Pmenu", id: 1 }
TRACE [neovide::channel_utils] neovim_handler HighlightGroupSet { name: "PmenuSel", id: 1 }
TRACE [neovide::channel_utils] neovim_handler HighlightGroupSet { name: "PmenuMatch", id: 1 }
TRACE [neovide::channel_utils] neovim_handler HighlightGroupSet { name: "PmenuMatchSel", id: 1 }
TRACE [neovide::channel_utils] neovim_handler HighlightGroupSet { name: "PmenuKind", id: 1 }
TRACE [neovide::channel_utils] neovim_handler HighlightGroupSet { name: "PmenuKindSel", id: 1 }
TRACE [neovide::channel_utils] neovim_handler HighlightGroupSet { name: "PmenuExtra", id: 1 }
TRACE [neovide::channel_utils] neovim_handler HighlightGroupSet { name: "PmenuExtraSel", id: 1 }
TRACE [neovide::channel_utils] neovim_handler HighlightGroupSet { name: "PmenuSbar", id: 1 }
TRACE [neovide::channel_utils] neovim_handler HighlightGroupSet { name: "PmenuThumb", id: 1 }
TRACE [neovide::channel_utils] neovim_handler HighlightGroupSet { name: "PmenuBorder", id: 1 }
TRACE [neovide::channel_utils] neovim_handler HighlightGroupSet { name: "TabLine", id: 1 }
TRACE [neovide::channel_utils] neovim_handler HighlightGroupSet { name: "TabLineSel", id: 1 }
TRACE [neovide::channel_utils] neovim_handler HighlightGroupSet { name: "TabLineFill", id: 1 }
TRACE [neovide::channel_utils] neovim_handler HighlightGroupSet { name: "CursorColumn", id: 1 }
TRACE [neovide::channel_utils] neovim_handler HighlightGroupSet { name: "CursorLine", id: 1 }
TRACE [neovide::channel_utils] neovim_handler HighlightGroupSet { name: "ColorColumn", id: 1 }
TRACE [neovide::channel_utils] neovim_handler HighlightGroupSet { name: "QuickFixLine", id: 1 }
TRACE [neovide::channel_utils] neovim_handler HighlightGroupSet { name: "Whitespace", id: 1 }
TRACE [neovide::channel_utils] neovim_handler HighlightGroupSet { name: "NormalNC", id: 0 }
TRACE [neovide::channel_utils] neovim_handler HighlightGroupSet { name: "MsgSeparator", id: 1 }
TRACE [neovide::channel_utils] neovim_handler HighlightGroupSet { name: "NormalFloat", id: 1 }
TRACE [neovide::channel_utils] neovim_handler HighlightGroupSet { name: "MsgArea", id: 1 }
TRACE [neovide::channel_utils] neovim_handler HighlightGroupSet { name: "FloatBorder", id: 1 }
TRACE [neovide::channel_utils] neovim_handler HighlightGroupSet { name: "WinBar", id: 1 }
TRACE [neovide::channel_utils] neovim_handler HighlightGroupSet { name: "WinBarNC", id: 1 }
TRACE [neovide::channel_utils] neovim_handler HighlightGroupSet { name: "Cursor", id: 1 }
TRACE [neovide::channel_utils] neovim_handler HighlightGroupSet { name: "FloatTitle", id: 1 }
TRACE [neovide::channel_utils] neovim_handler HighlightGroupSet { name: "FloatFooter", id: 1 }
TRACE [neovide::channel_utils] neovim_handler HighlightGroupSet { name: "StatusLineTerm", id: 1 }
TRACE [neovide::channel_utils] neovim_handler HighlightGroupSet { name: "StatusLineTermNC", id: 1 }
TRACE [neovide::channel_utils] neovim_handler HighlightGroupSet { name: "StderrMsg", id: 1 }
TRACE [neovide::channel_utils] neovim_handler HighlightGroupSet { name: "StdoutMsg", id: 1 }
TRACE [neovide::channel_utils] neovim_handler HighlightGroupSet { name: "OkMsg", id: 1 }
TRACE [neovide::channel_utils] neovim_handler HighlightGroupSet { name: "PreInsert", id: 1 }
TRACE [neovide::channel_utils] neovim_handler OptionSet { gui_option: Unknown("ext_cmdline", Boolean(false)) }
TRACE [neovide::channel_utils] neovim_handler OptionSet { gui_option: Unknown("ext_popupmenu", Boolean(false)) }
TRACE [neovide::channel_utils] neovim_handler OptionSet { gui_option: Unknown("ext_tabline", Boolean(false)) }
TRACE [neovide::editor] Option set Unknown("ext_cmdline", Boolean(false))
TRACE [neovide::channel_utils] neovim_handler OptionSet { gui_option: Unknown("ext_wildmenu", Boolean(false)) }
TRACE [neovide::editor] Option set Unknown("ext_popupmenu", Boolean(false))
TRACE [neovide::channel_utils] neovim_handler OptionSet { gui_option: Unknown("ext_messages", Boolean(false)) }
TRACE [neovide::editor] Option set Unknown("ext_tabline", Boolean(false))
TRACE [neovide::channel_utils] neovim_handler Resize { grid: 1, width: 52, height: 14 }
TRACE [neovide::editor] Option set Unknown("ext_wildmenu", Boolean(false))
TRACE [neovide::editor] Option set Unknown("ext_messages", Boolean(false))
TRACE [neovide::bridge::handler] Neovim notification: "redraw"
TRACE [neovide::channel_utils] neovim_handler WindowViewportMargins { grid: 2, top: 0, bottom: 0, left: 0, right: 0 }
TRACE [neovide::channel_utils] neovim_handler WindowViewportMargins { grid: 2, top: 0, bottom: 0, left: 0, right: 0 }
TRACE [neovide::channel_utils] neovim_handler Clear { grid: 1 }
TRACE [neovide::channel_utils] neovim_handler MessageSetPosition { grid: 0, row: 13, scrolled: false, separator_character: " ", z_index: Some(0), comp_index: Some(0) }
TRACE [neovide::channel_utils] neovim_handler OptionSet { gui_option: Unknown("ext_cmdline", Boolean(true)) }
TRACE [neovide::channel_utils] neovim_handler OptionSet { gui_option: Unknown("ext_popupmenu", Boolean(false)) }
TRACE [neovide::channel_utils] neovim_handler OptionSet { gui_option: Unknown("ext_tabline", Boolean(false)) }
TRACE [neovide::channel_utils] neovim_handler OptionSet { gui_option: Unknown("ext_wildmenu", Boolean(false)) }
TRACE [neovide::channel_utils] neovim_handler OptionSet { gui_option: Unknown("ext_messages", Boolean(true)) }
TRACE [neovide::channel_utils] neovim_handler Resize { grid: 1, width: 52, height: 14 }
TRACE [neovide::channel_utils] neovim_handler Clear { grid: 1 }
TRACE [neovide::channel_utils] neovim_handler CursorGoto { grid: 1, row: 0, column: 0 }
TRACE [neovide::editor] Option set Unknown("ext_cmdline", Boolean(true))
TRACE [neovide::editor] Option set Unknown("ext_popupmenu", Boolean(false))
TRACE [neovide::editor] Option set Unknown("ext_tabline", Boolean(false))
TRACE [neovide::editor] Option set Unknown("ext_wildmenu", Boolean(false))
TRACE [neovide::editor] Option set Unknown("ext_messages", Boolean(true))
TRACE [neovide::channel_utils] neovim_handler ModeInfoSet { cursor_modes: [CursorMode { shape: Some(Block), style_id: Some(0), cell_percentage: Some(0.0), blinkwait: Some(700), blinkon: Some(400), blinkoff: Some(250) }, CursorMode { shape: Some(Block), style_id: Some(0), cell_percentage: Some(0.0), blinkwait: Some(700), blinkon: Some(400), blinkoff: Some(250) }, CursorMode { shape: Some(Block), style_id: Some(0), cell_percentage: Some(0.0), blinkwait: Some(700), blinkon: Some(400), blinkoff: Some(250) }, CursorMode { shape: Some(Block), style_id: Some(0), cell_percentage: Some(0.0), blinkwait: Some(700), blinkon: Some(400), blinkoff: Some(250) }, CursorMode { shape: Some(Block), style_id: Some(0), cell_percentage: Some(0.0), blinkwait: Some(700), blinkon: Some(400), blinkoff: Some(250) }, CursorMode { shape: Some(Block), style_id: Some(0), cell_percentage: Some(0.0), blinkwait: Some(700), blinkon: Some(400), blinkoff: Some(250) }, CursorMode { shape: Some(Block), style_id: Some(0), cell_percentage: Some(0.0), blinkwait: Some(700), blinkon: Some(400), blinkoff: Some(250) }, CursorMode { shape: Some(Block), style_id: Some(0), cell_percentage: Some(0.0), blinkwait: Some(700), blinkon: Some(400), blinkoff: Some(250) }, CursorMode { shape: Some(Block), style_id: Some(0), cell_percentage: Some(0.0), blinkwait: Some(700), blinkon: Some(400), blinkoff: Some(250) }, CursorMode { shape: None, style_id: None, cell_percentage: None, blinkwait: None, blinkon: None, blinkoff: None }, CursorMode { shape: None, style_id: None, cell_percentage: None, blinkwait: None, blinkon: None, blinkoff: None }, CursorMode { shape: None, style_id: None, cell_percentage: None, blinkwait: None, blinkon: None, blinkoff: None }, CursorMode { shape: None, style_id: None, cell_percentage: None, blinkwait: None, blinkon: None, blinkoff: None }, CursorMode { shape: None, style_id: None, cell_percentage: None, blinkwait: None, blinkon: None, blinkoff: None }, CursorMode { shape: None, style_id: None, cell_percentage: None, blinkwait: None, blinkon: None, blinkoff: None }, CursorMode { shape: None, style_id: None, cell_percentage: None, blinkwait: None, blinkon: None, blinkoff: None }, CursorMode { shape: Some(Block), style_id: Some(0), cell_percentage: Some(0.0), blinkwait: Some(100), blinkon: Some(100), blinkoff: Some(100) }, CursorMode { shape: Some(Block), style_id: Some(0), cell_percentage: Some(0.0), blinkwait: Some(0), blinkon: Some(0), blinkoff: Some(0) }] }
TRACE [neovide::channel_utils] neovim_handler MouseOn
TRACE [neovide::channel_utils] neovim_handler Flush
TRACE [neovide::bridge::handler] Neovim notification: "setting_changed"
TRACE [neovide::editor] Image flushed
TRACE [neovide::editor] send_batch
TRACE [neovide::bridge::handler] Neovim notification: "setting_changed"
TRACE [neovide::bridge::handler] Neovim notification: "setting_changed"
TRACE [neovide::bridge::handler] Neovim notification: "setting_changed"
DEBUG [neovide::renderer::fonts::caching_shaper] Updating linespace: 0
TRACE [neovide::bridge::handler] Neovim notification: "setting_changed"
DEBUG [neovide::renderer::fonts::caching_shaper] Linespace updated to: 0
TRACE [neovide::bridge::handler] Neovim notification: "setting_changed"
TRACE [neovide::bridge::handler] Neovim notification: "setting_changed"
TRACE [neovide::bridge::handler] Neovim notification: "setting_changed"
TRACE [neovide::bridge::handler] Neovim notification: "setting_changed"
TRACE [neovide::bridge::handler] Neovim notification: "setting_changed"
TRACE [neovide::bridge::handler] Neovim notification: "setting_changed"
TRACE [neovide::bridge::handler] Neovim notification: "setting_changed"
TRACE [neovide::bridge::handler] Neovim notification: "redraw"
TRACE [neovide::channel_utils] neovim_handler WindowViewportMargins { grid: 2, top: 0, bottom: 0, left: 0, right: 0 }
TRACE [neovide::channel_utils] neovim_handler WindowViewportMargins { grid: 2, top: 0, bottom: 0, left: 0, right: 0 }
TRACE [neovide::channel_utils] neovim_handler HighlightGroupSet { name: "SpecialKey", id: 16 }
TRACE [neovide::channel_utils] neovim_handler HighlightGroupSet { name: "EndOfBuffer", id: 18 }
TRACE [neovide::channel_utils] neovim_handler HighlightGroupSet { name: "TermCursor", id: 4 }
TRACE [neovide::channel_utils] neovim_handler HighlightGroupSet { name: "NonText", id: 18 }
TRACE [neovide::channel_utils] neovim_handler HighlightGroupSet { name: "Directory", id: 16 }
TRACE [neovide::channel_utils] neovim_handler HighlightGroupSet { name: "ErrorMsg", id: 25 }
TRACE [neovide::channel_utils] neovim_handler HighlightGroupSet { name: "IncSearch", id: 19 }
TRACE [neovide::channel_utils] neovim_handler HighlightGroupSet { name: "Search", id: 36 }
TRACE [neovide::channel_utils] neovim_handler HighlightGroupSet { name: "CurSearch", id: 19 }
TRACE [neovide::channel_utils] neovim_handler HighlightGroupSet { name: "MoreMsg", id: 16 }
TRACE [neovide::channel_utils] neovim_handler HighlightGroupSet { name: "ModeMsg", id: 15 }
TRACE [neovide::channel_utils] neovim_handler HighlightGroupSet { name: "LineNr", id: 18 }
TRACE [neovide::channel_utils] neovim_handler HighlightGroupSet { name: "LineNrAbove", id: 18 }
TRACE [neovide::channel_utils] neovim_handler HighlightGroupSet { name: "LineNrBelow", id: 18 }
TRACE [neovide::channel_utils] neovim_handler HighlightGroupSet { name: "CursorLineNr", id: 2 }
TRACE [neovide::channel_utils] neovim_handler HighlightGroupSet { name: "CursorLineSign", id: 18 }
TRACE [neovide::channel_utils] neovim_handler HighlightGroupSet { name: "CursorLineFold", id: 18 }
TRACE [neovide::channel_utils] neovim_handler HighlightGroupSet { name: "Question", id: 16 }
TRACE [neovide::channel_utils] neovim_handler HighlightGroupSet { name: "StatusLine", id: 41 }
TRACE [neovide::channel_utils] neovim_handler HighlightGroupSet { name: "StatusLineNC", id: 42 }
TRACE [neovide::channel_utils] neovim_handler HighlightGroupSet { name: "WinSeparator", id: 12 }
TRACE [neovide::channel_utils] neovim_handler HighlightGroupSet { name: "VertSplit", id: 12 }
TRACE [neovide::channel_utils] neovim_handler HighlightGroupSet { name: "Title", id: 43 }
TRACE [neovide::channel_utils] neovim_handler HighlightGroupSet { name: "Visual", id: 44 }
TRACE [neovide::channel_utils] neovim_handler HighlightGroupSet { name: "WarningMsg", id: 45 }
TRACE [neovide::channel_utils] neovim_handler HighlightGroupSet { name: "WildMenu", id: 3 }
TRACE [neovide::channel_utils] neovim_handler HighlightGroupSet { name: "Folded", id: 28 }
TRACE [neovide::channel_utils] neovim_handler HighlightGroupSet { name: "FoldColumn", id: 18 }
TRACE [neovide::channel_utils] neovim_handler HighlightGroupSet { name: "DiffAdd", id: 21 }
TRACE [neovide::channel_utils] neovim_handler HighlightGroupSet { name: "DiffChange", id: 22 }
TRACE [neovide::channel_utils] neovim_handler HighlightGroupSet { name: "DiffDelete", id: 23 }
TRACE [neovide::channel_utils] neovim_handler HighlightGroupSet { name: "DiffText", id: 24 }
TRACE [neovide::channel_utils] neovim_handler HighlightGroupSet { name: "DiffTextAdd", id: 24 }
TRACE [neovide::channel_utils] neovim_handler HighlightGroupSet { name: "SignColumn", id: 18 }
TRACE [neovide::channel_utils] neovim_handler HighlightGroupSet { name: "Conceal", id: 18 }
TRACE [neovide::channel_utils] neovim_handler HighlightGroupSet { name: "SpellBad", id: 37 }
TRACE [neovide::channel_utils] neovim_handler HighlightGroupSet { name: "SpellCap", id: 38 }
TRACE [neovide::channel_utils] neovim_handler HighlightGroupSet { name: "SpellRare", id: 40 }
TRACE [neovide::channel_utils] neovim_handler HighlightGroupSet { name: "SpellLocal", id: 39 }
TRACE [neovide::channel_utils] neovim_handler HighlightGroupSet { name: "Pmenu", id: 31 }
TRACE [neovide::channel_utils] neovim_handler HighlightGroupSet { name: "PmenuSel", id: 3 }
TRACE [neovide::channel_utils] neovim_handler HighlightGroupSet { name: "PmenuMatch", id: 2 }
TRACE [neovide::channel_utils] neovim_handler HighlightGroupSet { name: "PmenuMatchSel", id: 2 }
TRACE [neovide::channel_utils] neovim_handler HighlightGroupSet { name: "PmenuKind", id: 31 }
TRACE [neovide::channel_utils] neovim_handler HighlightGroupSet { name: "PmenuKindSel", id: 3 }
TRACE [neovide::channel_utils] neovim_handler HighlightGroupSet { name: "PmenuExtra", id: 31 }
TRACE [neovide::channel_utils] neovim_handler HighlightGroupSet { name: "PmenuExtraSel", id: 3 }
TRACE [neovide::channel_utils] neovim_handler HighlightGroupSet { name: "PmenuSbar", id: 31 }
TRACE [neovide::channel_utils] neovim_handler HighlightGroupSet { name: "PmenuThumb", id: 32 }
TRACE [neovide::channel_utils] neovim_handler HighlightGroupSet { name: "PmenuBorder", id: 31 }
TRACE [neovide::channel_utils] neovim_handler HighlightGroupSet { name: "TabLine", id: 42 }
TRACE [neovide::channel_utils] neovim_handler HighlightGroupSet { name: "TabLineSel", id: 5 }
TRACE [neovide::channel_utils] neovim_handler HighlightGroupSet { name: "TabLineFill", id: 42 }
TRACE [neovide::channel_utils] neovim_handler HighlightGroupSet { name: "CursorColumn", id: 20 }
TRACE [neovide::channel_utils] neovim_handler HighlightGroupSet { name: "CursorLine", id: 20 }
TRACE [neovide::channel_utils] neovim_handler HighlightGroupSet { name: "ColorColumn", id: 17 }
TRACE [neovide::channel_utils] neovim_handler HighlightGroupSet { name: "QuickFixLine", id: 16 }
TRACE [neovide::channel_utils] neovim_handler HighlightGroupSet { name: "Whitespace", id: 18 }
TRACE [neovide::channel_utils] neovim_handler HighlightGroupSet { name: "MsgSeparator", id: 41 }
TRACE [neovide::channel_utils] neovim_handler HighlightGroupSet { name: "NormalFloat", id: 30 }
TRACE [neovide::channel_utils] neovim_handler HighlightGroupSet { name: "FloatBorder", id: 30 }
TRACE [neovide::channel_utils] neovim_handler HighlightGroupSet { name: "WinBar", id: 46 }
TRACE [neovide::channel_utils] neovim_handler HighlightGroupSet { name: "WinBarNC", id: 47 }
TRACE [neovide::channel_utils] neovim_handler HighlightGroupSet { name: "Cursor", id: 11 }
TRACE [neovide::channel_utils] neovim_handler HighlightGroupSet { name: "FloatTitle", id: 43 }
TRACE [neovide::channel_utils] neovim_handler HighlightGroupSet { name: "FloatFooter", id: 43 }
TRACE [neovide::channel_utils] neovim_handler HighlightGroupSet { name: "StatusLineTerm", id: 41 }
TRACE [neovide::channel_utils] neovim_handler HighlightGroupSet { name: "StatusLineTermNC", id: 42 }
TRACE [neovide::channel_utils] neovim_handler HighlightGroupSet { name: "StderrMsg", id: 25 }
TRACE [neovide::channel_utils] neovim_handler HighlightGroupSet { name: "OkMsg", id: 15 }
TRACE [neovide::channel_utils] neovim_handler HighlightGroupSet { name: "PreInsert", id: 15 }
DEBUG [neovide::bridge::events] Ignored style attribute: "nocombine"
TRACE [neovide::channel_utils] neovim_handler HighlightAttributesDefine { id: 59, style: Style { colors: Colors { foreground: None, background: None, special: None }, reverse: false, italic: false, bold: false, strikethrough: false, blend: 0, underline: None }, name: None }
TRACE [neovide::channel_utils] neovim_handler HighlightAttributesDefine { id: 60, style: Style { colors: Colors { foreground: None, background: None, special: None }, reverse: false, italic: false, bold: false, strikethrough: false, blend: 100, underline: None }, name: None }
TRACE [neovide::channel_utils] neovim_handler HighlightAttributesDefine { id: 61, style: Style { colors: Colors { foreground: None, background: None, special: Some(Color4f { r: 0.9882353, g: 0.8784314, b: 0.5803922, a: 1.0 }) }, reverse: false, italic: false, bold: false, strikethrough: false, blend: 0, underline: Some(UnderDouble) }, name: None }
TRACE [neovide::channel_utils] neovim_handler HighlightAttributesDefine { id: 62, style: Style { colors: Colors { foreground: None, background: None, special: Some(Color4f { r: 1.0, g: 0.7529412, b: 0.7254902, a: 1.0 }) }, reverse: false, italic: false, bold: false, strikethrough: false, blend: 0, underline: Some(UnderDouble) }, name: None }
TRACE [neovide::channel_utils] neovim_handler HighlightAttributesDefine { id: 63, style: Style { colors: Colors { foreground: None, background: None, special: Some(Color4f { r: 0.7019608, g: 0.9647059, b: 0.7529412, a: 1.0 }) }, reverse: false, italic: false, bold: false, strikethrough: false, blend: 0, underline: Some(UnderDouble) }, name: None }
TRACE [neovide::channel_utils] neovim_handler HighlightAttributesDefine { id: 64, style: Style { colors: Colors { foreground: None, background: None, special: Some(Color4f { r: 0.6509804, g: 0.85882354, b: 1.0, a: 1.0 }) }, reverse: false, italic: false, bold: false, strikethrough: false, blend: 0, underline: Some(UnderDouble) }, name: None }
TRACE [neovide::channel_utils] neovim_handler HighlightAttributesDefine { id: 65, style: Style { colors: Colors { foreground: None, background: None, special: Some(Color4f { r: 0.54901963, g: 0.972549, b: 0.96862745, a: 1.0 }) }, reverse: false, italic: false, bold: false, strikethrough: false, blend: 0, underline: Some(UnderDouble) }, name: None }
TRACE [neovide::channel_utils] neovim_handler OptionSet { gui_option: TermGuiColors(true) }
TRACE [neovide::editor] Option set TermGuiColors(true)
DEBUG [neovide::bridge::events] Ignored style attribute: "nocombine"
DEBUG [neovide::bridge::events] Ignored style attribute: "nocombine"
DEBUG [neovide::bridge::events] Ignored style attribute: "nocombine"
DEBUG [neovide::bridge::events] Ignored style attribute: "nocombine"
TRACE [neovide::channel_utils] neovim_handler HighlightAttributesDefine { id: 66, style: Style { colors: Colors { foreground: Some(Color4f { r: 0.5372549, g: 0.57254905, b: 0.654902, a: 1.0 }), background: None, special: None }, reverse: false, italic: false, bold: false, strikethrough: false, blend: 0, underline: None }, name: None }
TRACE [neovide::channel_utils] neovim_handler HighlightAttributesDefine { id: 67, style: Style { colors: Colors { foreground: Some(Color4f { r: 0.76862746, g: 0.45490196, b: 0.43137255, a: 1.0 }), background: None, special: None }, reverse: false, italic: false, bold: false, strikethrough: false, blend: 0, underline: None }, name: None }
TRACE [neovide::channel_utils] neovim_handler HighlightAttributesDefine { id: 68, style: Style { colors: Colors { foreground: Some(Color4f { r: 0.76862746, g: 0.69803923, b: 0.5411765, a: 1.0 }), background: None, special: None }, reverse: false, italic: false, bold: false, strikethrough: false, blend: 0, underline: None }, name: None }
TRACE [neovide::channel_utils] neovim_handler HighlightAttributesDefine { id: 69, style: Style { colors: Colors { foreground: Some(Color4f { r: 0.5803922, g: 0.62352943, b: 0.70980394, a: 1.0 }), background: None, special: None }, reverse: false, italic: false, bold: false, strikethrough: false, blend: 0, underline: None }, name: None }
TRACE [neovide::channel_utils] neovim_handler HighlightAttributesDefine { id: 70, style: Style { colors: Colors { foreground: None, background: None, special: None }, reverse: false, italic: false, bold: false, strikethrough: false, blend: 0, underline: None }, name: None }
TRACE [neovide::channel_utils] neovim_handler HighlightAttributesDefine { id: 71, style: Style { colors: Colors { foreground: Some(Color4f { r: 0.7137255, g: 0.57254905, b: 0.48235294, a: 1.0 }), background: None, special: None }, reverse: false, italic: false, bold: true, strikethrough: false, blend: 0, underline: None }, name: None }
TRACE [neovide::channel_utils] neovim_handler HighlightAttributesDefine { id: 72, style: Style { colors: Colors { foreground: Some(Color4f { r: 0.41568628, g: 0.58431375, b: 0.5372549, a: 1.0 }), background: Some(Color4f { r: 0.07058824, g: 0.07058824, b: 0.05882353, a: 1.0 }), special: None }, reverse: false, italic: false, bold: false, strikethrough: false, blend: 0, underline: None }, name: None }
TRACE [neovide::channel_utils] neovim_handler HighlightAttributesDefine { id: 73, style: Style { colors: Colors { foreground: Some(Color4f { r: 0.5803922, g: 0.62352943, b: 0.70980394, a: 1.0 }), background: None, special: None }, reverse: false, italic: false, bold: true, strikethrough: false, blend: 0, underline: None }, name: None }
TRACE [neovide::channel_utils] neovim_handler HighlightAttributesDefine { id: 74, style: Style { colors: Colors { foreground: Some(Color4f { r: 0.44313726, g: 0.4862745, b: 0.4862745, a: 1.0 }), background: None, special: None }, reverse: false, italic: false, bold: false, strikethrough: false, blend: 0, underline: None }, name: None }
TRACE [neovide::channel_utils] neovim_handler HighlightAttributesDefine { id: 75, style: Style { colors: Colors { foreground: Some(Color4f { r: 1.0, g: 0.61960787, b: 0.23137255, a: 1.0 }), background: None, special: None }, reverse: false, italic: false, bold: false, strikethrough: false, blend: 0, underline: None }, name: None }
TRACE [neovide::channel_utils] neovim_handler HighlightAttributesDefine { id: 76, style: Style { colors: Colors { foreground: Some(Color4f { r: 0.59607846, g: 0.73333335, b: 0.42352942, a: 1.0 }), background: None, special: None }, reverse: false, italic: false, bold: false, strikethrough: false, blend: 0, underline: None }, name: None }
TRACE [neovide::channel_utils] neovim_handler HighlightAttributesDefine { id: 77, style: Style { colors: Colors { foreground: Some(Color4f { r: 0.39607844, g: 0.52156866, b: 0.5803922, a: 1.0 }), background: None, special: None }, reverse: false, italic: false, bold: false, strikethrough: false, blend: 0, underline: None }, name: None }
TRACE [neovide::channel_utils] neovim_handler HighlightAttributesDefine { id: 78, style: Style { colors: Colors { foreground: Some(Color4f { r: 0.78431374, g: 0.7529412, b: 0.5764706, a: 1.0 }), background: Some(Color4f { r: 0.15686275, g: 0.15294118, b: 0.15294118, a: 1.0 }), special: None }, reverse: false, italic: false, bold: false, strikethrough: false, blend: 0, underline: None }, name: None }
TRACE [neovide::channel_utils] neovim_handler HighlightAttributesDefine { id: 79, style: Style { colors: Colors { foreground: Some(Color4f { r: 0.78431374, g: 0.7529412, b: 0.5764706, a: 1.0 }), background: Some(Color4f { r: 0.07058824, g: 0.07058824, b: 0.05882353, a: 1.0 }), special: None }, reverse: false, italic: false, bold: false, strikethrough: false, blend: 0, underline: None }, name: None }
TRACE [neovide::channel_utils] neovim_handler HighlightAttributesDefine { id: 80, style: Style { colors: Colors { foreground: Some(Color4f { r: 0.09411765, g: 0.08627451, b: 0.08627451, a: 1.0 }), background: Some(Color4f { r: 0.76862746, g: 0.45490196, b: 0.43137255, a: 1.0 }), special: None }, reverse: false, italic: false, bold: true, strikethrough: false, blend: 0, underline: None }, name: None }
TRACE [neovide::channel_utils] neovim_handler HighlightAttributesDefine { id: 81, style: Style { colors: Colors { foreground: Some(Color4f { r: 0.09411765, g: 0.08627451, b: 0.08627451, a: 1.0 }), background: Some(Color4f { r: 0.59607846, g: 0.73333335, b: 0.42352942, a: 1.0 }), special: None }, reverse: false, italic: false, bold: true, strikethrough: false, blend: 0, underline: None }, name: None }
TRACE [neovide::channel_utils] neovim_handler HighlightAttributesDefine { id: 82, style: Style { colors: Colors { foreground: Some(Color4f { r: 0.050980393, g: 0.047058824, b: 0.047058824, a: 1.0 }), background: Some(Color4f { r: 0.54509807, g: 0.6431373, b: 0.6901961, a: 1.0 }), special: None }, reverse: false, italic: false, bold: true, strikethrough: false, blend: 0, underline: None }, name: None }
TRACE [neovide::channel_utils] neovim_handler HighlightAttributesDefine { id: 83, style: Style { colors: Colors { foreground: Some(Color4f { r: 0.09411765, g: 0.08627451, b: 0.08627451, a: 1.0 }), background: Some(Color4f { r: 0.5568628, g: 0.6431373, b: 0.63529414, a: 1.0 }), special: None }, reverse: false, italic: false, bold: true, strikethrough: false, blend: 0, underline: None }, name: None }
TRACE [neovide::channel_utils] neovim_handler HighlightAttributesDefine { id: 84, style: Style { colors: Colors { foreground: Some(Color4f { r: 0.32941177, g: 0.32941177, b: 0.42745098, a: 1.0 }), background: Some(Color4f { r: 0.050980393, g: 0.047058824, b: 0.047058824, a: 1.0 }), special: None }, reverse: false, italic: false, bold: false, strikethrough: false, blend: 0, underline: None }, name: None }
TRACE [neovide::channel_utils] neovim_handler HighlightAttributesDefine { id: 85, style: Style { colors: Colors { foreground: None, background: Some(Color4f { r: 0.22352941, g: 0.21960784, b: 0.21176471, a: 1.0 }), special: None }, reverse: false, italic: false, bold: false, strikethrough: false, blend: 0, underline: None }, name: None }
TRACE [neovide::channel_utils] neovim_handler HighlightAttributesDefine { id: 86, style: Style { colors: Colors { foreground: Some(Color4f { r: 0.54509807, g: 0.6431373, b: 0.6901961, a: 1.0 }), background: None, special: None }, reverse: false, italic: false, bold: false, strikethrough: false, blend: 0, underline: None }, name: None }
TRACE [neovide::channel_utils] neovim_handler HighlightAttributesDefine { id: 87, style: Style { colors: Colors { foreground: Some(Color4f { r: 0.050980393, g: 0.047058824, b: 0.047058824, a: 1.0 }), background: Some(Color4f { r: 0.47843137, g: 0.5137255, b: 0.50980395, a: 1.0 }), special: None }, reverse: false, italic: false, bold: true, strikethrough: false, blend: 0, underline: None }, name: None }
TRACE [neovide::channel_utils] neovim_handler HighlightAttributesDefine { id: 88, style: Style { colors: Colors { foreground: Some(Color4f { r: 0.77254903, g: 0.7882353, b: 0.77254903, a: 1.0 }), background: Some(Color4f { r: 0.1764706, g: 0.30980393, b: 0.40392157, a: 1.0 }), special: None }, reverse: false, italic: false, bold: true, strikethrough: false, blend: 0, underline: None }, name: None }
TRACE [neovide::channel_utils] neovim_handler HighlightAttributesDefine { id: 89, style: Style { colors: Colors { foreground: Some(Color4f { r: 0.47843137, g: 0.5137255, b: 0.50980395, a: 1.0 }), background: Some(Color4f { r: 0.050980393, g: 0.047058824, b: 0.047058824, a: 1.0 }), special: None }, reverse: false, italic: false, bold: true, strikethrough: false, blend: 0, underline: None }, name: None }
TRACE [neovide::channel_utils] neovim_handler HighlightAttributesDefine { id: 90, style: Style { colors: Colors { foreground: Some(Color4f { r: 0.9098039, g: 0.14117648, b: 0.14117648, a: 1.0 }), background: None, special: None }, reverse: false, italic: false, bold: true, strikethrough: false, blend: 0, underline: None }, name: None }
TRACE [neovide::channel_utils] neovim_handler HighlightAttributesDefine { id: 91, style: Style { colors: Colors { foreground: Some(Color4f { r: 0.59607846, g: 0.73333335, b: 0.42352942, a: 1.0 }), background: None, special: None }, reverse: false, italic: false, bold: true, strikethrough: false, blend: 0, underline: None }, name: None }
TRACE [neovide::channel_utils] neovim_handler HighlightAttributesDefine { id: 92, style: Style { colors: Colors { foreground: None, background: Some(Color4f { r: 0.7647059, g: 0.2509804, b: 0.2627451, a: 1.0 }), special: None }, reverse: false, italic: false, bold: false, strikethrough: false, blend: 0, underline: None }, name: None }
TRACE [neovide::channel_utils] neovim_handler HighlightAttributesDefine { id: 93, style: Style { colors: Colors { foreground: Some(Color4f { r: 0.61960787, g: 0.60784316, b: 0.5764706, a: 1.0 }), background: None, special: None }, reverse: false, italic: false, bold: true, strikethrough: false, blend: 0, underline: None }, name: None }
TRACE [neovide::channel_utils] neovim_handler HighlightAttributesDefine { id: 94, style: Style { colors: Colors { foreground: Some(Color4f { r: 0.9098039, g: 0.14117648, b: 0.14117648, a: 1.0 }), background: None, special: None }, reverse: false, italic: false, bold: false, strikethrough: false, blend: 0, underline: None }, name: None }
TRACE [neovide::channel_utils] neovim_handler HighlightAttributesDefine { id: 95, style: Style { colors: Colors { foreground: None, background: None, special: None }, reverse: false, italic: false, bold: true, strikethrough: false, blend: 0, underline: Some(Underline) }, name: None }
TRACE [neovide::channel_utils] neovim_handler HighlightAttributesDefine { id: 96, style: Style { colors: Colors { foreground: Some(Color4f { r: 0.47843137, g: 0.5137255, b: 0.50980395, a: 1.0 }), background: None, special: None }, reverse: false, italic: false, bold: true, strikethrough: false, blend: 0, underline: None }, name: None }
TRACE [neovide::channel_utils] neovim_handler HighlightAttributesDefine { id: 97, style: Style { colors: Colors { foreground: Some(Color4f { r: 1.0, g: 0.61960787, b: 0.23137255, a: 1.0 }), background: None, special: None }, reverse: false, italic: true, bold: false, strikethrough: false, blend: 0, underline: None }, name: None }
TRACE [neovide::channel_utils] neovim_handler HighlightAttributesDefine { id: 98, style: Style { colors: Colors { foreground: Some(Color4f { r: 0.8627451, g: 0.64705884, b: 0.38039216, a: 1.0 }), background: None, special: None }, reverse: false, italic: false, bold: false, strikethrough: false, blend: 0, underline: None }, name: None }
TRACE [neovide::channel_utils] neovim_handler HighlightAttributesDefine { id: 99, style: Style { colors: Colors { foreground: Some(Color4f { r: 0.41568628, g: 0.58431375, b: 0.5372549, a: 1.0 }), background: None, special: None }, reverse: false, italic: false, bold: false, strikethrough: false, blend: 0, underline: None }, name: None }
TRACE [neovide::channel_utils] neovim_handler HighlightAttributesDefine { id: 100, style: Style { colors: Colors { foreground: Some(Color4f { r: 0.78431374, g: 0.7529412, b: 0.5764706, a: 1.0 }), background: None, special: None }, reverse: false, italic: false, bold: false, strikethrough: false, blend: 0, underline: None }, name: None }
TRACE [neovide::channel_utils] neovim_handler HighlightAttributesDefine { id: 101, style: Style { colors: Colors { foreground: Some(Color4f { r: 0.13333334, g: 0.19607843, b: 0.28627452, a: 1.0 }), background: Some(Color4f { r: 1.0, g: 0.61960787, b: 0.23137255, a: 1.0 }), special: None }, reverse: false, italic: false, bold: false, strikethrough: false, blend: 0, underline: None }, name: None }
TRACE [neovide::channel_utils] neovim_handler HighlightAttributesDefine { id: 102, style: Style { colors: Colors { foreground: Some(Color4f { r: 0.4509804, g: 0.4862745, b: 0.4509804, a: 1.0 }), background: None, special: None }, reverse: false, italic: true, bold: false, strikethrough: false, blend: 0, underline: None }, name: None }
TRACE [neovide::channel_utils] neovim_handler HighlightAttributesDefine { id: 103, style: Style { colors: Colors { foreground: None, background: None, special: Some(Color4f { r: 0.39607844, g: 0.52156866, b: 0.5803922, a: 1.0 }) }, reverse: false, italic: false, bold: false, strikethrough: false, blend: 0, underline: Some(UnderCurl) }, name: None }
TRACE [neovide::channel_utils] neovim_handler HighlightAttributesDefine { id: 104, style: Style { colors: Colors { foreground: Some(Color4f { r: 0.78431374, g: 0.7529412, b: 0.5764706, a: 1.0 }), background: Some(Color4f { r: 0.050980393, g: 0.047058824, b: 0.047058824, a: 1.0 }), special: None }, reverse: false, italic: false, bold: false, strikethrough: false, blend: 0, underline: None }, name: None }
TRACE [neovide::channel_utils] neovim_handler HighlightAttributesDefine { id: 105, style: Style { colors: Colors { foreground: Some(Color4f { r: 0.77254903, g: 0.7882353, b: 0.77254903, a: 1.0 }), background: Some(Color4f { r: 0.050980393, g: 0.047058824, b: 0.047058824, a: 1.0 }), special: None }, reverse: false, italic: false, bold: true, strikethrough: false, blend: 0, underline: None }, name: None }
TRACE [neovide::channel_utils] neovim_handler HighlightAttributesDefine { id: 106, style: Style { colors: Colors { foreground: Some(Color4f { r: 0.4627451, g: 0.5803922, b: 0.41568628, a: 1.0 }), background: None, special: None }, reverse: false, italic: false, bold: false, strikethrough: false, blend: 0, underline: None }, name: None }
TRACE [neovide::channel_utils] neovim_handler HighlightAttributesDefine { id: 107, style: Style { colors: Colors { foreground: Some(Color4f { r: 0.7647059, g: 0.2509804, b: 0.2627451, a: 1.0 }), background: None, special: None }, reverse: false, italic: false, bold: false, strikethrough: false, blend: 0, underline: None }, name: None }
TRACE [neovide::channel_utils] neovim_handler HighlightAttributesDefine { id: 108, style: Style { colors: Colors { foreground: Some(Color4f { r: 0.61960787, g: 0.60784316, b: 0.5764706, a: 1.0 }), background: None, special: None }, reverse: false, italic: false, bold: false, strikethrough: false, blend: 0, underline: None }, name: None }
TRACE [neovide::channel_utils] neovim_handler HighlightAttributesDefine { id: 109, style: Style { colors: Colors { foreground: Some(Color4f { r: 0.9098039, g: 0.14117648, b: 0.14117648, a: 1.0 }), background: Some(Color4f { r: 0.15686275, g: 0.15294118, b: 0.15294118, a: 1.0 }), special: None }, reverse: false, italic: false, bold: false, strikethrough: false, blend: 0, underline: None }, name: None }
TRACE [neovide::channel_utils] neovim_handler HighlightAttributesDefine { id: 110, style: Style { colors: Colors { foreground: Some(Color4f { r: 0.39607844, g: 0.52156866, b: 0.5803922, a: 1.0 }), background: Some(Color4f { r: 0.15686275, g: 0.15294118, b: 0.15294118, a: 1.0 }), special: None }, reverse: false, italic: false, bold: false, strikethrough: false, blend: 0, underline: None }, name: None }
TRACE [neovide::channel_utils] neovim_handler HighlightAttributesDefine { id: 111, style: Style { colors: Colors { foreground: Some(Color4f { r: 0.4627451, g: 0.5803922, b: 0.41568628, a: 1.0 }), background: Some(Color4f { r: 0.15686275, g: 0.15294118, b: 0.15294118, a: 1.0 }), special: None }, reverse: false, italic: false, bold: false, strikethrough: false, blend: 0, underline: None }, name: None }
TRACE [neovide::channel_utils] neovim_handler HighlightAttributesDefine { id: 112, style: Style { colors: Colors { foreground: Some(Color4f { r: 0.8627451, g: 0.64705884, b: 0.38039216, a: 1.0 }), background: Some(Color4f { r: 0.15686275, g: 0.15294118, b: 0.15294118, a: 1.0 }), special: None }, reverse: false, italic: false, bold: false, strikethrough: false, blend: 0, underline: None }, name: None }
TRACE [neovide::channel_utils] neovim_handler HighlightAttributesDefine { id: 113, style: Style { colors: Colors { foreground: Some(Color4f { r: 0.7647059, g: 0.2509804, b: 0.2627451, a: 1.0 }), background: Some(Color4f { r: 0.15686275, g: 0.15294118, b: 0.15294118, a: 1.0 }), special: None }, reverse: false, italic: false, bold: false, strikethrough: false, blend: 0, underline: None }, name: None }
TRACE [neovide::channel_utils] neovim_handler HighlightAttributesDefine { id: 114, style: Style { colors: Colors { foreground: None, background: Some(Color4f { r: 0.14509805, g: 0.14509805, b: 0.20784314, a: 1.0 }), special: None }, reverse: false, italic: false, bold: false, strikethrough: false, blend: 0, underline: None }, name: None }
TRACE [neovide::channel_utils] neovim_handler HighlightAttributesDefine { id: 115, style: Style { colors: Colors { foreground: Some(Color4f { r: 0.7137255, g: 0.57254905, b: 0.48235294, a: 1.0 }), background: Some(Color4f { r: 0.14509805, g: 0.14509805, b: 0.20784314, a: 1.0 }), special: None }, reverse: false, italic: false, bold: false, strikethrough: false, blend: 0, underline: None }, name: None }
TRACE [neovide::channel_utils] neovim_handler HighlightAttributesDefine { id: 116, style: Style { colors: Colors { foreground: None, background: Some(Color4f { r: 0.16862746, g: 0.2, b: 0.15686275, a: 1.0 }), special: None }, reverse: false, italic: false, bold: false, strikethrough: false, blend: 0, underline: None }, name: None }
TRACE [neovide::channel_utils] neovim_handler HighlightAttributesDefine { id: 117, style: Style { colors: Colors { foreground: None, background: Some(Color4f { r: 0.2627451, g: 0.14117648, b: 0.16862746, a: 1.0 }), special: None }, reverse: false, italic: false, bold: false, strikethrough: false, blend: 0, underline: None }, name: None }
TRACE [neovide::channel_utils] neovim_handler HighlightAttributesDefine { id: 118, style: Style { colors: Colors { foreground: Some(Color4f { r: 0.47843137, g: 0.5137255, b: 0.50980395, a: 1.0 }), background: Some(Color4f { r: 0.15686275, g: 0.15294118, b: 0.15294118, a: 1.0 }), special: None }, reverse: false, italic: false, bold: false, strikethrough: false, blend: 0, underline: None }, name: None }
TRACE [neovide::channel_utils] neovim_handler HighlightAttributesDefine { id: 119, style: Style { colors: Colors { foreground: Some(Color4f { r: 0.32941177, g: 0.32941177, b: 0.42745098, a: 1.0 }), background: Some(Color4f { r: 0.09411765, g: 0.08627451, b: 0.08627451, a: 1.0 }), special: None }, reverse: false, italic: false, bold: false, strikethrough: false, blend: 0, underline: None }, name: None }
TRACE [neovide::channel_utils] neovim_handler HighlightAttributesDefine { id: 120, style: Style { colors: Colors { foreground: Some(Color4f { r: 0.47843137, g: 0.5137255, b: 0.50980395, a: 1.0 }), background: None, special: None }, reverse: false, italic: false, bold: false, strikethrough: false, blend: 0, underline: None }, name: None }
TRACE [neovide::channel_utils] neovim_handler HighlightAttributesDefine { id: 121, style: Style { colors: Colors { foreground: Some(Color4f { r: 0.76862746, g: 0.69803923, b: 0.5411765, a: 1.0 }), background: None, special: None }, reverse: false, italic: false, bold: true, strikethrough: false, blend: 0, underline: None }, name: None }
TRACE [neovide::channel_utils] neovim_handler HighlightAttributesDefine { id: 122, style: Style { colors: Colors { foreground: Some(Color4f { r: 0.5411765, g: 0.6039216, b: 0.48235294, a: 1.0 }), background: None, special: None }, reverse: false, italic: false, bold: true, strikethrough: false, blend: 0, underline: None }, name: None }
TRACE [neovide::channel_utils] neovim_handler HighlightAttributesDefine { id: 123, style: Style { colors: Colors { foreground: Some(Color4f { r: 0.5803922, g: 0.62352943, b: 0.70980394, a: 1.0 }), background: None, special: None }, reverse: false, italic: true, bold: false, strikethrough: false, blend: 0, underline: None }, name: None }
TRACE [neovide::channel_utils] neovim_handler HighlightAttributesDefine { id: 124, style: Style { colors: Colors { foreground: Some(Color4f { r: 0.5803922, g: 0.62352943, b: 0.70980394, a: 1.0 }), background: Some(Color4f { r: 0.11372549, g: 0.10980392, b: 0.09803922, a: 1.0 }), special: None }, reverse: false, italic: false, bold: true, strikethrough: false, blend: 0, underline: None }, name: None }
TRACE [neovide::channel_utils] neovim_handler HighlightAttributesDefine { id: 125, style: Style { colors: Colors { foreground: None, background: Some(Color4f { r: 0.15686275, g: 0.15294118, b: 0.15294118, a: 1.0 }), special: None }, reverse: false, italic: false, bold: false, strikethrough: false, blend: 0, underline: None }, name: None }
TRACE [neovide::channel_utils] neovim_handler HighlightAttributesDefine { id: 126, style: Style { colors: Colors { foreground: Some(Color4f { r: 0.09411765, g: 0.08627451, b: 0.08627451, a: 1.0 }), background: Some(Color4f { r: 0.77254903, g: 0.7882353, b: 0.77254903, a: 1.0 }), special: None }, reverse: false, italic: false, bold: false, strikethrough: false, blend: 0, underline: None }, name: None }
TRACE [neovide::channel_utils] neovim_handler HighlightAttributesDefine { id: 127, style: Style { colors: Colors { foreground: Some(Color4f { r: 0.09411765, g: 0.08627451, b: 0.08627451, a: 1.0 }), background: None, special: None }, reverse: false, italic: false, bold: false, strikethrough: false, blend: 0, underline: None }, name: None }
TRACE [neovide::channel_utils] neovim_handler HighlightAttributesDefine { id: 128, style: Style { colors: Colors { foreground: Some(Color4f { r: 0.050980393, g: 0.047058824, b: 0.047058824, a: 1.0 }), background: None, special: None }, reverse: false, italic: false, bold: false, strikethrough: false, blend: 0, underline: None }, name: None }
TRACE [neovide::channel_utils] neovim_handler HighlightAttributesDefine { id: 129, style: Style { colors: Colors { foreground: Some(Color4f { r: 0.38431373, g: 0.36862746, b: 0.3529412, a: 1.0 }), background: Some(Color4f { r: 0.15686275, g: 0.15294118, b: 0.15294118, a: 1.0 }), special: None }, reverse: false, italic: false, bold: false, strikethrough: false, blend: 0, underline: None }, name: None }
TRACE [neovide::channel_utils] neovim_handler HighlightAttributesDefine { id: 130, style: Style { colors: Colors { foreground: Some(Color4f { r: 0.77254903, g: 0.7882353, b: 0.77254903, a: 1.0 }), background: Some(Color4f { r: 0.7647059, g: 0.2509804, b: 0.2627451, a: 1.0 }), special: None }, reverse: false, italic: false, bold: false, strikethrough: false, blend: 0, underline: None }, name: None }
TRACE [neovide::channel_utils] neovim_handler HighlightAttributesDefine { id: 131, style: Style { colors: Colors { foreground: Some(Color4f { r: 1.0, g: 0.61960787, b: 0.23137255, a: 1.0 }), background: None, special: None }, reverse: false, italic: false, bold: true, strikethrough: false, blend: 0, underline: None }, name: None }
TRACE [neovide::channel_utils] neovim_handler HighlightAttributesDefine { id: 132, style: Style { colors: Colors { foreground: Some(Color4f { r: 0.8627451, g: 0.84313726, b: 0.7294118, a: 1.0 }), background: Some(Color4f { r: 0.13333334, g: 0.19607843, b: 0.28627452, a: 1.0 }), special: None }, reverse: false, italic: false, bold: false, strikethrough: false, blend: 0, underline: None }, name: None }
TRACE [neovide::channel_utils] neovim_handler HighlightAttributesDefine { id: 133, style: Style { colors: Colors { foreground: None, background: Some(Color4f { r: 0.1764706, g: 0.30980393, b: 0.40392157, a: 1.0 }), special: None }, reverse: false, italic: false, bold: false, strikethrough: false, blend: 0, underline: None }, name: None }
TRACE [neovide::channel_utils] neovim_handler HighlightAttributesDefine { id: 134, style: Style { colors: Colors { foreground: Some(Color4f { r: 0.78431374, g: 0.7529412, b: 0.5764706, a: 1.0 }), background: Some(Color4f { r: 0.13333334, g: 0.19607843, b: 0.28627452, a: 1.0 }), special: None }, reverse: false, italic: false, bold: false, strikethrough: false, blend: 0, underline: None }, name: None }
TRACE [neovide::channel_utils] neovim_handler HighlightAttributesDefine { id: 135, style: Style { colors: Colors { foreground: Some(Color4f { r: 0.78431374, g: 0.7529412, b: 0.5764706, a: 1.0 }), background: Some(Color4f { r: 0.1764706, g: 0.30980393, b: 0.40392157, a: 1.0 }), special: None }, reverse: false, italic: false, bold: false, strikethrough: false, blend: 0, underline: None }, name: None }
TRACE [neovide::channel_utils] neovim_handler HighlightAttributesDefine { id: 136, style: Style { colors: Colors { foreground: Some(Color4f { r: 0.47843137, g: 0.5137255, b: 0.50980395, a: 1.0 }), background: Some(Color4f { r: 0.13333334, g: 0.19607843, b: 0.28627452, a: 1.0 }), special: None }, reverse: false, italic: false, bold: false, strikethrough: false, blend: 0, underline: None }, name: None }
TRACE [neovide::channel_utils] neovim_handler HighlightAttributesDefine { id: 137, style: Style { colors: Colors { foreground: Some(Color4f { r: 0.47843137, g: 0.5137255, b: 0.50980395, a: 1.0 }), background: Some(Color4f { r: 0.1764706, g: 0.30980393, b: 0.40392157, a: 1.0 }), special: None }, reverse: false, italic: false, bold: false, strikethrough: false, blend: 0, underline: None }, name: None }
TRACE [neovide::channel_utils] neovim_handler HighlightAttributesDefine { id: 138, style: Style { colors: Colors { foreground: None, background: Some(Color4f { r: 0.13333334, g: 0.19607843, b: 0.28627452, a: 1.0 }), special: None }, reverse: false, italic: false, bold: false, strikethrough: false, blend: 0, underline: None }, name: None }
TRACE [neovide::channel_utils] neovim_handler HighlightAttributesDefine { id: 139, style: Style { colors: Colors { foreground: Some(Color4f { r: 0.77254903, g: 0.7882353, b: 0.77254903, a: 1.0 }), background: Some(Color4f { r: 0.1764706, g: 0.30980393, b: 0.40392157, a: 1.0 }), special: None }, reverse: false, italic: false, bold: false, strikethrough: false, blend: 0, underline: None }, name: None }
TRACE [neovide::channel_utils] neovim_handler HighlightAttributesDefine { id: 140, style: Style { colors: Colors { foreground: None, background: None, special: Some(Color4f { r: 0.9098039, g: 0.14117648, b: 0.14117648, a: 1.0 }) }, reverse: false, italic: false, bold: false, strikethrough: false, blend: 0, underline: Some(UnderCurl) }, name: None }
TRACE [neovide::channel_utils] neovim_handler HighlightAttributesDefine { id: 141, style: Style { colors: Colors { foreground: None, background: None, special: Some(Color4f { r: 1.0, g: 0.61960787, b: 0.23137255, a: 1.0 }) }, reverse: false, italic: false, bold: false, strikethrough: false, blend: 0, underline: Some(UnderCurl) }, name: None }
TRACE [neovide::channel_utils] neovim_handler HighlightAttributesDefine { id: 142, style: Style { colors: Colors { foreground: Some(Color4f { r: 0.38431373, g: 0.36862746, b: 0.3529412, a: 1.0 }), background: Some(Color4f { r: 0.050980393, g: 0.047058824, b: 0.047058824, a: 1.0 }), special: None }, reverse: false, italic: false, bold: false, strikethrough: false, blend: 0, underline: None }, name: None }
TRACE [neovide::bridge::handler] Neovim notification: "option_changed"
TRACE [neovide::bridge::handler] Neovim notification: "redraw"
DEBUG [neovide::bridge::events] Ignored style attribute: "nocombine"
DEBUG [neovide::bridge::events] Ignored style attribute: "nocombine"
DEBUG [neovide::bridge::events] Ignored style attribute: "nocombine"
DEBUG [neovide::bridge::events] Ignored style attribute: "nocombine"
TRACE [neovide::channel_utils] neovim_handler HighlightAttributesDefine { id: 143, style: Style { colors: Colors { foreground: Some(Color4f { r: 0.47843137, g: 0.5137255, b: 0.50980395, a: 1.0 }), background: Some(Color4f { r: 0.050980393, g: 0.047058824, b: 0.047058824, a: 1.0 }), special: None }, reverse: false, italic: false, bold: false, strikethrough: false, blend: 0, underline: None }, name: None }
TRACE [neovide::channel_utils] neovim_handler HighlightAttributesDefine { id: 144, style: Style { colors: Colors { foreground: None, background: Some(Color4f { r: 0.09411765, g: 0.08627451, b: 0.08627451, a: 1.0 }), special: None }, reverse: false, italic: false, bold: false, strikethrough: false, blend: 0, underline: None }, name: None }
TRACE [neovide::channel_utils] neovim_handler HighlightAttributesDefine { id: 145, style: Style { colors: Colors { foreground: Some(Color4f { r: 0.54509807, g: 0.6431373, b: 0.6901961, a: 1.0 }), background: None, special: None }, reverse: false, italic: false, bold: true, strikethrough: false, blend: 0, underline: None }, name: None }
TRACE [neovide::channel_utils] neovim_handler HighlightAttributesDefine { id: 146, style: Style { colors: Colors { foreground: Some(Color4f { r: 0.38431373, g: 0.36862746, b: 0.3529412, a: 1.0 }), background: None, special: None }, reverse: false, italic: false, bold: false, strikethrough: false, blend: 0, underline: None }, name: None }
TRACE [neovide::channel_utils] neovim_handler HighlightAttributesDefine { id: 147, style: Style { colors: Colors { foreground: Some(Color4f { r: 0.5803922, g: 0.62352943, b: 0.70980394, a: 1.0 }), background: Some(Color4f { r: 0.15686275, g: 0.15294118, b: 0.15294118, a: 1.0 }), special: None }, reverse: false, italic: false, bold: false, strikethrough: false, blend: 0, underline: None }, name: None }
TRACE [neovide::channel_utils] neovim_handler HighlightAttributesDefine { id: 148, style: Style { colors: Colors { foreground: Some(Color4f { r: 0.4509804, g: 0.4862745, b: 0.4509804, a: 1.0 }), background: None, special: None }, reverse: false, italic: false, bold: false, strikethrough: false, blend: 0, underline: None }, name: None }
TRACE [neovide::channel_utils] neovim_handler HighlightAttributesDefine { id: 149, style: Style { colors: Colors { foreground: Some(Color4f { r: 1.0, g: 0.61960787, b: 0.23137255, a: 1.0 }), background: Some(Color4f { r: 0.15686275, g: 0.15294118, b: 0.15294118, a: 1.0 }), special: None }, reverse: false, italic: false, bold: false, strikethrough: false, blend: 0, underline: None }, name: None }
TRACE [neovide::channel_utils] neovim_handler HighlightAttributesDefine { id: 150, style: Style { colors: Colors { foreground: Some(Color4f { r: 0.5411765, g: 0.6039216, b: 0.48235294, a: 1.0 }), background: None, special: None }, reverse: false, italic: false, bold: false, strikethrough: false, blend: 0, underline: None }, name: None }
TRACE [neovide::channel_utils] neovim_handler HighlightAttributesDefine { id: 151, style: Style { colors: Colors { foreground: Some(Color4f { r: 0.5568628, g: 0.6431373, b: 0.63529414, a: 1.0 }), background: None, special: None }, reverse: false, italic: false, bold: false, strikethrough: false, blend: 0, underline: None }, name: None }
TRACE [neovide::channel_utils] neovim_handler HighlightAttributesDefine { id: 152, style: Style { colors: Colors { foreground: Some(Color4f { r: 0.1764706, g: 0.30980393, b: 0.40392157, a: 1.0 }), background: Some(Color4f { r: 0.13333334, g: 0.19607843, b: 0.28627452, a: 1.0 }), special: None }, reverse: false, italic: false, bold: false, strikethrough: false, blend: 0, underline: None }, name: None }
TRACE [neovide::channel_utils] neovim_handler HighlightAttributesDefine { id: 153, style: Style { colors: Colors { foreground: Some(Color4f { r: 0.8627451, g: 0.84313726, b: 0.7294118, a: 1.0 }), background: None, special: None }, reverse: false, italic: false, bold: false, strikethrough: false, blend: 0, underline: None }, name: None }
TRACE [neovide::channel_utils] neovim_handler HighlightAttributesDefine { id: 154, style: Style { colors: Colors { foreground: Some(Color4f { r: 0.4509804, g: 0.4862745, b: 0.4509804, a: 1.0 }), background: None, special: None }, reverse: false, italic: false, bold: false, strikethrough: true, blend: 0, underline: None }, name: None }
TRACE [neovide::channel_utils] neovim_handler HighlightAttributesDefine { id: 155, style: Style { colors: Colors { foreground: Some(Color4f { r: 0.77254903, g: 0.7882353, b: 0.77254903, a: 1.0 }), background: None, special: None }, reverse: false, italic: false, bold: false, strikethrough: false, blend: 0, underline: None }, name: None }
TRACE [neovide::channel_utils] neovim_handler HighlightAttributesDefine { id: 156, style: Style { colors: Colors { foreground: None, background: Some(Color4f { r: 0.28627452, g: 0.26666668, b: 0.23529412, a: 1.0 }), special: None }, reverse: false, italic: false, bold: false, strikethrough: false, blend: 0, underline: None }, name: None }
TRACE [neovide::channel_utils] neovim_handler HighlightAttributesDefine { id: 157, style: Style { colors: Colors { foreground: Some(Color4f { r: 0.7647059, g: 0.2509804, b: 0.2627451, a: 1.0 }), background: Some(Color4f { r: 0.2627451, g: 0.14117648, b: 0.16862746, a: 1.0 }), special: None }, reverse: false, italic: false, bold: false, strikethrough: false, blend: 0, underline: None }, name: None }
TRACE [neovide::channel_utils] neovim_handler HighlightAttributesDefine { id: 158, style: Style { colors: Colors { foreground: Some(Color4f { r: 0.09411765, g: 0.08627451, b: 0.08627451, a: 1.0 }), background: Some(Color4f { r: 0.39607844, g: 0.52156866, b: 0.5803922, a: 1.0 }), special: None }, reverse: false, italic: false, bold: true, strikethrough: false, blend: 0, underline: None }, name: None }
TRACE [neovide::channel_utils] neovim_handler HighlightAttributesDefine { id: 159, style: Style { colors: Colors { foreground: Some(Color4f { r: 0.09411765, g: 0.08627451, b: 0.08627451, a: 1.0 }), background: Some(Color4f { r: 1.0, g: 0.61960787, b: 0.23137255, a: 1.0 }), special: None }, reverse: false, italic: false, bold: true, strikethrough: false, blend: 0, underline: None }, name: None }
TRACE [neovide::channel_utils] neovim_handler HighlightAttributesDefine { id: 160, style: Style { colors: Colors { foreground: Some(Color4f { r: 0.09411765, g: 0.08627451, b: 0.08627451, a: 1.0 }), background: Some(Color4f { r: 0.9098039, g: 0.14117648, b: 0.14117648, a: 1.0 }), special: None }, reverse: false, italic: false, bold: true, strikethrough: false, blend: 0, underline: None }, name: None }
TRACE [neovide::channel_utils] neovim_handler HighlightAttributesDefine { id: 161, style: Style { colors: Colors { foreground: None, background: None, special: Some(Color4f { r: 0.41568628, g: 0.58431375, b: 0.5372549, a: 1.0 }) }, reverse: false, italic: false, bold: false, strikethrough: false, blend: 0, underline: Some(UnderCurl) }, name: None }
TRACE [neovide::channel_utils] neovim_handler HighlightAttributesDefine { id: 162, style: Style { colors: Colors { foreground: Some(Color4f { r: 0.09411765, g: 0.08627451, b: 0.08627451, a: 1.0 }), background: Some(Color4f { r: 0.7137255, g: 0.57254905, b: 0.48235294, a: 1.0 }), special: None }, reverse: false, italic: false, bold: true, strikethrough: false, blend: 0, underline: None }, name: None }
TRACE [neovide::channel_utils] neovim_handler HighlightAttributesDefine { id: 163, style: Style { colors: Colors { foreground: Some(Color4f { r: 0.09411765, g: 0.08627451, b: 0.08627451, a: 1.0 }), background: Some(Color4f { r: 0.5372549, g: 0.57254905, b: 0.654902, a: 1.0 }), special: None }, reverse: false, italic: false, bold: true, strikethrough: false, blend: 0, underline: None }, name: None }
TRACE [neovide::channel_utils] neovim_handler HighlightAttributesDefine { id: 164, style: Style { colors: Colors { foreground: Some(Color4f { r: 0.5372549, g: 0.57254905, b: 0.654902, a: 1.0 }), background: None, special: None }, reverse: false, italic: true, bold: false, strikethrough: false, blend: 0, underline: None }, name: None }
TRACE [neovide::channel_utils] neovim_handler HighlightAttributesDefine { id: 165, style: Style { colors: Colors { foreground: None, background: Some(Color4f { r: 0.28627452, g: 0.26666668, b: 0.23529412, a: 1.0 }), special: None }, reverse: false, italic: false, bold: false, strikethrough: false, blend: 0, underline: Some(Underline) }, name: None }
TRACE [neovide::channel_utils] neovim_handler HighlightAttributesDefine { id: 166, style: Style { colors: Colors { foreground: Some(Color4f { r: 0.78431374, g: 0.7529412, b: 0.5764706, a: 1.0 }), background: Some(Color4f { r: 0.15686275, g: 0.15294118, b: 0.15294118, a: 1.0 }), special: None }, reverse: false, italic: false, bold: true, strikethrough: false, blend: 0, underline: None }, name: None }
TRACE [neovide::channel_utils] neovim_handler HighlightAttributesDefine { id: 167, style: Style { colors: Colors { foreground: Some(Color4f { r: 0.15686275, g: 0.15294118, b: 0.15294118, a: 1.0 }), background: Some(Color4f { r: 0.78431374, g: 0.7529412, b: 0.5764706, a: 1.0 }), special: None }, reverse: false, italic: false, bold: true, strikethrough: false, blend: 0, underline: None }, name: None }
TRACE [neovide::channel_utils] neovim_handler HighlightAttributesDefine { id: 168, style: Style { colors: Colors { foreground: Some(Color4f { r: 0.7137255, g: 0.57254905, b: 0.48235294, a: 1.0 }), background: None, special: None }, reverse: false, italic: false, bold: false, strikethrough: false, blend: 0, underline: None }, name: None }
TRACE [neovide::channel_utils] neovim_handler HighlightAttributesDefine { id: 169, style: Style { colors: Colors { foreground: Some(Color4f { r: 0.050980393, g: 0.047058824, b: 0.047058824, a: 1.0 }), background: Some(Color4f { r: 0.47843137, g: 0.5137255, b: 0.50980395, a: 1.0 }), special: None }, reverse: false, italic: false, bold: false, strikethrough: false, blend: 0, underline: None }, name: None }
TRACE [neovide::channel_utils] neovim_handler HighlightAttributesDefine { id: 170, style: Style { colors: Colors { foreground: Some(Color4f { r: 0.63529414, g: 0.57254905, b: 0.6392157, a: 1.0 }), background: None, special: None }, reverse: false, italic: false, bold: false, strikethrough: false, blend: 0, underline: None }, name: None }
TRACE [neovide::channel_utils] neovim_handler HighlightAttributesDefine { id: 171, style: Style { colors: Colors { foreground: Some(Color4f { r: 0.7137255, g: 0.57254905, b: 0.48235294, a: 1.0 }), background: None, special: None }, reverse: false, italic: false, bold: true, strikethrough: false, blend: 0, underline: None }, name: None }
TRACE [neovide::channel_utils] neovim_handler HighlightAttributesDefine { id: 172, style: Style { colors: Colors { foreground: Some(Color4f { r: 0.76862746, g: 0.45490196, b: 0.43137255, a: 1.0 }), background: None, special: None }, reverse: false, italic: false, bold: true, strikethrough: false, blend: 0, underline: None }, name: None }
TRACE [neovide::channel_utils] neovim_handler HighlightAttributesDefine { id: 173, style: Style { colors: Colors { foreground: Some(Color4f { r: 0.5803922, g: 0.62352943, b: 0.70980394, a: 1.0 }), background: None, special: None }, reverse: false, italic: false, bold: false, strikethrough: false, blend: 0, underline: Some(Underline) }, name: None }
TRACE [neovide::channel_utils] neovim_handler HighlightAttributesDefine { id: 174, style: Style { colors: Colors { foreground: Some(Color4f { r: 0.13333334, g: 0.19607843, b: 0.28627452, a: 1.0 }), background: Some(Color4f { r: 0.39607844, g: 0.52156866, b: 0.5803922, a: 1.0 }), special: None }, reverse: false, italic: false, bold: true, strikethrough: false, blend: 0, underline: None }, name: None }
TRACE [neovide::channel_utils] neovim_handler HighlightAttributesDefine { id: 175, style: Style { colors: Colors { foreground: Some(Color4f { r: 0.13333334, g: 0.19607843, b: 0.28627452, a: 1.0 }), background: Some(Color4f { r: 0.41568628, g: 0.58431375, b: 0.5372549, a: 1.0 }), special: None }, reverse: false, italic: false, bold: true, strikethrough: false, blend: 0, underline: None }, name: None }
TRACE [neovide::channel_utils] neovim_handler HighlightAttributesDefine { id: 176, style: Style { colors: Colors { foreground: Some(Color4f { r: 0.5372549, g: 0.57254905, b: 0.654902, a: 1.0 }), background: None, special: None }, reverse: false, italic: false, bold: true, strikethrough: false, blend: 0, underline: None }, name: None }
TRACE [neovide::channel_utils] neovim_handler HighlightAttributesDefine { id: 177, style: Style { colors: Colors { foreground: Some(Color4f { r: 1.0, g: 0.61960787, b: 0.23137255, a: 1.0 }), background: Some(Color4f { r: 0.15686275, g: 0.15294118, b: 0.15294118, a: 1.0 }), special: None }, reverse: false, italic: false, bold: true, strikethrough: false, blend: 0, underline: None }, name: None }
TRACE [neovide::channel_utils] neovim_handler HighlightAttributesDefine { id: 178, style: Style { colors: Colors { foreground: Some(Color4f { r: 0.41568628, g: 0.58431375, b: 0.5372549, a: 1.0 }), background: Some(Color4f { r: 0.15686275, g: 0.15294118, b: 0.15294118, a: 1.0 }), special: None }, reverse: false, italic: false, bold: false, strikethrough: false, blend: 0, underline: None }, name: None }
TRACE [neovide::channel_utils] neovim_handler HighlightAttributesDefine { id: 179, style: Style { colors: Colors { foreground: Some(Color4f { r: 0.76862746, g: 0.45490196, b: 0.43137255, a: 1.0 }), background: None, special: None }, reverse: false, italic: true, bold: false, strikethrough: false, blend: 0, underline: None }, name: None }
TRACE [neovide::channel_utils] neovim_handler HighlightAttributesDefine { id: 180, style: Style { colors: Colors { foreground: Some(Color4f { r: 0.6509804, g: 0.6509804, b: 0.6117647, a: 1.0 }), background: None, special: None }, reverse: false, italic: false, bold: false, strikethrough: false, blend: 0, underline: None }, name: None }
TRACE [neovide::channel_utils] neovim_handler HighlightAttributesDefine { id: 181, style: Style { colors: Colors { foreground: Some(Color4f { r: 0.5803922, g: 0.62352943, b: 0.70980394, a: 1.0 }), background: None, special: None }, reverse: false, italic: false, bold: false, strikethrough: false, blend: 0, underline: Some(UnderCurl) }, name: None }
TRACE [neovide::channel_utils] neovim_handler HighlightAttributesDefine { id: 182, style: Style { colors: Colors { foreground: Some(Color4f { r: 0.77254903, g: 0.7882353, b: 0.77254903, a: 1.0 }), background: Some(Color4f { r: 0.09411765, g: 0.08627451, b: 0.08627451, a: 1.0 }), special: None }, reverse: false, italic: false, bold: false, strikethrough: false, blend: 0, underline: None }, name: None }
TRACE [neovide::channel_utils] neovim_handler HighlightAttributesDefine { id: 183, style: Style { colors: Colors { foreground: Some(Color4f { r: 0.09411765, g: 0.08627451, b: 0.08627451, a: 1.0 }), background: Some(Color4f { r: 0.09411765, g: 0.08627451, b: 0.08627451, a: 1.0 }), special: Some(Color4f { r: 0.77254903, g: 0.7882353, b: 0.77254903, a: 1.0 }) }, reverse: false, italic: false, bold: false, strikethrough: false, blend: 0, underline: Some(UnderDouble) }, name: None }
TRACE [neovide::channel_utils] neovim_handler HighlightAttributesDefine { id: 184, style: Style { colors: Colors { foreground: Some(Color4f { r: 0.09411765, g: 0.08627451, b: 0.08627451, a: 1.0 }), background: Some(Color4f { r: 0.09411765, g: 0.08627451, b: 0.08627451, a: 1.0 }), special: Some(Color4f { r: 0.77254903, g: 0.7882353, b: 0.77254903, a: 1.0 }) }, reverse: false, italic: false, bold: false, strikethrough: false, blend: 0, underline: Some(Underline) }, name: None }
TRACE [neovide::channel_utils] neovim_handler HighlightAttributesDefine { id: 185, style: Style { colors: Colors { foreground: None, background: None, special: None }, reverse: false, italic: false, bold: false, strikethrough: false, blend: 100, underline: None }, name: None }
TRACE [neovide::channel_utils] neovim_handler HighlightAttributesDefine { id: 186, style: Style { colors: Colors { foreground: None, background: None, special: Some(Color4f { r: 0.9882353, g: 0.8784314, b: 0.5803922, a: 1.0 }) }, reverse: false, italic: false, bold: false, strikethrough: false, blend: 0, underline: Some(UnderDouble) }, name: None }
TRACE [neovide::channel_utils] neovim_handler HighlightAttributesDefine { id: 187, style: Style { colors: Colors { foreground: None, background: None, special: Some(Color4f { r: 1.0, g: 0.7529412, b: 0.7254902, a: 1.0 }) }, reverse: false, italic: false, bold: false, strikethrough: false, blend: 0, underline: Some(UnderDouble) }, name: None }
TRACE [neovide::channel_utils] neovim_handler HighlightAttributesDefine { id: 188, style: Style { colors: Colors { foreground: None, background: None, special: Some(Color4f { r: 0.7019608, g: 0.9647059, b: 0.7529412, a: 1.0 }) }, reverse: false, italic: false, bold: false, strikethrough: false, blend: 0, underline: Some(UnderDouble) }, name: None }
TRACE [neovide::channel_utils] neovim_handler HighlightAttributesDefine { id: 189, style: Style { colors: Colors { foreground: None, background: None, special: Some(Color4f { r: 0.6509804, g: 0.85882354, b: 1.0, a: 1.0 }) }, reverse: false, italic: false, bold: false, strikethrough: false, blend: 0, underline: Some(UnderDouble) }, name: None }
TRACE [neovide::channel_utils] neovim_handler HighlightAttributesDefine { id: 190, style: Style { colors: Colors { foreground: None, background: None, special: Some(Color4f { r: 0.54901963, g: 0.972549, b: 0.96862745, a: 1.0 }) }, reverse: false, italic: false, bold: false, strikethrough: false, blend: 0, underline: Some(UnderDouble) }, name: None }
TRACE [neovide::channel_utils] neovim_handler HighlightAttributesDefine { id: 191, style: Style { colors: Colors { foreground: Some(Color4f { r: 0.77254903, g: 0.7882353, b: 0.77254903, a: 1.0 }), background: Some(Color4f { r: 0.9098039, g: 0.14117648, b: 0.14117648, a: 1.0 }), special: None }, reverse: false, italic: false, bold: true, strikethrough: false, blend: 0, underline: None }, name: None }
TRACE [neovide::channel_utils] neovim_handler HighlightAttributesDefine { id: 192, style: Style { colors: Colors { foreground: Some(Color4f { r: 0.13333334, g: 0.19607843, b: 0.28627452, a: 1.0 }), background: Some(Color4f { r: 1.0, g: 0.61960787, b: 0.23137255, a: 1.0 }), special: None }, reverse: false, italic: false, bold: true, strikethrough: false, blend: 0, underline: None }, name: None }
TRACE [neovide::channel_utils] neovim_handler HighlightAttributesDefine { id: 193, style: Style { colors: Colors { foreground: Some(Color4f { r: 0.050980393, g: 0.047058824, b: 0.047058824, a: 1.0 }), background: Some(Color4f { r: 0.050980393, g: 0.047058824, b: 0.047058824, a: 1.0 }), special: None }, reverse: false, italic: false, bold: false, strikethrough: false, blend: 0, underline: None }, name: None }
TRACE [neovide::channel_utils] neovim_handler HighlightAttributesDefine { id: 194, style: Style { colors: Colors { foreground: Some(Color4f { r: 0.32941177, g: 0.32941177, b: 0.42745098, a: 1.0 }), background: None, special: None }, reverse: false, italic: false, bold: false, strikethrough: false, blend: 0, underline: None }, name: None }
TRACE [neovide::channel_utils] neovim_handler HighlightAttributesDefine { id: 195, style: Style { colors: Colors { foreground: Some(Color4f { r: 0.5803922, g: 0.62352943, b: 0.70980394, a: 1.0 }), background: None, special: None }, reverse: false, italic: false, bold: true, strikethrough: false, blend: 0, underline: None }, name: None }
TRACE [neovide::channel_utils] neovim_handler HighlightAttributesDefine { id: 196, style: Style { colors: Colors { foreground: None, background: None, special: Some(Color4f { r: 0.47843137, g: 0.5137255, b: 0.50980395, a: 1.0 }) }, reverse: false, italic: false, bold: false, strikethrough: false, blend: 0, underline: Some(Underline) }, name: None }
TRACE [neovide::channel_utils] neovim_handler HighlightAttributesDefine { id: 197, style: Style { colors: Colors { foreground: None, background: None, special: None }, reverse: true, italic: false, bold: false, strikethrough: false, blend: 0, underline: None }, name: None }
TRACE [neovide::channel_utils] neovim_handler HighlightAttributesDefine { id: 198, style: Style { colors: Colors { foreground: Some(Color4f { r: 0.54509807, g: 0.6431373, b: 0.6901961, a: 1.0 }), background: Some(Color4f { r: 0.050980393, g: 0.047058824, b: 0.047058824, a: 1.0 }), special: None }, reverse: false, italic: false, bold: false, strikethrough: false, blend: 0, underline: None }, name: None }
TRACE [neovide::channel_utils] neovim_handler HighlightAttributesDefine { id: 199, style: Style { colors: Colors { foreground: Some(Color4f { r: 0.09411765, g: 0.08627451, b: 0.08627451, a: 1.0 }), background: Some(Color4f { r: 0.41568628, g: 0.58431375, b: 0.5372549, a: 1.0 }), special: None }, reverse: false, italic: false, bold: true, strikethrough: false, blend: 0, underline: None }, name: None }
TRACE [neovide::channel_utils] neovim_handler HighlightGroupSet { name: "SpecialKey", id: 120 }
TRACE [neovide::channel_utils] neovim_handler HighlightGroupSet { name: "EndOfBuffer", id: 127 }
TRACE [neovide::channel_utils] neovim_handler HighlightGroupSet { name: "NonText", id: 146 }
TRACE [neovide::channel_utils] neovim_handler HighlightGroupSet { name: "Directory", id: 86 }
TRACE [neovide::channel_utils] neovim_handler HighlightGroupSet { name: "ErrorMsg", id: 94 }
TRACE [neovide::channel_utils] neovim_handler HighlightGroupSet { name: "IncSearch", id: 101 }
TRACE [neovide::channel_utils] neovim_handler HighlightGroupSet { name: "Search", id: 139 }
TRACE [neovide::channel_utils] neovim_handler HighlightGroupSet { name: "CurSearch", id: 88 }
TRACE [neovide::channel_utils] neovim_handler HighlightGroupSet { name: "MoreMsg", id: 77 }
TRACE [neovide::channel_utils] neovim_handler HighlightGroupSet { name: "ModeMsg", id: 131 }
TRACE [neovide::channel_utils] neovim_handler HighlightGroupSet { name: "LineNr", id: 129 }
TRACE [neovide::channel_utils] neovim_handler HighlightGroupSet { name: "LineNrAbove", id: 129 }
TRACE [neovide::channel_utils] neovim_handler HighlightGroupSet { name: "LineNrBelow", id: 129 }
TRACE [neovide::channel_utils] neovim_handler HighlightGroupSet { name: "CursorLineNr", id: 177 }
TRACE [neovide::channel_utils] neovim_handler HighlightGroupSet { name: "CursorLineSign", id: 118 }
TRACE [neovide::channel_utils] neovim_handler HighlightGroupSet { name: "CursorLineFold", id: 129 }
TRACE [neovide::channel_utils] neovim_handler HighlightGroupSet { name: "Question", id: 77 }
TRACE [neovide::channel_utils] neovim_handler HighlightGroupSet { name: "StatusLine", id: 104 }
TRACE [neovide::channel_utils] neovim_handler HighlightGroupSet { name: "StatusLineNC", id: 142 }
TRACE [neovide::channel_utils] neovim_handler HighlightGroupSet { name: "WinSeparator", id: 128 }
TRACE [neovide::channel_utils] neovim_handler HighlightGroupSet { name: "VertSplit", id: 128 }
TRACE [neovide::channel_utils] neovim_handler HighlightGroupSet { name: "Title", id: 145 }
TRACE [neovide::channel_utils] neovim_handler HighlightGroupSet { name: "Visual", id: 138 }
TRACE [neovide::channel_utils] neovim_handler HighlightGroupSet { name: "WarningMsg", id: 75 }
TRACE [neovide::channel_utils] neovim_handler HighlightGroupSet { name: "WildMenu", id: 132 }
TRACE [neovide::channel_utils] neovim_handler HighlightGroupSet { name: "Folded", id: 118 }
TRACE [neovide::channel_utils] neovim_handler HighlightGroupSet { name: "FoldColumn", id: 129 }
TRACE [neovide::channel_utils] neovim_handler HighlightGroupSet { name: "DiffAdd", id: 116 }
TRACE [neovide::channel_utils] neovim_handler HighlightGroupSet { name: "DiffChange", id: 114 }
TRACE [neovide::channel_utils] neovim_handler HighlightGroupSet { name: "DiffDelete", id: 157 }
TRACE [neovide::channel_utils] neovim_handler HighlightGroupSet { name: "DiffText", id: 156 }
TRACE [neovide::channel_utils] neovim_handler HighlightGroupSet { name: "DiffTextAdd", id: 156 }
TRACE [neovide::channel_utils] neovim_handler HighlightGroupSet { name: "SignColumn", id: 118 }
TRACE [neovide::channel_utils] neovim_handler HighlightGroupSet { name: "Conceal", id: 96 }
TRACE [neovide::channel_utils] neovim_handler HighlightGroupSet { name: "SpellBad", id: 140 }
TRACE [neovide::channel_utils] neovim_handler HighlightGroupSet { name: "SpellCap", id: 141 }
TRACE [neovide::channel_utils] neovim_handler HighlightGroupSet { name: "SpellRare", id: 141 }
TRACE [neovide::channel_utils] neovim_handler HighlightGroupSet { name: "SpellLocal", id: 141 }
TRACE [neovide::channel_utils] neovim_handler HighlightGroupSet { name: "Pmenu", id: 132 }
TRACE [neovide::channel_utils] neovim_handler HighlightGroupSet { name: "PmenuSel", id: 133 }
TRACE [neovide::channel_utils] neovim_handler HighlightGroupSet { name: "PmenuKind", id: 134 }
TRACE [neovide::channel_utils] neovim_handler HighlightGroupSet { name: "PmenuKindSel", id: 135 }
TRACE [neovide::channel_utils] neovim_handler HighlightGroupSet { name: "PmenuExtra", id: 136 }
TRACE [neovide::channel_utils] neovim_handler HighlightGroupSet { name: "PmenuExtraSel", id: 137 }
TRACE [neovide::channel_utils] neovim_handler HighlightGroupSet { name: "PmenuSbar", id: 138 }
TRACE [neovide::channel_utils] neovim_handler HighlightGroupSet { name: "PmenuThumb", id: 133 }
TRACE [neovide::channel_utils] neovim_handler HighlightGroupSet { name: "PmenuBorder", id: 84 }
TRACE [neovide::channel_utils] neovim_handler HighlightGroupSet { name: "TabLine", id: 143 }
TRACE [neovide::channel_utils] neovim_handler HighlightGroupSet { name: "TabLineSel", id: 78 }
TRACE [neovide::channel_utils] neovim_handler HighlightGroupSet { name: "TabLineFill", id: 144 }
TRACE [neovide::channel_utils] neovim_handler HighlightGroupSet { name: "CursorColumn", id: 85 }
TRACE [neovide::channel_utils] neovim_handler HighlightGroupSet { name: "CursorLine", id: 85 }
TRACE [neovide::channel_utils] neovim_handler HighlightGroupSet { name: "ColorColumn", id: 125 }
TRACE [neovide::channel_utils] neovim_handler HighlightGroupSet { name: "QuickFixLine", id: 125 }
TRACE [neovide::channel_utils] neovim_handler HighlightGroupSet { name: "Whitespace", id: 146 }
TRACE [neovide::channel_utils] neovim_handler HighlightGroupSet { name: "NormalNC", id: 182 }
TRACE [neovide::channel_utils] neovim_handler HighlightGroupSet { name: "MsgSeparator", id: 193 }
TRACE [neovide::channel_utils] neovim_handler HighlightGroupSet { name: "NormalFloat", id: 104 }
TRACE [neovide::channel_utils] neovim_handler HighlightGroupSet { name: "MsgArea", id: 100 }
TRACE [neovide::channel_utils] neovim_handler HighlightGroupSet { name: "FloatBorder", id: 84 }
TRACE [neovide::channel_utils] neovim_handler HighlightGroupSet { name: "WinBar", id: 100 }
TRACE [neovide::channel_utils] neovim_handler HighlightGroupSet { name: "WinBarNC", id: 100 }
TRACE [neovide::channel_utils] neovim_handler HighlightGroupSet { name: "Cursor", id: 126 }
TRACE [neovide::channel_utils] neovim_handler HighlightGroupSet { name: "FloatTitle", id: 89 }
TRACE [neovide::channel_utils] neovim_handler HighlightGroupSet { name: "FloatFooter", id: 142 }
TRACE [neovide::channel_utils] neovim_handler HighlightGroupSet { name: "StatusLineTerm", id: 104 }
TRACE [neovide::channel_utils] neovim_handler HighlightGroupSet { name: "StatusLineTermNC", id: 142 }
TRACE [neovide::channel_utils] neovim_handler HighlightGroupSet { name: "StderrMsg", id: 94 }
TRACE [neovide::channel_utils] neovim_handler Resize { grid: 2, width: 52, height: 12 }
TRACE [neovide::channel_utils] neovim_handler DefaultColorsSet { colors: Colors { foreground: Some(Color4f { r: 0.77254903, g: 0.7882353, b: 0.77254903, a: 1.0 }), background: Some(Color4f { r: 0.09411765, g: 0.08627451, b: 0.08627451, a: 1.0 }), special: Some(Color4f { r: 1.0, g: 0.0, b: 0.0, a: 1.0 }) } }
TRACE [neovide::channel_utils] neovim_handler GridLine { grid: 2, row: 0, column_start: 0, cells: [GridLineCell { text: " ", highlight_id: Some(118), repeat: Some(2) }, GridLineCell { text: "1", highlight_id: Some(129), repeat: None }, GridLineCell { text: " ", highlight_id: Some(129), repeat: Some(3) }, GridLineCell { text: "b", highlight_id: Some(68), repeat: None }, GridLineCell { text: "u", highlight_id: None, repeat: None }, GridLineCell { text: "s", highlight_id: None, repeat: None }, GridLineCell { text: "y", highlight_id: None, repeat: None }, GridLineCell { text: "b", highlight_id: None, repeat: None }, GridLineCell { text: "o", highlight_id: None, repeat: None }, GridLineCell { text: "x", highlight_id: None, repeat: None }, GridLineCell { text: ":", highlight_id: Some(69), repeat: None }, GridLineCell { text: " ", highlight_id: Some(0), repeat: None }, GridLineCell { text: "t", highlight_id: Some(168), repeat: None }, GridLineCell { text: "r", highlight_id: None, repeat: None }, GridLineCell { text: "u", highlight_id: None, repeat: None }, GridLineCell { text: "e", highlight_id: None, repeat: None }, GridLineCell { text: " ", highlight_id: Some(0), repeat: Some(33) }] }
TRACE [neovide::channel_utils] neovim_handler GridLine { grid: 2, row: 1, column_start: 0, cells: [GridLineCell { text: " ", highlight_id: Some(118), repeat: Some(2) }, GridLineCell { text: " ", highlight_id: Some(129), repeat: Some(2) }, GridLineCell { text: "1", highlight_id: None, repeat: None }, GridLineCell { text: " ", highlight_id: None, repeat: None }, GridLineCell { text: "c", highlight_id: Some(68), repeat: None }, GridLineCell { text: "o", highlight_id: None, repeat: None }, GridLineCell { text: "m", highlight_id: None, repeat: None }, GridLineCell { text: "p", highlight_id: None, repeat: None }, GridLineCell { text: "r", highlight_id: None, repeat: None }, GridLineCell { text: "e", highlight_id: None, repeat: None }, GridLineCell { text: "s", highlight_id: Some(68), repeat: Some(2) }, GridLineCell { text: "i", highlight_id: None, repeat: None }, GridLineCell { text: "o", highlight_id: None, repeat: None }, GridLineCell { text: "n", highlight_id: None, repeat: None }, GridLineCell { text: ":", highlight_id: Some(69), repeat: None }, GridLineCell { text: " ", highlight_id: Some(0), repeat: None }, GridLineCell { text: "z", highlight_id: None, repeat: None }, GridLineCell { text: "s", highlight_id: None, repeat: None }, GridLineCell { text: "t", highlight_id: None, repeat: None }, GridLineCell { text: "d", highlight_id: None, repeat: None }, GridLineCell { text: " ", highlight_id: Some(0), repeat: Some(29) }] }
TRACE [neovide::channel_utils] neovim_handler GridLine { grid: 2, row: 2, column_start: 0, cells: [GridLineCell { text: " ", highlight_id: Some(118), repeat: Some(2) }, GridLineCell { text: " ", highlight_id: Some(129), repeat: Some(2) }, GridLineCell { text: "2", highlight_id: None, repeat: None }, GridLineCell { text: " ", highlight_id: None, repeat: None }, GridLineCell { text: "m", highlight_id: Some(68), repeat: None }, GridLineCell { text: "o", highlight_id: None, repeat: None }, GridLineCell { text: "d", highlight_id: None, repeat: None }, GridLineCell { text: "u", highlight_id: None, repeat: None }, GridLineCell { text: "l", highlight_id: None, repeat: None }, GridLineCell { text: "e", highlight_id: None, repeat: None }, GridLineCell { text: "s", highlight_id: None, repeat: None }, GridLineCell { text: "_", highlight_id: None, repeat: None }, GridLineCell { text: "f", highlight_id: None, repeat: None }, GridLineCell { text: "o", highlight_id: None, repeat: None }, GridLineCell { text: "r", highlight_id: None, repeat: None }, GridLineCell { text: "c", highlight_id: None, repeat: None }, GridLineCell { text: "e", highlight_id: None, repeat: None }, GridLineCell { text: "_", highlight_id: None, repeat: None }, GridLineCell { text: "l", highlight_id: None, repeat: None }, GridLineCell { text: "o", highlight_id: None, repeat: None }, GridLineCell { text: "a", highlight_id: None, repeat: None }, GridLineCell { text: "d", highlight_id: None, repeat: None }, GridLineCell { text: ":", highlight_id: Some(69), repeat: None }, GridLineCell { text: " ", highlight_id: Some(0), repeat: None }, GridLineCell { text: "n", highlight_id: None, repeat: None }, GridLineCell { text: "v", highlight_id: None, repeat: None }, GridLineCell { text: "i", highlight_id: None, repeat: None }, GridLineCell { text: "d", highlight_id: None, repeat: None }, GridLineCell { text: "i", highlight_id: None, repeat: None }, GridLineCell { text: "a", highlight_id: None, repeat: None }, GridLineCell { text: ",", highlight_id: None, repeat: None }, GridLineCell { text: "n", highlight_id: None, repeat: None }, GridLineCell { text: "v", highlight_id: None, repeat: None }, GridLineCell { text: "i", highlight_id: None, repeat: None }, GridLineCell { text: "d", highlight_id: None, repeat: None }, GridLineCell { text: "i", highlight_id: None, repeat: None }, GridLineCell { text: "a", highlight_id: None, repeat: None }, GridLineCell { text: "_", highlight_id: None, repeat: None }, GridLineCell { text: "m", highlight_id: None, repeat: None }, GridLineCell { text: "o", highlight_id: None, repeat: None }, GridLineCell { text: "d", highlight_id: None, repeat: None }, GridLineCell { text: "e", highlight_id: None, repeat: None }, GridLineCell { text: "s", highlight_id: None, repeat: None }, GridLineCell { text: "e", highlight_id: None, repeat: None }, GridLineCell { text: "t", highlight_id: None, repeat: None }, GridLineCell { text: ",", highlight_id: None, repeat: None }, GridLineCell { text: "n", highlight_id: None, repeat: None }, GridLineCell { text: "v", highlight_id: None, repeat: None }, GridLineCell { text: "i", highlight_id: None, repeat: None }, GridLineCell { text: "d", highlight_id: None, repeat: None }] }
TRACE [neovide::channel_utils] neovim_handler GridLine { grid: 2, row: 3, column_start: 0, cells: [GridLineCell { text: "~", highlight_id: Some(127), repeat: None }, GridLineCell { text: " ", highlight_id: Some(127), repeat: Some(51) }] }
TRACE [neovide::channel_utils] neovim_handler GridLine { grid: 2, row: 4, column_start: 0, cells: [GridLineCell { text: "~", highlight_id: Some(127), repeat: None }, GridLineCell { text: " ", highlight_id: Some(127), repeat: Some(51) }] }
TRACE [neovide::channel_utils] neovim_handler GridLine { grid: 2, row: 5, column_start: 0, cells: [GridLineCell { text: "~", highlight_id: Some(127), repeat: None }, GridLineCell { text: " ", highlight_id: Some(127), repeat: Some(51) }] }
TRACE [neovide::channel_utils] neovim_handler GridLine { grid: 2, row: 6, column_start: 0, cells: [GridLineCell { text: "~", highlight_id: Some(127), repeat: None }, GridLineCell { text: " ", highlight_id: Some(127), repeat: Some(51) }] }
TRACE [neovide::channel_utils] neovim_handler GridLine { grid: 2, row: 7, column_start: 0, cells: [GridLineCell { text: "~", highlight_id: Some(127), repeat: None }, GridLineCell { text: " ", highlight_id: Some(127), repeat: Some(51) }] }
TRACE [neovide::channel_utils] neovim_handler GridLine { grid: 2, row: 8, column_start: 0, cells: [GridLineCell { text: "~", highlight_id: Some(127), repeat: None }, GridLineCell { text: " ", highlight_id: Some(127), repeat: Some(51) }] }
TRACE [neovide::channel_utils] neovim_handler GridLine { grid: 2, row: 9, column_start: 0, cells: [GridLineCell { text: "~", highlight_id: Some(127), repeat: None }, GridLineCell { text: " ", highlight_id: Some(127), repeat: Some(51) }] }
TRACE [neovide::channel_utils] neovim_handler GridLine { grid: 2, row: 10, column_start: 0, cells: [GridLineCell { text: "~", highlight_id: Some(127), repeat: None }, GridLineCell { text: " ", highlight_id: Some(127), repeat: Some(51) }] }
TRACE [neovide::channel_utils] neovim_handler GridLine { grid: 2, row: 11, column_start: 0, cells: [GridLineCell { text: "~", highlight_id: Some(127), repeat: None }, GridLineCell { text: " ", highlight_id: Some(127), repeat: Some(51) }] }
TRACE [neovide::channel_utils] neovim_handler GridLine { grid: 1, row: 12, column_start: 0, cells: [GridLineCell { text: "/", highlight_id: Some(104), repeat: None }, GridLineCell { text: "e", highlight_id: None, repeat: None }, GridLineCell { text: "t", highlight_id: None, repeat: None }, GridLineCell { text: "c", highlight_id: None, repeat: None }, GridLineCell { text: "/", highlight_id: None, repeat: None }, GridLineCell { text: "b", highlight_id: None, repeat: None }, GridLineCell { text: "o", highlight_id: Some(104), repeat: Some(2) }, GridLineCell { text: "s", highlight_id: None, repeat: None }, GridLineCell { text: "t", highlight_id: None, repeat: None }, GridLineCell { text: "e", highlight_id: None, repeat: None }, GridLineCell { text: "r", highlight_id: None, repeat: None }, GridLineCell { text: ".", highlight_id: None, repeat: None }, GridLineCell { text: "y", highlight_id: None, repeat: None }, GridLineCell { text: "a", highlight_id: None, repeat: None }, GridLineCell { text: "m", highlight_id: None, repeat: None }, GridLineCell { text: "l", highlight_id: None, repeat: None }, GridLineCell { text: " ", highlight_id: Some(104), repeat: Some(17) }, GridLineCell { text: "1", highlight_id: None, repeat: None }, GridLineCell { text: ",", highlight_id: None, repeat: None }, GridLineCell { text: "1", highlight_id: None, repeat: None }, GridLineCell { text: " ", highlight_id: Some(104), repeat: Some(12) }, GridLineCell { text: "A", highlight_id: None, repeat: None }, GridLineCell { text: "l", highlight_id: Some(104), repeat: Some(2) }] }
TRACE [neovide::bridge::handler] Neovim notification: "redraw"
TRACE [neovide::channel_utils] neovim_handler SetTitle { title: "/etc/booster.yaml" }
TRACE [neovide::channel_utils] neovim_handler WindowPosition { grid: 2, start_row: 0, start_column: 0, width: 52, height: 12 }
TRACE [neovide::channel_utils] neovim_handler WindowViewport { grid: 2, top_line: 0.0, bottom_line: 4.0, current_line: 0.0, current_column: 0.0, line_count: Some(3.0), scroll_delta: Some(0.0) }
TRACE [neovide::channel_utils] neovim_handler CursorGoto { grid: 2, row: 0, column: 6 }
TRACE [neovide::channel_utils] neovim_handler ModeInfoSet { cursor_modes: [CursorMode { shape: Some(Block), style_id: Some(0), cell_percentage: Some(0.0), blinkwait: Some(0), blinkon: Some(0), blinkoff: Some(0) }, CursorMode { shape: Some(Block), style_id: Some(0), cell_percentage: Some(0.0), blinkwait: Some(0), blinkon: Some(0), blinkoff: Some(0) }, CursorMode { shape: Some(Block), style_id: Some(0), cell_percentage: Some(0.0), blinkwait: Some(0), blinkon: Some(0), blinkoff: Some(0) }, CursorMode { shape: Some(Block), style_id: Some(0), cell_percentage: Some(0.0), blinkwait: Some(0), blinkon: Some(0), blinkoff: Some(0) }, CursorMode { shape: Some(Block), style_id: Some(0), cell_percentage: Some(0.0), blinkwait: Some(0), blinkon: Some(0), blinkoff: Some(0) }, CursorMode { shape: Some(Block), style_id: Some(0), cell_percentage: Some(0.0), blinkwait: Some(0), blinkon: Some(0), blinkoff: Some(0) }, CursorMode { shape: Some(Block), style_id: Some(0), cell_percentage: Some(0.0), blinkwait: Some(0), blinkon: Some(0), blinkoff: Some(0) }, CursorMode { shape: Some(Block), style_id: Some(0), cell_percentage: Some(0.0), blinkwait: Some(0), blinkon: Some(0), blinkoff: Some(0) }, CursorMode { shape: Some(Block), style_id: Some(0), cell_percentage: Some(0.0), blinkwait: Some(0), blinkon: Some(0), blinkoff: Some(0) }, CursorMode { shape: None, style_id: None, cell_percentage: None, blinkwait: None, blinkon: None, blinkoff: None }, CursorMode { shape: None, style_id: None, cell_percentage: None, blinkwait: None, blinkon: None, blinkoff: None }, CursorMode { shape: None, style_id: None, cell_percentage: None, blinkwait: None, blinkon: None, blinkoff: None }, CursorMode { shape: None, style_id: None, cell_percentage: None, blinkwait: None, blinkon: None, blinkoff: None }, CursorMode { shape: None, style_id: None, cell_percentage: None, blinkwait: None, blinkon: None, blinkoff: None }, CursorMode { shape: None, style_id: None, cell_percentage: None, blinkwait: None, blinkon: None, blinkoff: None }, CursorMode { shape: None, style_id: None, cell_percentage: None, blinkwait: None, blinkon: None, blinkoff: None }, CursorMode { shape: Some(Block), style_id: Some(0), cell_percentage: Some(0.0), blinkwait: Some(0), blinkon: Some(0), blinkoff: Some(0) }, CursorMode { shape: Some(Block), style_id: Some(0), cell_percentage: Some(0.0), blinkwait: Some(0), blinkon: Some(0), blinkoff: Some(0) }] }
TRACE [neovide::channel_utils] neovim_handler ModeChange { mode: Normal, mode_index: 0 }
TRACE [neovide::channel_utils] neovim_handler MouseOn
TRACE [neovide::channel_utils] neovim_handler Flush
TRACE [neovide::editor] Image flushed
TRACE [neovide::editor] send_batch
TRACE [neovide::bridge::handler] Neovim notification: "redraw"
TRACE [neovide::channel_utils] neovim_handler WindowViewportMargins { grid: 4, top: 0, bottom: 0, left: 0, right: 0 }
TRACE [neovide::channel_utils] neovim_handler HighlightAttributesDefine { id: 200, style: Style { colors: Colors { foreground: None, background: None, special: None }, reverse: false, italic: false, bold: false, strikethrough: false, blend: 0, underline: None }, name: None }
TRACE [neovide::channel_utils] neovim_handler SetTitle { title: "[Cmd]" }
TRACE [neovide::channel_utils] neovim_handler WindowViewportMargins { grid: 5, top: 0, bottom: 0, left: 0, right: 0 }
TRACE [neovide::channel_utils] neovim_handler SetTitle { title: "[Dialog]" }
TRACE [neovide::channel_utils] neovim_handler WindowViewportMargins { grid: 6, top: 0, bottom: 0, left: 0, right: 0 }
TRACE [neovide::channel_utils] neovim_handler SetTitle { title: "[Msg]" }
TRACE [neovide::channel_utils] neovim_handler WindowViewportMargins { grid: 7, top: 0, bottom: 0, left: 0, right: 0 }
TRACE [neovide::channel_utils] neovim_handler SetTitle { title: "[Pager]" }
TRACE [neovide::channel_utils] neovim_handler WindowViewportMargins { grid: 4, top: 0, bottom: 0, left: 0, right: 0 }
TRACE [neovide::channel_utils] neovim_handler Resize { grid: 7, width: 10000, height: 1 }
TRACE [neovide::channel_utils] neovim_handler GridLine { grid: 7, row: 0, column_start: 0, cells: [GridLineCell { text: " ", highlight_id: Some(100), repeat: Some(10000) }] }
TRACE [neovide::channel_utils] neovim_handler Resize { grid: 6, width: 10000, height: 1 }
TRACE [neovide::channel_utils] neovim_handler GridLine { grid: 6, row: 0, column_start: 0, cells: [GridLineCell { text: " ", highlight_id: Some(104), repeat: Some(10000) }] }
TRACE [neovide::channel_utils] neovim_handler Resize { grid: 5, width: 10000, height: 1 }
TRACE [neovide::channel_utils] neovim_handler GridLine { grid: 5, row: 0, column_start: 0, cells: [GridLineCell { text: " ", highlight_id: Some(100), repeat: Some(10000) }] }
TRACE [neovide::channel_utils] neovim_handler Resize { grid: 4, width: 10000, height: 1 }
TRACE [neovide::channel_utils] neovim_handler GridLine { grid: 4, row: 0, column_start: 0, cells: [GridLineCell { text: " ", highlight_id: Some(100), repeat: Some(10000) }] }
TRACE [neovide::channel_utils] neovim_handler WindowViewport { grid: 2, top_line: 0.0, bottom_line: 4.0, current_line: 0.0, current_column: 0.0, line_count: Some(3.0), scroll_delta: Some(0.0) }
TRACE [neovide::channel_utils] neovim_handler WindowHide { grid: 7 }
TRACE [neovide::channel_utils] neovim_handler WindowViewport { grid: 7, top_line: 0.0, bottom_line: 1.0, current_line: 0.0, current_column: 0.0, line_count: Some(1.0), scroll_delta: Some(0.0) }
TRACE [neovide::channel_utils] neovim_handler WindowHide { grid: 6 }
TRACE [neovide::channel_utils] neovim_handler WindowViewport { grid: 6, top_line: 0.0, bottom_line: 1.0, current_line: 0.0, current_column: 0.0, line_count: Some(1.0), scroll_delta: Some(0.0) }
TRACE [neovide::channel_utils] neovim_handler WindowHide { grid: 5 }
TRACE [neovide::channel_utils] neovim_handler WindowViewport { grid: 5, top_line: 0.0, bottom_line: 1.0, current_line: 0.0, current_column: 0.0, line_count: Some(1.0), scroll_delta: Some(0.0) }
TRACE [neovide::channel_utils] neovim_handler WindowFloatPosition { grid: 4, anchor: NorthWest, anchor_grid: 1, anchor_row: 13.0, anchor_column: 0.0, mouse_enabled: false, z_index: 200, comp_index: Some(1), screen_row: Some(13), screen_col: Some(0) }
TRACE [neovide::channel_utils] neovim_handler WindowViewport { grid: 4, top_line: 0.0, bottom_line: 1.0, current_line: 0.0, current_column: 0.0, line_count: Some(1.0), scroll_delta: Some(0.0) }
TRACE [neovide::channel_utils] neovim_handler Flush
TRACE [neovide::editor] Image flushed
TRACE [neovide::editor] send_batch
TRACE [neovide::renderer::fonts::font_loader] Loading font FontKey { font_desc: Some(FontDescription { family: "IosevkaTerm Nerd Font", style: None }), hinting: Full, edging: AntiAlias }
INFO [neovide::renderer::fonts::caching_shaper] Reset Font Loader: font_size: 18.67px, font_width: 9.33px
TRACE [neovide::renderer::grid_renderer] Updated font dimensions: GridScale { transform: Transform2 { matrix: [(9.333334, 0.0, 0.0), (0.0, 24.0, 0.0), (0.0, 0.0, 1.0)] } }
TRACE [neovide::renderer::rendered_window] Handling Viewport 2
INFO [neovide::window::window_wrapper] Route ready for initial window creation
DEBUG [neovide::settings::window_size] Loaded window settings: Windowed { position: PhysicalPosition { x: 1156, y: 544 }, pixel_size: Some(PhysicalSize { width: 759, height: 531 }), grid_size: Some(Size2 { width: 52, height: 14 }) }
DEBUG [neovide::settings::window_size] Loaded window settings: Windowed { position: PhysicalPosition { x: 1156, y: 544 }, pixel_size: Some(PhysicalSize { width: 759, height: 531 }), grid_size: Some(Size2 { width: 52, height: 14 }) }
DEBUG [neovide::renderer::fonts::caching_shaper] scale_factor changed: 1.00
TRACE [neovide::renderer::fonts::font_loader] Loading font FontKey { font_desc: Some(FontDescription { family: "IosevkaTerm Nerd Font", style: None }), hinting: Full, edging: AntiAlias }
INFO [neovide::renderer::fonts::caching_shaper] Reset Font Loader: font_size: 18.67px, font_width: 9.33px
TRACE [neovide::renderer::grid_renderer] Updated font dimensions: GridScale { transform: Transform2 { matrix: [(9.333334, 0.0, 0.0), (0.0, 24.0, 0.0), (0.0, 0.0, 1.0)] } }
DEBUG [neovide::renderer::fonts::caching_shaper] scale_factor changed: 1.51
TRACE [neovide::renderer::fonts::font_loader] Loading font FontKey { font_desc: Some(FontDescription { family: "IosevkaTerm Nerd Font", style: None }), hinting: Full, edging: AntiAlias }
INFO [neovide::renderer::fonts::caching_shaper] Reset Font Loader: font_size: 28.19px, font_width: 14.10px
TRACE [neovide::renderer::grid_renderer] Updated font dimensions: GridScale { transform: Transform2 { matrix: [(14.097223, 0.0, 0.0), (0.0, 36.0, 0.0), (0.0, 0.0, 1.0)] } }
INFO [neovide::window::window_wrapper] Showing window size: PhysicalSize {
    width: 759,
    height: 531,
}, maximized: false
INFO [neovide::window::window_wrapper] window created (scale_factor: 1.5104, font_dimensions: GridScale { transform: Transform2 { matrix: [(14.097223, 0.0, 0.0), (0.0, 36.0, 0.0), (0.0, 0.0, 1.0)] } })
TRACE [neovide::renderer::rendered_window] Handling Viewport 2
TRACE [neovide::renderer::rendered_window] Handling Viewport 7
TRACE [neovide::renderer::rendered_window] Handling Viewport 6
TRACE [neovide::renderer::rendered_window] Handling Viewport 5
TRACE [neovide::renderer::rendered_window] Handling Viewport 4
INFO [neovide::window::window_wrapper] Resizing grid based on window size. Grid Size: Size2 { width: 52, height: 14 }, Window Size PhysicalSize { width: 759, height: 531 }
TRACE [neovide::channel_utils] UICommand Parallel(Resize { width: 52, height: 14 })
TRACE [neovide::channel_utils] UICommand Parallel(Resize { width: 52, height: 14 })
TRACE [neovide::renderer::fonts::caching_shaper] Shaping text: "1"
TRACE [neovide::renderer::fonts::caching_shaper] Shaping text: "busybox"
TRACE [neovide::renderer::fonts::caching_shaper] Shaping text: ":"
TRACE [neovide::renderer::fonts::caching_shaper] Shaping text: "true"
TRACE [neovide::renderer::fonts::caching_shaper] Shaping text: "compression"
TRACE [neovide::renderer::fonts::caching_shaper] Shaping text: "zstd"
TRACE [neovide::renderer::fonts::caching_shaper] Shaping text: "2"
TRACE [neovide::renderer::fonts::caching_shaper] Shaping text: "modules_force_load"
TRACE [neovide::renderer::fonts::caching_shaper] Shaping text: "nvidia,nvidia_modeset,nvid"
TRACE [neovide::renderer::fonts::caching_shaper] Shaping text: "~"
TRACE [neovide::renderer::fonts::caching_shaper] Shaping text: "/etc/booster.yaml"
TRACE [neovide::renderer::fonts::caching_shaper] Shaping text: "1,1"
TRACE [neovide::renderer::fonts::caching_shaper] Shaping text: "All"
INFO [neovide::window::window_wrapper] Ime disabled
INFO [neovide::window::window_wrapper] Ime enabled
INFO [neovide::renderer::grid_renderer] blend 0
DEBUG [neovide::renderer] zindex: 200, base: 0
DEBUG [neovide::renderer] layer: [(4, SortOrder { z_index: 200, composition_order: 1 })]
TRACE [neovide::renderer::rendered_window] region: Box2 { min: Point2 { x: 8.0, y: 8.0 }, max: Point2 { x: 751.0, y: 512.0 } }, inner: Rect { left: 8.0, top: 8.0, right: 751.0, bottom: 512.0 }, pics: 1
TRACE [neovide::bridge::handler] Neovim notification: "redraw"
TRACE [neovide::channel_utils] neovim_handler OptionSet { gui_option: Unknown("ext_cmdline", Boolean(true)) }
TRACE [neovide::channel_utils] neovim_handler OptionSet { gui_option: Unknown("ext_popupmenu", Boolean(false)) }
TRACE [neovide::channel_utils] neovim_handler OptionSet { gui_option: Unknown("ext_tabline", Boolean(false)) }
TRACE [neovide::channel_utils] neovim_handler OptionSet { gui_option: Unknown("ext_wildmenu", Boolean(false)) }
TRACE [neovide::channel_utils] neovim_handler OptionSet { gui_option: Unknown("ext_messages", Boolean(true)) }
TRACE [neovide::editor] Option set Unknown("ext_cmdline", Boolean(true))
TRACE [neovide::editor] Option set Unknown("ext_popupmenu", Boolean(false))
TRACE [neovide::channel_utils] neovim_handler DefaultColorsSet { colors: Colors { foreground: Some(Color4f { r: 0.77254903, g: 0.7882353, b: 0.77254903, a: 1.0 }), background: Some(Color4f { r: 0.09411765, g: 0.08627451, b: 0.08627451, a: 1.0 }), special: Some(Color4f { r: 1.0, g: 0.0, b: 0.0, a: 1.0 }) } }
TRACE [neovide::editor] Option set Unknown("ext_tabline", Boolean(false))
TRACE [neovide::editor] Option set Unknown("ext_wildmenu", Boolean(false))
TRACE [neovide::channel_utils] neovim_handler Resize { grid: 1, width: 52, height: 14 }
TRACE [neovide::editor] Option set Unknown("ext_messages", Boolean(true))
TRACE [neovide::channel_utils] neovim_handler Clear { grid: 1 }
TRACE [neovide::channel_utils] neovim_handler SetTitle { title: "/etc/booster.yaml" }
TRACE [neovide::channel_utils] neovim_handler Resize { grid: 2, width: 52, height: 12 }
TRACE [neovide::channel_utils] neovim_handler GridLine { grid: 1, row: 12, column_start: 0, cells: [GridLineCell { text: "/", highlight_id: Some(104), repeat: None }, GridLineCell { text: "e", highlight_id: None, repeat: None }, GridLineCell { text: "t", highlight_id: None, repeat: None }, GridLineCell { text: "c", highlight_id: None, repeat: None }, GridLineCell { text: "/", highlight_id: None, repeat: None }, GridLineCell { text: "b", highlight_id: None, repeat: None }, GridLineCell { text: "o", highlight_id: Some(104), repeat: Some(2) }, GridLineCell { text: "s", highlight_id: None, repeat: None }, GridLineCell { text: "t", highlight_id: None, repeat: None }, GridLineCell { text: "e", highlight_id: None, repeat: None }, GridLineCell { text: "r", highlight_id: None, repeat: None }, GridLineCell { text: ".", highlight_id: None, repeat: None }, GridLineCell { text: "y", highlight_id: None, repeat: None }, GridLineCell { text: "a", highlight_id: None, repeat: None }, GridLineCell { text: "m", highlight_id: None, repeat: None }, GridLineCell { text: "l", highlight_id: None, repeat: None }, GridLineCell { text: " ", highlight_id: Some(104), repeat: Some(17) }, GridLineCell { text: "1", highlight_id: None, repeat: None }, GridLineCell { text: ",", highlight_id: None, repeat: None }, GridLineCell { text: "1", highlight_id: None, repeat: None }, GridLineCell { text: " ", highlight_id: Some(104), repeat: Some(12) }, GridLineCell { text: "A", highlight_id: None, repeat: None }, GridLineCell { text: "l", highlight_id: Some(104), repeat: Some(2) }] }
TRACE [neovide::channel_utils] neovim_handler Resize { grid: 7, width: 10000, height: 1 }
TRACE [neovide::channel_utils] neovim_handler GridLine { grid: 7, row: 0, column_start: 0, cells: [GridLineCell { text: " ", highlight_id: Some(100), repeat: Some(10000) }] }
TRACE [neovide::channel_utils] neovim_handler Resize { grid: 6, width: 10000, height: 1 }
TRACE [neovide::channel_utils] neovim_handler GridLine { grid: 6, row: 0, column_start: 0, cells: [GridLineCell { text: " ", highlight_id: Some(104), repeat: Some(10000) }] }
TRACE [neovide::channel_utils] neovim_handler Resize { grid: 5, width: 10000, height: 1 }
TRACE [neovide::channel_utils] neovim_handler GridLine { grid: 5, row: 0, column_start: 0, cells: [GridLineCell { text: " ", highlight_id: Some(100), repeat: Some(10000) }] }
TRACE [neovide::channel_utils] neovim_handler Resize { grid: 4, width: 10000, height: 1 }
TRACE [neovide::channel_utils] neovim_handler GridLine { grid: 4, row: 0, column_start: 0, cells: [GridLineCell { text: " ", highlight_id: Some(100), repeat: Some(10000) }] }
TRACE [neovide::channel_utils] neovim_handler WindowViewport { grid: 2, top_line: 0.0, bottom_line: 4.0, current_line: 0.0, current_column: 0.0, line_count: Some(3.0), scroll_delta: Some(0.0) }
TRACE [neovide::channel_utils] neovim_handler WindowViewport { grid: 7, top_line: 0.0, bottom_line: 1.0, current_line: 0.0, current_column: 0.0, line_count: Some(1.0), scroll_delta: Some(0.0) }
TRACE [neovide::channel_utils] neovim_handler WindowViewport { grid: 6, top_line: 0.0, bottom_line: 1.0, current_line: 0.0, current_column: 0.0, line_count: Some(1.0), scroll_delta: Some(0.0) }
TRACE [neovide::channel_utils] neovim_handler WindowViewport { grid: 5, top_line: 0.0, bottom_line: 1.0, current_line: 0.0, current_column: 0.0, line_count: Some(1.0), scroll_delta: Some(0.0) }
TRACE [neovide::channel_utils] neovim_handler WindowViewport { grid: 4, top_line: 0.0, bottom_line: 1.0, current_line: 0.0, current_column: 0.0, line_count: Some(1.0), scroll_delta: Some(0.0) }
TRACE [neovide::channel_utils] neovim_handler CursorGoto { grid: 2, row: 0, column: 6 }
TRACE [neovide::channel_utils] neovim_handler Flush
TRACE [neovide::bridge::handler] Neovim notification: "redraw"
TRACE [neovide::channel_utils] neovim_handler ModeInfoSet { cursor_modes: [CursorMode { shape: Some(Block), style_id: Some(0), cell_percentage: Some(0.0), blinkwait: Some(0), blinkon: Some(0), blinkoff: Some(0) }, CursorMode { shape: Some(Block), style_id: Some(0), cell_percentage: Some(0.0), blinkwait: Some(0), blinkon: Some(0), blinkoff: Some(0) }, CursorMode { shape: Some(Block), style_id: Some(0), cell_percentage: Some(0.0), blinkwait: Some(0), blinkon: Some(0), blinkoff: Some(0) }, CursorMode { shape: Some(Block), style_id: Some(0), cell_percentage: Some(0.0), blinkwait: Some(0), blinkon: Some(0), blinkoff: Some(0) }, CursorMode { shape: Some(Block), style_id: Some(0), cell_percentage: Some(0.0), blinkwait: Some(0), blinkon: Some(0), blinkoff: Some(0) }, CursorMode { shape: Some(Block), style_id: Some(0), cell_percentage: Some(0.0), blinkwait: Some(0), blinkon: Some(0), blinkoff: Some(0) }, CursorMode { shape: Some(Block), style_id: Some(0), cell_percentage: Some(0.0), blinkwait: Some(0), blinkon: Some(0), blinkoff: Some(0) }, CursorMode { shape: Some(Block), style_id: Some(0), cell_percentage: Some(0.0), blinkwait: Some(0), blinkon: Some(0), blinkoff: Some(0) }, CursorMode { shape: Some(Block), style_id: Some(0), cell_percentage: Some(0.0), blinkwait: Some(0), blinkon: Some(0), blinkoff: Some(0) }, CursorMode { shape: None, style_id: None, cell_percentage: None, blinkwait: None, blinkon: None, blinkoff: None }, CursorMode { shape: None, style_id: None, cell_percentage: None, blinkwait: None, blinkon: None, blinkoff: None }, CursorMode { shape: None, style_id: None, cell_percentage: None, blinkwait: None, blinkon: None, blinkoff: None }, CursorMode { shape: None, style_id: None, cell_percentage: None, blinkwait: None, blinkon: None, blinkoff: None }, CursorMode { shape: None, style_id: None, cell_percentage: None, blinkwait: None, blinkon: None, blinkoff: None }, CursorMode { shape: None, style_id: None, cell_percentage: None, blinkwait: None, blinkon: None, blinkoff: None }, CursorMode { shape: None, style_id: None, cell_percentage: None, blinkwait: None, blinkon: None, blinkoff: None }, CursorMode { shape: Some(Block), style_id: Some(0), cell_percentage: Some(0.0), blinkwait: Some(0), blinkon: Some(0), blinkoff: Some(0) }, CursorMode { shape: Some(Block), style_id: Some(0), cell_percentage: Some(0.0), blinkwait: Some(0), blinkon: Some(0), blinkoff: Some(0) }] }
TRACE [neovide::channel_utils] neovim_handler ModeChange { mode: Normal, mode_index: 0 }
TRACE [neovide::channel_utils] neovim_handler MouseOn
TRACE [neovide::channel_utils] neovim_handler Flush
TRACE [neovide::renderer::rendered_window] region: Box2 { min: Point2 { x: 8.0, y: 8.0 }, max: Point2 { x: 751.0, y: 440.0 } }, inner: Rect { left: 8.0, top: 8.0, right: 751.0, bottom: 440.0 }, pics: 12
TRACE [neovide::renderer::rendered_window] region: Box2 { min: Point2 { x: 8.0, y: 476.0 }, max: Point2 { x: 140980.23, y: 512.0 } }, inner: Rect { left: 8.0, top: 476.0, right: 140980.23, bottom: 512.0 }, pics: 1
TRACE [neovide::renderer::fonts::caching_shaper] Shaping text: "b"
TRACE [neovide::editor] Image flushed
TRACE [neovide::editor] send_batch
TRACE [neovide::editor] Image flushed
TRACE [neovide::editor] send_batch
INFO [neovide::renderer::grid_renderer] blend 0
DEBUG [neovide::renderer] zindex: 200, base: 0
DEBUG [neovide::renderer] layer: [(4, SortOrder { z_index: 200, composition_order: 1 })]
TRACE [neovide::renderer::rendered_window] region: Box2 { min: Point2 { x: 8.0, y: 8.0 }, max: Point2 { x: 751.0, y: 512.0 } }, inner: Rect { left: 8.0, top: 8.0, right: 751.0, bottom: 512.0 }, pics: 1
TRACE [neovide::renderer::rendered_window] region: Box2 { min: Point2 { x: 8.0, y: 8.0 }, max: Point2 { x: 751.0, y: 440.0 } }, inner: Rect { left: 8.0, top: 8.0, right: 751.0, bottom: 440.0 }, pics: 12
TRACE [neovide::renderer::rendered_window] region: Box2 { min: Point2 { x: 8.0, y: 476.0 }, max: Point2 { x: 140980.23, y: 512.0 } }, inner: Rect { left: 8.0, top: 476.0, right: 140980.23, bottom: 512.0 }, pics: 1
TRACE [neovide::renderer::rendered_window] Handling Viewport 2
TRACE [neovide::renderer::rendered_window] Handling Viewport 7
TRACE [neovide::renderer::rendered_window] Handling Viewport 6
TRACE [neovide::renderer::rendered_window] Handling Viewport 5
TRACE [neovide::renderer::rendered_window] Handling Viewport 4
TRACE [neovide::channel_utils] UICommand Parallel(FocusLost)
TRACE [neovide::channel_utils] UICommand Parallel(FocusGained)
TRACE [neovide::channel_utils] UICommand Parallel(FocusLost)
TRACE [neovide::channel_utils] UICommand Parallel(FocusGained)
TRACE [neovide::window::keyboard_manager] Modifiers { state: ModifiersState(0x0), pressed_mods: ModifiersKeys(0x0) }
INFO [neovide::renderer::grid_renderer] blend 0
DEBUG [neovide::renderer] zindex: 200, base: 0
DEBUG [neovide::renderer] layer: [(4, SortOrder { z_index: 200, composition_order: 1 })]
TRACE [neovide::renderer::rendered_window] region: Box2 { min: Point2 { x: 8.0, y: 8.0 }, max: Point2 { x: 751.0, y: 512.0 } }, inner: Rect { left: 8.0, top: 8.0, right: 751.0, bottom: 512.0 }, pics: 1
TRACE [neovide::renderer::rendered_window] region: Box2 { min: Point2 { x: 8.0, y: 8.0 }, max: Point2 { x: 751.0, y: 440.0 } }, inner: Rect { left: 8.0, top: 8.0, right: 751.0, bottom: 440.0 }, pics: 12
TRACE [neovide::renderer::rendered_window] region: Box2 { min: Point2 { x: 8.0, y: 476.0 }, max: Point2 { x: 140980.23, y: 512.0 } }, inner: Rect { left: 8.0, top: 476.0, right: 140980.23, bottom: 512.0 }, pics: 1
INFO [neovide::renderer::grid_renderer] blend 0
DEBUG [neovide::renderer] zindex: 200, base: 0
DEBUG [neovide::renderer] layer: [(4, SortOrder { z_index: 200, composition_order: 1 })]
TRACE [neovide::renderer::rendered_window] region: Box2 { min: Point2 { x: 8.0, y: 8.0 }, max: Point2 { x: 751.0, y: 512.0 } }, inner: Rect { left: 8.0, top: 8.0, right: 751.0, bottom: 512.0 }, pics: 1
TRACE [neovide::renderer::rendered_window] region: Box2 { min: Point2 { x: 8.0, y: 8.0 }, max: Point2 { x: 751.0, y: 440.0 } }, inner: Rect { left: 8.0, top: 8.0, right: 751.0, bottom: 440.0 }, pics: 12
TRACE [neovide::renderer::rendered_window] region: Box2 { min: Point2 { x: 8.0, y: 476.0 }, max: Point2 { x: 140980.23, y: 512.0 } }, inner: Rect { left: 8.0, top: 476.0, right: 140980.23, bottom: 512.0 }, pics: 1
INFO [neovide::renderer::grid_renderer] blend 0
DEBUG [neovide::renderer] zindex: 200, base: 0
DEBUG [neovide::renderer] layer: [(4, SortOrder { z_index: 200, composition_order: 1 })]
TRACE [neovide::renderer::rendered_window] region: Box2 { min: Point2 { x: 8.0, y: 8.0 }, max: Point2 { x: 751.0, y: 512.0 } }, inner: Rect { left: 8.0, top: 8.0, right: 751.0, bottom: 512.0 }, pics: 1
TRACE [neovide::renderer::rendered_window] region: Box2 { min: Point2 { x: 8.0, y: 8.0 }, max: Point2 { x: 751.0, y: 440.0 } }, inner: Rect { left: 8.0, top: 8.0, right: 751.0, bottom: 440.0 }, pics: 12
TRACE [neovide::renderer::rendered_window] region: Box2 { min: Point2 { x: 8.0, y: 476.0 }, max: Point2 { x: 140980.23, y: 512.0 } }, inner: Rect { left: 8.0, top: 476.0, right: 140980.23, bottom: 512.0 }, pics: 1
INFO [neovide::renderer::grid_renderer] blend 0
DEBUG [neovide::renderer] zindex: 200, base: 0
DEBUG [neovide::renderer] layer: [(4, SortOrder { z_index: 200, composition_order: 1 })]
TRACE [neovide::renderer::rendered_window] region: Box2 { min: Point2 { x: 8.0, y: 8.0 }, max: Point2 { x: 751.0, y: 512.0 } }, inner: Rect { left: 8.0, top: 8.0, right: 751.0, bottom: 512.0 }, pics: 1
TRACE [neovide::renderer::rendered_window] region: Box2 { min: Point2 { x: 8.0, y: 8.0 }, max: Point2 { x: 751.0, y: 440.0 } }, inner: Rect { left: 8.0, top: 8.0, right: 751.0, bottom: 440.0 }, pics: 12
TRACE [neovide::renderer::rendered_window] region: Box2 { min: Point2 { x: 8.0, y: 476.0 }, max: Point2 { x: 140980.23, y: 512.0 } }, inner: Rect { left: 8.0, top: 476.0, right: 140980.23, bottom: 512.0 }, pics: 1
INFO [neovide::renderer::grid_renderer] blend 0
DEBUG [neovide::renderer] zindex: 200, base: 0
DEBUG [neovide::renderer] layer: [(4, SortOrder { z_index: 200, composition_order: 1 })]
TRACE [neovide::renderer::rendered_window] region: Box2 { min: Point2 { x: 8.0, y: 8.0 }, max: Point2 { x: 751.0, y: 512.0 } }, inner: Rect { left: 8.0, top: 8.0, right: 751.0, bottom: 512.0 }, pics: 1
TRACE [neovide::renderer::rendered_window] region: Box2 { min: Point2 { x: 8.0, y: 8.0 }, max: Point2 { x: 751.0, y: 440.0 } }, inner: Rect { left: 8.0, top: 8.0, right: 751.0, bottom: 440.0 }, pics: 12
TRACE [neovide::renderer::rendered_window] region: Box2 { min: Point2 { x: 8.0, y: 476.0 }, max: Point2 { x: 140980.23, y: 512.0 } }, inner: Rect { left: 8.0, top: 476.0, right: 140980.23, bottom: 512.0 }, pics: 1
INFO [neovide::renderer::grid_renderer] blend 0
DEBUG [neovide::renderer] zindex: 200, base: 0
DEBUG [neovide::renderer] layer: [(4, SortOrder { z_index: 200, composition_order: 1 })]
TRACE [neovide::renderer::rendered_window] region: Box2 { min: Point2 { x: 8.0, y: 8.0 }, max: Point2 { x: 751.0, y: 512.0 } }, inner: Rect { left: 8.0, top: 8.0, right: 751.0, bottom: 512.0 }, pics: 1
TRACE [neovide::renderer::rendered_window] region: Box2 { min: Point2 { x: 8.0, y: 8.0 }, max: Point2 { x: 751.0, y: 440.0 } }, inner: Rect { left: 8.0, top: 8.0, right: 751.0, bottom: 440.0 }, pics: 12
TRACE [neovide::renderer::rendered_window] region: Box2 { min: Point2 { x: 8.0, y: 476.0 }, max: Point2 { x: 140980.23, y: 512.0 } }, inner: Rect { left: 8.0, top: 476.0, right: 140980.23, bottom: 512.0 }, pics: 1
INFO [neovide::renderer::grid_renderer] blend 0
DEBUG [neovide::renderer] zindex: 200, base: 0
DEBUG [neovide::renderer] layer: [(4, SortOrder { z_index: 200, composition_order: 1 })]
TRACE [neovide::renderer::rendered_window] region: Box2 { min: Point2 { x: 8.0, y: 8.0 }, max: Point2 { x: 751.0, y: 512.0 } }, inner: Rect { left: 8.0, top: 8.0, right: 751.0, bottom: 512.0 }, pics: 1
TRACE [neovide::renderer::rendered_window] region: Box2 { min: Point2 { x: 8.0, y: 8.0 }, max: Point2 { x: 751.0, y: 440.0 } }, inner: Rect { left: 8.0, top: 8.0, right: 751.0, bottom: 440.0 }, pics: 12
TRACE [neovide::renderer::rendered_window] region: Box2 { min: Point2 { x: 8.0, y: 476.0 }, max: Point2 { x: 140980.23, y: 512.0 } }, inner: Rect { left: 8.0, top: 476.0, right: 140980.23, bottom: 512.0 }, pics: 1
INFO [neovide::renderer::grid_renderer] blend 0
DEBUG [neovide::renderer] zindex: 200, base: 0
DEBUG [neovide::renderer] layer: [(4, SortOrder { z_index: 200, composition_order: 1 })]
TRACE [neovide::renderer::rendered_window] region: Box2 { min: Point2 { x: 8.0, y: 8.0 }, max: Point2 { x: 751.0, y: 512.0 } }, inner: Rect { left: 8.0, top: 8.0, right: 751.0, bottom: 512.0 }, pics: 1
TRACE [neovide::renderer::rendered_window] region: Box2 { min: Point2 { x: 8.0, y: 8.0 }, max: Point2 { x: 751.0, y: 440.0 } }, inner: Rect { left: 8.0, top: 8.0, right: 751.0, bottom: 440.0 }, pics: 12
TRACE [neovide::renderer::rendered_window] region: Box2 { min: Point2 { x: 8.0, y: 476.0 }, max: Point2 { x: 140980.23, y: 512.0 } }, inner: Rect { left: 8.0, top: 476.0, right: 140980.23, bottom: 512.0 }, pics: 1
INFO [neovide::renderer::grid_renderer] blend 0
DEBUG [neovide::renderer] zindex: 200, base: 0
DEBUG [neovide::renderer] layer: [(4, SortOrder { z_index: 200, composition_order: 1 })]
TRACE [neovide::renderer::rendered_window] region: Box2 { min: Point2 { x: 8.0, y: 8.0 }, max: Point2 { x: 751.0, y: 512.0 } }, inner: Rect { left: 8.0, top: 8.0, right: 751.0, bottom: 512.0 }, pics: 1
TRACE [neovide::renderer::rendered_window] region: Box2 { min: Point2 { x: 8.0, y: 8.0 }, max: Point2 { x: 751.0, y: 440.0 } }, inner: Rect { left: 8.0, top: 8.0, right: 751.0, bottom: 440.0 }, pics: 12
TRACE [neovide::renderer::rendered_window] region: Box2 { min: Point2 { x: 8.0, y: 476.0 }, max: Point2 { x: 140980.23, y: 512.0 } }, inner: Rect { left: 8.0, top: 476.0, right: 140980.23, bottom: 512.0 }, pics: 1
INFO [neovide::renderer::grid_renderer] blend 0
DEBUG [neovide::renderer] zindex: 200, base: 0
DEBUG [neovide::renderer] layer: [(4, SortOrder { z_index: 200, composition_order: 1 })]
TRACE [neovide::renderer::rendered_window] region: Box2 { min: Point2 { x: 8.0, y: 8.0 }, max: Point2 { x: 751.0, y: 512.0 } }, inner: Rect { left: 8.0, top: 8.0, right: 751.0, bottom: 512.0 }, pics: 1
TRACE [neovide::renderer::rendered_window] region: Box2 { min: Point2 { x: 8.0, y: 8.0 }, max: Point2 { x: 751.0, y: 440.0 } }, inner: Rect { left: 8.0, top: 8.0, right: 751.0, bottom: 440.0 }, pics: 12
TRACE [neovide::renderer::rendered_window] region: Box2 { min: Point2 { x: 8.0, y: 476.0 }, max: Point2 { x: 140980.23, y: 512.0 } }, inner: Rect { left: 8.0, top: 476.0, right: 140980.23, bottom: 512.0 }, pics: 1
INFO [neovide::renderer::grid_renderer] blend 0
DEBUG [neovide::renderer] zindex: 200, base: 0
DEBUG [neovide::renderer] layer: [(4, SortOrder { z_index: 200, composition_order: 1 })]
TRACE [neovide::renderer::rendered_window] region: Box2 { min: Point2 { x: 8.0, y: 8.0 }, max: Point2 { x: 751.0, y: 512.0 } }, inner: Rect { left: 8.0, top: 8.0, right: 751.0, bottom: 512.0 }, pics: 1
TRACE [neovide::renderer::rendered_window] region: Box2 { min: Point2 { x: 8.0, y: 8.0 }, max: Point2 { x: 751.0, y: 440.0 } }, inner: Rect { left: 8.0, top: 8.0, right: 751.0, bottom: 440.0 }, pics: 12
TRACE [neovide::renderer::rendered_window] region: Box2 { min: Point2 { x: 8.0, y: 476.0 }, max: Point2 { x: 140980.23, y: 512.0 } }, inner: Rect { left: 8.0, top: 476.0, right: 140980.23, bottom: 512.0 }, pics: 1
INFO [neovide::renderer::grid_renderer] blend 0
DEBUG [neovide::renderer] zindex: 200, base: 0
DEBUG [neovide::renderer] layer: [(4, SortOrder { z_index: 200, composition_order: 1 })]
TRACE [neovide::renderer::rendered_window] region: Box2 { min: Point2 { x: 8.0, y: 8.0 }, max: Point2 { x: 751.0, y: 512.0 } }, inner: Rect { left: 8.0, top: 8.0, right: 751.0, bottom: 512.0 }, pics: 1
TRACE [neovide::renderer::rendered_window] region: Box2 { min: Point2 { x: 8.0, y: 8.0 }, max: Point2 { x: 751.0, y: 440.0 } }, inner: Rect { left: 8.0, top: 8.0, right: 751.0, bottom: 440.0 }, pics: 12
TRACE [neovide::renderer::rendered_window] region: Box2 { min: Point2 { x: 8.0, y: 476.0 }, max: Point2 { x: 140980.23, y: 512.0 } }, inner: Rect { left: 8.0, top: 476.0, right: 140980.23, bottom: 512.0 }, pics: 1
INFO [neovide::renderer::grid_renderer] blend 0
DEBUG [neovide::renderer] zindex: 200, base: 0
DEBUG [neovide::renderer] layer: [(4, SortOrder { z_index: 200, composition_order: 1 })]
TRACE [neovide::renderer::rendered_window] region: Box2 { min: Point2 { x: 8.0, y: 8.0 }, max: Point2 { x: 751.0, y: 512.0 } }, inner: Rect { left: 8.0, top: 8.0, right: 751.0, bottom: 512.0 }, pics: 1
TRACE [neovide::renderer::rendered_window] region: Box2 { min: Point2 { x: 8.0, y: 8.0 }, max: Point2 { x: 751.0, y: 440.0 } }, inner: Rect { left: 8.0, top: 8.0, right: 751.0, bottom: 440.0 }, pics: 12
TRACE [neovide::renderer::rendered_window] region: Box2 { min: Point2 { x: 8.0, y: 476.0 }, max: Point2 { x: 140980.23, y: 512.0 } }, inner: Rect { left: 8.0, top: 476.0, right: 140980.23, bottom: 512.0 }, pics: 1
TRACE [neovide::window::keyboard_manager] KeyEvent {
    physical_key: Code(
        KeyJ,
    ),
    logical_key: Character(
        "j",
    ),
    text: Some(
        "j",
    ),
    location: Standard,
    state: Pressed,
    repeat: false,
    platform_specific: KeyEventExtra {
        text_with_all_modifiers: Some(
            "j",
        ),
        key_without_modifiers: Character(
            "j",
        ),
    },
}
TRACE [neovide::window::keyboard_manager] Key pressed j ModifiersState(0x0)
TRACE [neovide::channel_utils] UICommand Serial(Keyboard("j"))
TRACE [neovide::channel_utils] UICommand Serial(Keyboard("j"))
TRACE [neovide::bridge::ui_commands] In Serial Command
TRACE [neovide::bridge::ui_commands] Keyboard Input Sent: j
TRACE [neovide::bridge::handler] Neovim notification: "redraw"
TRACE [neovide::channel_utils] neovim_handler GridLine { grid: 4, row: 0, column_start: 41, cells: [GridLineCell { text: "j", highlight_id: Some(100), repeat: None }] }
TRACE [neovide::channel_utils] neovim_handler WindowViewport { grid: 4, top_line: 0.0, bottom_line: 1.0, current_line: 0.0, current_column: 0.0, line_count: Some(1.0), scroll_delta: Some(0.0) }
TRACE [neovide::channel_utils] neovim_handler Flush
TRACE [neovide::editor] Image flushed
TRACE [neovide::editor] send_batch
TRACE [neovide::renderer::rendered_window] Handling Viewport 4
TRACE [neovide::renderer::fonts::caching_shaper] Shaping text: "j"
INFO [neovide::renderer::grid_renderer] blend 0
DEBUG [neovide::renderer] zindex: 200, base: 0
DEBUG [neovide::renderer] layer: [(4, SortOrder { z_index: 200, composition_order: 1 })]
TRACE [neovide::renderer::rendered_window] region: Box2 { min: Point2 { x: 8.0, y: 8.0 }, max: Point2 { x: 751.0, y: 512.0 } }, inner: Rect { left: 8.0, top: 8.0, right: 751.0, bottom: 512.0 }, pics: 1
TRACE [neovide::bridge::handler] Neovim notification: "redraw"
TRACE [neovide::renderer::rendered_window] region: Box2 { min: Point2 { x: 8.0, y: 8.0 }, max: Point2 { x: 751.0, y: 440.0 } }, inner: Rect { left: 8.0, top: 8.0, right: 751.0, bottom: 440.0 }, pics: 12
TRACE [neovide::channel_utils] neovim_handler GridLine { grid: 2, row: 0, column_start: 2, cells: [GridLineCell { text: " ", highlight_id: Some(129), repeat: Some(2) }, GridLineCell { text: "1", highlight_id: None, repeat: None }] }
TRACE [neovide::channel_utils] neovim_handler GridLine { grid: 2, row: 1, column_start: 2, cells: [GridLineCell { text: "2", highlight_id: Some(129), repeat: None }, GridLineCell { text: " ", highlight_id: Some(129), repeat: Some(2) }, GridLineCell { text: " ", highlight_id: Some(0), repeat: Some(0) }] }
TRACE [neovide::channel_utils] neovim_handler GridLine { grid: 2, row: 2, column_start: 4, cells: [GridLineCell { text: "1", highlight_id: Some(129), repeat: None }] }
TRACE [neovide::channel_utils] neovim_handler GridLine { grid: 1, row: 12, column_start: 34, cells: [GridLineCell { text: "2", highlight_id: Some(104), repeat: None }] }
TRACE [neovide::channel_utils] neovim_handler GridLine { grid: 4, row: 0, column_start: 41, cells: [GridLineCell { text: " ", highlight_id: Some(100), repeat: Some(1) }] }
TRACE [neovide::channel_utils] neovim_handler WindowViewport { grid: 2, top_line: 0.0, bottom_line: 4.0, current_line: 1.0, current_column: 0.0, line_count: Some(3.0), scroll_delta: Some(0.0) }
TRACE [neovide::channel_utils] neovim_handler WindowViewport { grid: 4, top_line: 0.0, bottom_line: 1.0, current_line: 0.0, current_column: 0.0, line_count: Some(1.0), scroll_delta: Some(0.0) }
TRACE [neovide::channel_utils] neovim_handler CursorGoto { grid: 2, row: 1, column: 6 }
TRACE [neovide::channel_utils] neovim_handler Flush
TRACE [neovide::renderer::rendered_window] region: Box2 { min: Point2 { x: 8.0, y: 476.0 }, max: Point2 { x: 140980.23, y: 512.0 } }, inner: Rect { left: 8.0, top: 476.0, right: 140980.23, bottom: 512.0 }, pics: 1
TRACE [neovide::editor] Image flushed
TRACE [neovide::editor] send_batch
TRACE [neovide::renderer::rendered_window] Handling Viewport 2
TRACE [neovide::renderer::rendered_window] Handling Viewport 4
TRACE [neovide::renderer::fonts::caching_shaper] Shaping text: "2,1"
INFO [neovide::renderer::grid_renderer] blend 0
DEBUG [neovide::renderer] zindex: 200, base: 0
DEBUG [neovide::renderer] layer: [(4, SortOrder { z_index: 200, composition_order: 1 })]
TRACE [neovide::renderer::rendered_window] region: Box2 { min: Point2 { x: 8.0, y: 8.0 }, max: Point2 { x: 751.0, y: 512.0 } }, inner: Rect { left: 8.0, top: 8.0, right: 751.0, bottom: 512.0 }, pics: 1
TRACE [neovide::renderer::rendered_window] region: Box2 { min: Point2 { x: 8.0, y: 8.0 }, max: Point2 { x: 751.0, y: 440.0 } }, inner: Rect { left: 8.0, top: 8.0, right: 751.0, bottom: 440.0 }, pics: 12
TRACE [neovide::renderer::rendered_window] region: Box2 { min: Point2 { x: 8.0, y: 476.0 }, max: Point2 { x: 140980.23, y: 512.0 } }, inner: Rect { left: 8.0, top: 476.0, right: 140980.23, bottom: 512.0 }, pics: 1
TRACE [neovide::renderer::fonts::caching_shaper] Shaping text: "c"
INFO [neovide::renderer::grid_renderer] blend 0
DEBUG [neovide::renderer] zindex: 200, base: 0
DEBUG [neovide::renderer] layer: [(4, SortOrder { z_index: 200, composition_order: 1 })]
TRACE [neovide::renderer::rendered_window] region: Box2 { min: Point2 { x: 8.0, y: 8.0 }, max: Point2 { x: 751.0, y: 512.0 } }, inner: Rect { left: 8.0, top: 8.0, right: 751.0, bottom: 512.0 }, pics: 1
TRACE [neovide::renderer::rendered_window] region: Box2 { min: Point2 { x: 8.0, y: 8.0 }, max: Point2 { x: 751.0, y: 440.0 } }, inner: Rect { left: 8.0, top: 8.0, right: 751.0, bottom: 440.0 }, pics: 12
TRACE [neovide::renderer::rendered_window] region: Box2 { min: Point2 { x: 8.0, y: 476.0 }, max: Point2 { x: 140980.23, y: 512.0 } }, inner: Rect { left: 8.0, top: 476.0, right: 140980.23, bottom: 512.0 }, pics: 1
INFO [neovide::renderer::grid_renderer] blend 0
DEBUG [neovide::renderer] zindex: 200, base: 0
DEBUG [neovide::renderer] layer: [(4, SortOrder { z_index: 200, composition_order: 1 })]
TRACE [neovide::renderer::rendered_window] region: Box2 { min: Point2 { x: 8.0, y: 8.0 }, max: Point2 { x: 751.0, y: 512.0 } }, inner: Rect { left: 8.0, top: 8.0, right: 751.0, bottom: 512.0 }, pics: 1
TRACE [neovide::renderer::rendered_window] region: Box2 { min: Point2 { x: 8.0, y: 8.0 }, max: Point2 { x: 751.0, y: 440.0 } }, inner: Rect { left: 8.0, top: 8.0, right: 751.0, bottom: 440.0 }, pics: 12
TRACE [neovide::renderer::rendered_window] region: Box2 { min: Point2 { x: 8.0, y: 476.0 }, max: Point2 { x: 140980.23, y: 512.0 } }, inner: Rect { left: 8.0, top: 476.0, right: 140980.23, bottom: 512.0 }, pics: 1
INFO [neovide::renderer::grid_renderer] blend 0
DEBUG [neovide::renderer] zindex: 200, base: 0
DEBUG [neovide::renderer] layer: [(4, SortOrder { z_index: 200, composition_order: 1 })]
TRACE [neovide::renderer::rendered_window] region: Box2 { min: Point2 { x: 8.0, y: 8.0 }, max: Point2 { x: 751.0, y: 512.0 } }, inner: Rect { left: 8.0, top: 8.0, right: 751.0, bottom: 512.0 }, pics: 1
TRACE [neovide::renderer::rendered_window] region: Box2 { min: Point2 { x: 8.0, y: 8.0 }, max: Point2 { x: 751.0, y: 440.0 } }, inner: Rect { left: 8.0, top: 8.0, right: 751.0, bottom: 440.0 }, pics: 12
TRACE [neovide::renderer::rendered_window] region: Box2 { min: Point2 { x: 8.0, y: 476.0 }, max: Point2 { x: 140980.23, y: 512.0 } }, inner: Rect { left: 8.0, top: 476.0, right: 140980.23, bottom: 512.0 }, pics: 1
INFO [neovide::renderer::grid_renderer] blend 0
DEBUG [neovide::renderer] zindex: 200, base: 0
DEBUG [neovide::renderer] layer: [(4, SortOrder { z_index: 200, composition_order: 1 })]
TRACE [neovide::renderer::rendered_window] region: Box2 { min: Point2 { x: 8.0, y: 8.0 }, max: Point2 { x: 751.0, y: 512.0 } }, inner: Rect { left: 8.0, top: 8.0, right: 751.0, bottom: 512.0 }, pics: 1
TRACE [neovide::renderer::rendered_window] region: Box2 { min: Point2 { x: 8.0, y: 8.0 }, max: Point2 { x: 751.0, y: 440.0 } }, inner: Rect { left: 8.0, top: 8.0, right: 751.0, bottom: 440.0 }, pics: 12
TRACE [neovide::renderer::rendered_window] region: Box2 { min: Point2 { x: 8.0, y: 476.0 }, max: Point2 { x: 140980.23, y: 512.0 } }, inner: Rect { left: 8.0, top: 476.0, right: 140980.23, bottom: 512.0 }, pics: 1
INFO [neovide::renderer::grid_renderer] blend 0
DEBUG [neovide::renderer] zindex: 200, base: 0
DEBUG [neovide::renderer] layer: [(4, SortOrder { z_index: 200, composition_order: 1 })]
TRACE [neovide::renderer::rendered_window] region: Box2 { min: Point2 { x: 8.0, y: 8.0 }, max: Point2 { x: 751.0, y: 512.0 } }, inner: Rect { left: 8.0, top: 8.0, right: 751.0, bottom: 512.0 }, pics: 1
TRACE [neovide::renderer::rendered_window] region: Box2 { min: Point2 { x: 8.0, y: 8.0 }, max: Point2 { x: 751.0, y: 440.0 } }, inner: Rect { left: 8.0, top: 8.0, right: 751.0, bottom: 440.0 }, pics: 12
TRACE [neovide::renderer::rendered_window] region: Box2 { min: Point2 { x: 8.0, y: 476.0 }, max: Point2 { x: 140980.23, y: 512.0 } }, inner: Rect { left: 8.0, top: 476.0, right: 140980.23, bottom: 512.0 }, pics: 1
INFO [neovide::renderer::grid_renderer] blend 0
DEBUG [neovide::renderer] zindex: 200, base: 0
DEBUG [neovide::renderer] layer: [(4, SortOrder { z_index: 200, composition_order: 1 })]
TRACE [neovide::renderer::rendered_window] region: Box2 { min: Point2 { x: 8.0, y: 8.0 }, max: Point2 { x: 751.0, y: 512.0 } }, inner: Rect { left: 8.0, top: 8.0, right: 751.0, bottom: 512.0 }, pics: 1
TRACE [neovide::renderer::rendered_window] region: Box2 { min: Point2 { x: 8.0, y: 8.0 }, max: Point2 { x: 751.0, y: 440.0 } }, inner: Rect { left: 8.0, top: 8.0, right: 751.0, bottom: 440.0 }, pics: 12
TRACE [neovide::renderer::rendered_window] region: Box2 { min: Point2 { x: 8.0, y: 476.0 }, max: Point2 { x: 140980.23, y: 512.0 } }, inner: Rect { left: 8.0, top: 476.0, right: 140980.23, bottom: 512.0 }, pics: 1
INFO [neovide::renderer::grid_renderer] blend 0
DEBUG [neovide::renderer] zindex: 200, base: 0
DEBUG [neovide::renderer] layer: [(4, SortOrder { z_index: 200, composition_order: 1 })]
TRACE [neovide::renderer::rendered_window] region: Box2 { min: Point2 { x: 8.0, y: 8.0 }, max: Point2 { x: 751.0, y: 512.0 } }, inner: Rect { left: 8.0, top: 8.0, right: 751.0, bottom: 512.0 }, pics: 1
TRACE [neovide::renderer::rendered_window] region: Box2 { min: Point2 { x: 8.0, y: 8.0 }, max: Point2 { x: 751.0, y: 440.0 } }, inner: Rect { left: 8.0, top: 8.0, right: 751.0, bottom: 440.0 }, pics: 12
TRACE [neovide::renderer::rendered_window] region: Box2 { min: Point2 { x: 8.0, y: 476.0 }, max: Point2 { x: 140980.23, y: 512.0 } }, inner: Rect { left: 8.0, top: 476.0, right: 140980.23, bottom: 512.0 }, pics: 1
INFO [neovide::renderer::grid_renderer] blend 0
DEBUG [neovide::renderer] zindex: 200, base: 0
DEBUG [neovide::renderer] layer: [(4, SortOrder { z_index: 200, composition_order: 1 })]
TRACE [neovide::renderer::rendered_window] region: Box2 { min: Point2 { x: 8.0, y: 8.0 }, max: Point2 { x: 751.0, y: 512.0 } }, inner: Rect { left: 8.0, top: 8.0, right: 751.0, bottom: 512.0 }, pics: 1
TRACE [neovide::renderer::rendered_window] region: Box2 { min: Point2 { x: 8.0, y: 8.0 }, max: Point2 { x: 751.0, y: 440.0 } }, inner: Rect { left: 8.0, top: 8.0, right: 751.0, bottom: 440.0 }, pics: 12
TRACE [neovide::renderer::rendered_window] region: Box2 { min: Point2 { x: 8.0, y: 476.0 }, max: Point2 { x: 140980.23, y: 512.0 } }, inner: Rect { left: 8.0, top: 476.0, right: 140980.23, bottom: 512.0 }, pics: 1
INFO [neovide::renderer::grid_renderer] blend 0
DEBUG [neovide::renderer] zindex: 200, base: 0
DEBUG [neovide::renderer] layer: [(4, SortOrder { z_index: 200, composition_order: 1 })]
TRACE [neovide::renderer::rendered_window] region: Box2 { min: Point2 { x: 8.0, y: 8.0 }, max: Point2 { x: 751.0, y: 512.0 } }, inner: Rect { left: 8.0, top: 8.0, right: 751.0, bottom: 512.0 }, pics: 1
TRACE [neovide::renderer::rendered_window] region: Box2 { min: Point2 { x: 8.0, y: 8.0 }, max: Point2 { x: 751.0, y: 440.0 } }, inner: Rect { left: 8.0, top: 8.0, right: 751.0, bottom: 440.0 }, pics: 12
TRACE [neovide::renderer::rendered_window] region: Box2 { min: Point2 { x: 8.0, y: 476.0 }, max: Point2 { x: 140980.23, y: 512.0 } }, inner: Rect { left: 8.0, top: 476.0, right: 140980.23, bottom: 512.0 }, pics: 1
INFO [neovide::renderer::grid_renderer] blend 0
DEBUG [neovide::renderer] zindex: 200, base: 0
DEBUG [neovide::renderer] layer: [(4, SortOrder { z_index: 200, composition_order: 1 })]
TRACE [neovide::renderer::rendered_window] region: Box2 { min: Point2 { x: 8.0, y: 8.0 }, max: Point2 { x: 751.0, y: 512.0 } }, inner: Rect { left: 8.0, top: 8.0, right: 751.0, bottom: 512.0 }, pics: 1
TRACE [neovide::renderer::rendered_window] region: Box2 { min: Point2 { x: 8.0, y: 8.0 }, max: Point2 { x: 751.0, y: 440.0 } }, inner: Rect { left: 8.0, top: 8.0, right: 751.0, bottom: 440.0 }, pics: 12
TRACE [neovide::renderer::rendered_window] region: Box2 { min: Point2 { x: 8.0, y: 476.0 }, max: Point2 { x: 140980.23, y: 512.0 } }, inner: Rect { left: 8.0, top: 476.0, right: 140980.23, bottom: 512.0 }, pics: 1
INFO [neovide::renderer::grid_renderer] blend 0
DEBUG [neovide::renderer] zindex: 200, base: 0
DEBUG [neovide::renderer] layer: [(4, SortOrder { z_index: 200, composition_order: 1 })]
TRACE [neovide::renderer::rendered_window] region: Box2 { min: Point2 { x: 8.0, y: 8.0 }, max: Point2 { x: 751.0, y: 512.0 } }, inner: Rect { left: 8.0, top: 8.0, right: 751.0, bottom: 512.0 }, pics: 1
TRACE [neovide::renderer::rendered_window] region: Box2 { min: Point2 { x: 8.0, y: 8.0 }, max: Point2 { x: 751.0, y: 440.0 } }, inner: Rect { left: 8.0, top: 8.0, right: 751.0, bottom: 440.0 }, pics: 12
TRACE [neovide::renderer::rendered_window] region: Box2 { min: Point2 { x: 8.0, y: 476.0 }, max: Point2 { x: 140980.23, y: 512.0 } }, inner: Rect { left: 8.0, top: 476.0, right: 140980.23, bottom: 512.0 }, pics: 1
INFO [neovide::renderer::grid_renderer] blend 0
DEBUG [neovide::renderer] zindex: 200, base: 0
DEBUG [neovide::renderer] layer: [(4, SortOrder { z_index: 200, composition_order: 1 })]
TRACE [neovide::renderer::rendered_window] region: Box2 { min: Point2 { x: 8.0, y: 8.0 }, max: Point2 { x: 751.0, y: 512.0 } }, inner: Rect { left: 8.0, top: 8.0, right: 751.0, bottom: 512.0 }, pics: 1
TRACE [neovide::renderer::rendered_window] region: Box2 { min: Point2 { x: 8.0, y: 8.0 }, max: Point2 { x: 751.0, y: 440.0 } }, inner: Rect { left: 8.0, top: 8.0, right: 751.0, bottom: 440.0 }, pics: 12
TRACE [neovide::renderer::rendered_window] region: Box2 { min: Point2 { x: 8.0, y: 476.0 }, max: Point2 { x: 140980.23, y: 512.0 } }, inner: Rect { left: 8.0, top: 476.0, right: 140980.23, bottom: 512.0 }, pics: 1
INFO [neovide::renderer::grid_renderer] blend 0
DEBUG [neovide::renderer] zindex: 200, base: 0
DEBUG [neovide::renderer] layer: [(4, SortOrder { z_index: 200, composition_order: 1 })]
TRACE [neovide::renderer::rendered_window] region: Box2 { min: Point2 { x: 8.0, y: 8.0 }, max: Point2 { x: 751.0, y: 512.0 } }, inner: Rect { left: 8.0, top: 8.0, right: 751.0, bottom: 512.0 }, pics: 1
TRACE [neovide::renderer::rendered_window] region: Box2 { min: Point2 { x: 8.0, y: 8.0 }, max: Point2 { x: 751.0, y: 440.0 } }, inner: Rect { left: 8.0, top: 8.0, right: 751.0, bottom: 440.0 }, pics: 12
TRACE [neovide::renderer::rendered_window] region: Box2 { min: Point2 { x: 8.0, y: 476.0 }, max: Point2 { x: 140980.23, y: 512.0 } }, inner: Rect { left: 8.0, top: 476.0, right: 140980.23, bottom: 512.0 }, pics: 1
TRACE [neovide::window::keyboard_manager] KeyEvent {
    physical_key: Code(
        KeyJ,
    ),
    logical_key: Character(
        "j",
    ),
    text: Some(
        "j",
    ),
    location: Standard,
    state: Released,
    repeat: false,
    platform_specific: KeyEventExtra {
        text_with_all_modifiers: Some(
            "j",
        ),
        key_without_modifiers: Character(
            "j",
        ),
    },
}
TRACE [neovide::window::keyboard_manager] KeyEvent {
    physical_key: Code(
        KeyL,
    ),
    logical_key: Character(
        "l",
    ),
    text: Some(
        "l",
    ),
    location: Standard,
    state: Pressed,
    repeat: false,
    platform_specific: KeyEventExtra {
        text_with_all_modifiers: Some(
            "l",
        ),
        key_without_modifiers: Character(
            "l",
        ),
    },
}
TRACE [neovide::window::keyboard_manager] Key pressed l ModifiersState(0x0)
TRACE [neovide::channel_utils] UICommand Serial(Keyboard("l"))
TRACE [neovide::channel_utils] UICommand Serial(Keyboard("l"))
TRACE [neovide::bridge::ui_commands] In Serial Command
TRACE [neovide::bridge::ui_commands] Keyboard Input Sent: l
TRACE [neovide::bridge::handler] Neovim notification: "redraw"
TRACE [neovide::channel_utils] neovim_handler GridLine { grid: 4, row: 0, column_start: 41, cells: [GridLineCell { text: "l", highlight_id: Some(100), repeat: None }] }
TRACE [neovide::channel_utils] neovim_handler WindowViewport { grid: 4, top_line: 0.0, bottom_line: 1.0, current_line: 0.0, current_column: 0.0, line_count: Some(1.0), scroll_delta: Some(0.0) }
TRACE [neovide::channel_utils] neovim_handler Flush
TRACE [neovide::editor] Image flushed
TRACE [neovide::editor] send_batch
TRACE [neovide::renderer::rendered_window] Handling Viewport 4
TRACE [neovide::renderer::fonts::caching_shaper] Shaping text: "l"
INFO [neovide::renderer::grid_renderer] blend 0
DEBUG [neovide::renderer] zindex: 200, base: 0
DEBUG [neovide::renderer] layer: [(4, SortOrder { z_index: 200, composition_order: 1 })]
TRACE [neovide::renderer::rendered_window] region: Box2 { min: Point2 { x: 8.0, y: 8.0 }, max: Point2 { x: 751.0, y: 512.0 } }, inner: Rect { left: 8.0, top: 8.0, right: 751.0, bottom: 512.0 }, pics: 1
TRACE [neovide::bridge::handler] Neovim notification: "redraw"
TRACE [neovide::channel_utils] neovim_handler WindowViewport { grid: 2, top_line: 0.0, bottom_line: 4.0, current_line: 1.0, current_column: 1.0, line_count: Some(3.0), scroll_delta: Some(0.0) }
TRACE [neovide::renderer::rendered_window] region: Box2 { min: Point2 { x: 8.0, y: 8.0 }, max: Point2 { x: 751.0, y: 440.0 } }, inner: Rect { left: 8.0, top: 8.0, right: 751.0, bottom: 440.0 }, pics: 12
TRACE [neovide::channel_utils] neovim_handler GridLine { grid: 1, row: 12, column_start: 36, cells: [GridLineCell { text: "2", highlight_id: Some(104), repeat: None }] }
TRACE [neovide::channel_utils] neovim_handler GridLine { grid: 4, row: 0, column_start: 41, cells: [GridLineCell { text: " ", highlight_id: Some(100), repeat: Some(1) }] }
TRACE [neovide::channel_utils] neovim_handler WindowViewport { grid: 4, top_line: 0.0, bottom_line: 1.0, current_line: 0.0, current_column: 0.0, line_count: Some(1.0), scroll_delta: Some(0.0) }
TRACE [neovide::channel_utils] neovim_handler CursorGoto { grid: 2, row: 1, column: 7 }
TRACE [neovide::channel_utils] neovim_handler Flush
TRACE [neovide::renderer::rendered_window] region: Box2 { min: Point2 { x: 8.0, y: 476.0 }, max: Point2 { x: 140980.23, y: 512.0 } }, inner: Rect { left: 8.0, top: 476.0, right: 140980.23, bottom: 512.0 }, pics: 1
TRACE [neovide::editor] Image flushed
TRACE [neovide::editor] send_batch
TRACE [neovide::renderer::rendered_window] Handling Viewport 2
TRACE [neovide::renderer::rendered_window] Handling Viewport 4
TRACE [neovide::renderer::fonts::caching_shaper] Shaping text: "2,2"
INFO [neovide::renderer::grid_renderer] blend 0
DEBUG [neovide::renderer] zindex: 200, base: 0
DEBUG [neovide::renderer] layer: [(4, SortOrder { z_index: 200, composition_order: 1 })]
TRACE [neovide::renderer::rendered_window] region: Box2 { min: Point2 { x: 8.0, y: 8.0 }, max: Point2 { x: 751.0, y: 512.0 } }, inner: Rect { left: 8.0, top: 8.0, right: 751.0, bottom: 512.0 }, pics: 1
TRACE [neovide::renderer::rendered_window] region: Box2 { min: Point2 { x: 8.0, y: 8.0 }, max: Point2 { x: 751.0, y: 440.0 } }, inner: Rect { left: 8.0, top: 8.0, right: 751.0, bottom: 440.0 }, pics: 12
TRACE [neovide::renderer::rendered_window] region: Box2 { min: Point2 { x: 8.0, y: 476.0 }, max: Point2 { x: 140980.23, y: 512.0 } }, inner: Rect { left: 8.0, top: 476.0, right: 140980.23, bottom: 512.0 }, pics: 1
TRACE [neovide::renderer::fonts::caching_shaper] Shaping text: "o"
INFO [neovide::renderer::grid_renderer] blend 0
DEBUG [neovide::renderer] zindex: 200, base: 0
DEBUG [neovide::renderer] layer: [(4, SortOrder { z_index: 200, composition_order: 1 })]
TRACE [neovide::renderer::rendered_window] region: Box2 { min: Point2 { x: 8.0, y: 8.0 }, max: Point2 { x: 751.0, y: 512.0 } }, inner: Rect { left: 8.0, top: 8.0, right: 751.0, bottom: 512.0 }, pics: 1
TRACE [neovide::renderer::rendered_window] region: Box2 { min: Point2 { x: 8.0, y: 8.0 }, max: Point2 { x: 751.0, y: 440.0 } }, inner: Rect { left: 8.0, top: 8.0, right: 751.0, bottom: 440.0 }, pics: 12
TRACE [neovide::renderer::rendered_window] region: Box2 { min: Point2 { x: 8.0, y: 476.0 }, max: Point2 { x: 140980.23, y: 512.0 } }, inner: Rect { left: 8.0, top: 476.0, right: 140980.23, bottom: 512.0 }, pics: 1
INFO [neovide::renderer::grid_renderer] blend 0
DEBUG [neovide::renderer] zindex: 200, base: 0
DEBUG [neovide::renderer] layer: [(4, SortOrder { z_index: 200, composition_order: 1 })]
TRACE [neovide::renderer::rendered_window] region: Box2 { min: Point2 { x: 8.0, y: 8.0 }, max: Point2 { x: 751.0, y: 512.0 } }, inner: Rect { left: 8.0, top: 8.0, right: 751.0, bottom: 512.0 }, pics: 1
TRACE [neovide::renderer::rendered_window] region: Box2 { min: Point2 { x: 8.0, y: 8.0 }, max: Point2 { x: 751.0, y: 440.0 } }, inner: Rect { left: 8.0, top: 8.0, right: 751.0, bottom: 440.0 }, pics: 12
TRACE [neovide::renderer::rendered_window] region: Box2 { min: Point2 { x: 8.0, y: 476.0 }, max: Point2 { x: 140980.23, y: 512.0 } }, inner: Rect { left: 8.0, top: 476.0, right: 140980.23, bottom: 512.0 }, pics: 1
INFO [neovide::renderer::grid_renderer] blend 0
DEBUG [neovide::renderer] zindex: 200, base: 0
DEBUG [neovide::renderer] layer: [(4, SortOrder { z_index: 200, composition_order: 1 })]
TRACE [neovide::renderer::rendered_window] region: Box2 { min: Point2 { x: 8.0, y: 8.0 }, max: Point2 { x: 751.0, y: 512.0 } }, inner: Rect { left: 8.0, top: 8.0, right: 751.0, bottom: 512.0 }, pics: 1
TRACE [neovide::renderer::rendered_window] region: Box2 { min: Point2 { x: 8.0, y: 8.0 }, max: Point2 { x: 751.0, y: 440.0 } }, inner: Rect { left: 8.0, top: 8.0, right: 751.0, bottom: 440.0 }, pics: 12
TRACE [neovide::renderer::rendered_window] region: Box2 { min: Point2 { x: 8.0, y: 476.0 }, max: Point2 { x: 140980.23, y: 512.0 } }, inner: Rect { left: 8.0, top: 476.0, right: 140980.23, bottom: 512.0 }, pics: 1
INFO [neovide::renderer::grid_renderer] blend 0
DEBUG [neovide::renderer] zindex: 200, base: 0
DEBUG [neovide::renderer] layer: [(4, SortOrder { z_index: 200, composition_order: 1 })]
TRACE [neovide::renderer::rendered_window] region: Box2 { min: Point2 { x: 8.0, y: 8.0 }, max: Point2 { x: 751.0, y: 512.0 } }, inner: Rect { left: 8.0, top: 8.0, right: 751.0, bottom: 512.0 }, pics: 1
TRACE [neovide::renderer::rendered_window] region: Box2 { min: Point2 { x: 8.0, y: 8.0 }, max: Point2 { x: 751.0, y: 440.0 } }, inner: Rect { left: 8.0, top: 8.0, right: 751.0, bottom: 440.0 }, pics: 12
TRACE [neovide::renderer::rendered_window] region: Box2 { min: Point2 { x: 8.0, y: 476.0 }, max: Point2 { x: 140980.23, y: 512.0 } }, inner: Rect { left: 8.0, top: 476.0, right: 140980.23, bottom: 512.0 }, pics: 1
INFO [neovide::renderer::grid_renderer] blend 0
DEBUG [neovide::renderer] zindex: 200, base: 0
DEBUG [neovide::renderer] layer: [(4, SortOrder { z_index: 200, composition_order: 1 })]
TRACE [neovide::renderer::rendered_window] region: Box2 { min: Point2 { x: 8.0, y: 8.0 }, max: Point2 { x: 751.0, y: 512.0 } }, inner: Rect { left: 8.0, top: 8.0, right: 751.0, bottom: 512.0 }, pics: 1
TRACE [neovide::renderer::rendered_window] region: Box2 { min: Point2 { x: 8.0, y: 8.0 }, max: Point2 { x: 751.0, y: 440.0 } }, inner: Rect { left: 8.0, top: 8.0, right: 751.0, bottom: 440.0 }, pics: 12
TRACE [neovide::renderer::rendered_window] region: Box2 { min: Point2 { x: 8.0, y: 476.0 }, max: Point2 { x: 140980.23, y: 512.0 } }, inner: Rect { left: 8.0, top: 476.0, right: 140980.23, bottom: 512.0 }, pics: 1
INFO [neovide::renderer::grid_renderer] blend 0
DEBUG [neovide::renderer] zindex: 200, base: 0
DEBUG [neovide::renderer] layer: [(4, SortOrder { z_index: 200, composition_order: 1 })]
TRACE [neovide::renderer::rendered_window] region: Box2 { min: Point2 { x: 8.0, y: 8.0 }, max: Point2 { x: 751.0, y: 512.0 } }, inner: Rect { left: 8.0, top: 8.0, right: 751.0, bottom: 512.0 }, pics: 1
TRACE [neovide::renderer::rendered_window] region: Box2 { min: Point2 { x: 8.0, y: 8.0 }, max: Point2 { x: 751.0, y: 440.0 } }, inner: Rect { left: 8.0, top: 8.0, right: 751.0, bottom: 440.0 }, pics: 12
TRACE [neovide::renderer::rendered_window] region: Box2 { min: Point2 { x: 8.0, y: 476.0 }, max: Point2 { x: 140980.23, y: 512.0 } }, inner: Rect { left: 8.0, top: 476.0, right: 140980.23, bottom: 512.0 }, pics: 1
TRACE [neovide::window::keyboard_manager] KeyEvent {
    physical_key: Code(
        KeyL,
    ),
    logical_key: Character(
        "l",
    ),
    text: Some(
        "l",
    ),
    location: Standard,
    state: Pressed,
    repeat: true,
    platform_specific: KeyEventExtra {
        text_with_all_modifiers: Some(
            "l",
        ),
        key_without_modifiers: Character(
            "l",
        ),
    },
}
TRACE [neovide::window::keyboard_manager] Key pressed l ModifiersState(0x0)
TRACE [neovide::channel_utils] UICommand Serial(Keyboard("l"))
TRACE [neovide::channel_utils] UICommand Serial(Keyboard("l"))
TRACE [neovide::bridge::ui_commands] In Serial Command
TRACE [neovide::bridge::ui_commands] Keyboard Input Sent: l
TRACE [neovide::bridge::handler] Neovim notification: "redraw"
TRACE [neovide::channel_utils] neovim_handler GridLine { grid: 4, row: 0, column_start: 41, cells: [GridLineCell { text: "l", highlight_id: Some(100), repeat: None }] }
TRACE [neovide::channel_utils] neovim_handler WindowViewport { grid: 4, top_line: 0.0, bottom_line: 1.0, current_line: 0.0, current_column: 0.0, line_count: Some(1.0), scroll_delta: Some(0.0) }
TRACE [neovide::channel_utils] neovim_handler Flush
TRACE [neovide::editor] Image flushed
TRACE [neovide::editor] send_batch
TRACE [neovide::renderer::rendered_window] Handling Viewport 4
INFO [neovide::renderer::grid_renderer] blend 0
DEBUG [neovide::renderer] zindex: 200, base: 0
DEBUG [neovide::renderer] layer: [(4, SortOrder { z_index: 200, composition_order: 1 })]
TRACE [neovide::renderer::rendered_window] region: Box2 { min: Point2 { x: 8.0, y: 8.0 }, max: Point2 { x: 751.0, y: 512.0 } }, inner: Rect { left: 8.0, top: 8.0, right: 751.0, bottom: 512.0 }, pics: 1
TRACE [neovide::renderer::rendered_window] region: Box2 { min: Point2 { x: 8.0, y: 8.0 }, max: Point2 { x: 751.0, y: 440.0 } }, inner: Rect { left: 8.0, top: 8.0, right: 751.0, bottom: 440.0 }, pics: 12
TRACE [neovide::bridge::handler] Neovim notification: "redraw"
TRACE [neovide::channel_utils] neovim_handler WindowViewport { grid: 2, top_line: 0.0, bottom_line: 4.0, current_line: 1.0, current_column: 2.0, line_count: Some(3.0), scroll_delta: Some(0.0) }
TRACE [neovide::channel_utils] neovim_handler GridLine { grid: 1, row: 12, column_start: 36, cells: [GridLineCell { text: "3", highlight_id: Some(104), repeat: None }] }
TRACE [neovide::channel_utils] neovim_handler GridLine { grid: 4, row: 0, column_start: 41, cells: [GridLineCell { text: " ", highlight_id: Some(100), repeat: Some(1) }] }
TRACE [neovide::channel_utils] neovim_handler WindowViewport { grid: 4, top_line: 0.0, bottom_line: 1.0, current_line: 0.0, current_column: 0.0, line_count: Some(1.0), scroll_delta: Some(0.0) }
TRACE [neovide::channel_utils] neovim_handler CursorGoto { grid: 2, row: 1, column: 8 }
TRACE [neovide::channel_utils] neovim_handler Flush
TRACE [neovide::renderer::rendered_window] region: Box2 { min: Point2 { x: 8.0, y: 476.0 }, max: Point2 { x: 140980.23, y: 512.0 } }, inner: Rect { left: 8.0, top: 476.0, right: 140980.23, bottom: 512.0 }, pics: 1
TRACE [neovide::editor] Image flushed
TRACE [neovide::editor] send_batch
TRACE [neovide::renderer::rendered_window] Handling Viewport 2
TRACE [neovide::renderer::rendered_window] Handling Viewport 4
TRACE [neovide::renderer::fonts::caching_shaper] Shaping text: "2,3"
INFO [neovide::renderer::grid_renderer] blend 0
DEBUG [neovide::renderer] zindex: 200, base: 0
DEBUG [neovide::renderer] layer: [(4, SortOrder { z_index: 200, composition_order: 1 })]
TRACE [neovide::renderer::rendered_window] region: Box2 { min: Point2 { x: 8.0, y: 8.0 }, max: Point2 { x: 751.0, y: 512.0 } }, inner: Rect { left: 8.0, top: 8.0, right: 751.0, bottom: 512.0 }, pics: 1
TRACE [neovide::renderer::rendered_window] region: Box2 { min: Point2 { x: 8.0, y: 8.0 }, max: Point2 { x: 751.0, y: 440.0 } }, inner: Rect { left: 8.0, top: 8.0, right: 751.0, bottom: 440.0 }, pics: 12
TRACE [neovide::renderer::rendered_window] region: Box2 { min: Point2 { x: 8.0, y: 476.0 }, max: Point2 { x: 140980.23, y: 512.0 } }, inner: Rect { left: 8.0, top: 476.0, right: 140980.23, bottom: 512.0 }, pics: 1
TRACE [neovide::renderer::fonts::caching_shaper] Shaping text: "m"
INFO [neovide::renderer::grid_renderer] blend 0
DEBUG [neovide::renderer] zindex: 200, base: 0
DEBUG [neovide::renderer] layer: [(4, SortOrder { z_index: 200, composition_order: 1 })]
TRACE [neovide::renderer::rendered_window] region: Box2 { min: Point2 { x: 8.0, y: 8.0 }, max: Point2 { x: 751.0, y: 512.0 } }, inner: Rect { left: 8.0, top: 8.0, right: 751.0, bottom: 512.0 }, pics: 1
TRACE [neovide::renderer::rendered_window] region: Box2 { min: Point2 { x: 8.0, y: 8.0 }, max: Point2 { x: 751.0, y: 440.0 } }, inner: Rect { left: 8.0, top: 8.0, right: 751.0, bottom: 440.0 }, pics: 12
TRACE [neovide::renderer::rendered_window] region: Box2 { min: Point2 { x: 8.0, y: 476.0 }, max: Point2 { x: 140980.23, y: 512.0 } }, inner: Rect { left: 8.0, top: 476.0, right: 140980.23, bottom: 512.0 }, pics: 1
INFO [neovide::renderer::grid_renderer] blend 0
DEBUG [neovide::renderer] zindex: 200, base: 0
DEBUG [neovide::renderer] layer: [(4, SortOrder { z_index: 200, composition_order: 1 })]
TRACE [neovide::renderer::rendered_window] region: Box2 { min: Point2 { x: 8.0, y: 8.0 }, max: Point2 { x: 751.0, y: 512.0 } }, inner: Rect { left: 8.0, top: 8.0, right: 751.0, bottom: 512.0 }, pics: 1
TRACE [neovide::renderer::rendered_window] region: Box2 { min: Point2 { x: 8.0, y: 8.0 }, max: Point2 { x: 751.0, y: 440.0 } }, inner: Rect { left: 8.0, top: 8.0, right: 751.0, bottom: 440.0 }, pics: 12
TRACE [neovide::renderer::rendered_window] region: Box2 { min: Point2 { x: 8.0, y: 476.0 }, max: Point2 { x: 140980.23, y: 512.0 } }, inner: Rect { left: 8.0, top: 476.0, right: 140980.23, bottom: 512.0 }, pics: 1
INFO [neovide::renderer::grid_renderer] blend 0
DEBUG [neovide::renderer] zindex: 200, base: 0
DEBUG [neovide::renderer] layer: [(4, SortOrder { z_index: 200, composition_order: 1 })]
TRACE [neovide::renderer::rendered_window] region: Box2 { min: Point2 { x: 8.0, y: 8.0 }, max: Point2 { x: 751.0, y: 512.0 } }, inner: Rect { left: 8.0, top: 8.0, right: 751.0, bottom: 512.0 }, pics: 1
TRACE [neovide::renderer::rendered_window] region: Box2 { min: Point2 { x: 8.0, y: 8.0 }, max: Point2 { x: 751.0, y: 440.0 } }, inner: Rect { left: 8.0, top: 8.0, right: 751.0, bottom: 440.0 }, pics: 12
TRACE [neovide::renderer::rendered_window] region: Box2 { min: Point2 { x: 8.0, y: 476.0 }, max: Point2 { x: 140980.23, y: 512.0 } }, inner: Rect { left: 8.0, top: 476.0, right: 140980.23, bottom: 512.0 }, pics: 1
INFO [neovide::renderer::grid_renderer] blend 0
DEBUG [neovide::renderer] zindex: 200, base: 0
DEBUG [neovide::renderer] layer: [(4, SortOrder { z_index: 200, composition_order: 1 })]
TRACE [neovide::renderer::rendered_window] region: Box2 { min: Point2 { x: 8.0, y: 8.0 }, max: Point2 { x: 751.0, y: 512.0 } }, inner: Rect { left: 8.0, top: 8.0, right: 751.0, bottom: 512.0 }, pics: 1
TRACE [neovide::renderer::rendered_window] region: Box2 { min: Point2 { x: 8.0, y: 8.0 }, max: Point2 { x: 751.0, y: 440.0 } }, inner: Rect { left: 8.0, top: 8.0, right: 751.0, bottom: 440.0 }, pics: 12
TRACE [neovide::renderer::rendered_window] region: Box2 { min: Point2 { x: 8.0, y: 476.0 }, max: Point2 { x: 140980.23, y: 512.0 } }, inner: Rect { left: 8.0, top: 476.0, right: 140980.23, bottom: 512.0 }, pics: 1
INFO [neovide::renderer::grid_renderer] blend 0
DEBUG [neovide::renderer] zindex: 200, base: 0
DEBUG [neovide::renderer] layer: [(4, SortOrder { z_index: 200, composition_order: 1 })]
TRACE [neovide::renderer::rendered_window] region: Box2 { min: Point2 { x: 8.0, y: 8.0 }, max: Point2 { x: 751.0, y: 512.0 } }, inner: Rect { left: 8.0, top: 8.0, right: 751.0, bottom: 512.0 }, pics: 1
TRACE [neovide::renderer::rendered_window] region: Box2 { min: Point2 { x: 8.0, y: 8.0 }, max: Point2 { x: 751.0, y: 440.0 } }, inner: Rect { left: 8.0, top: 8.0, right: 751.0, bottom: 440.0 }, pics: 12
TRACE [neovide::renderer::rendered_window] region: Box2 { min: Point2 { x: 8.0, y: 476.0 }, max: Point2 { x: 140980.23, y: 512.0 } }, inner: Rect { left: 8.0, top: 476.0, right: 140980.23, bottom: 512.0 }, pics: 1
INFO [neovide::renderer::grid_renderer] blend 0
DEBUG [neovide::renderer] zindex: 200, base: 0
DEBUG [neovide::renderer] layer: [(4, SortOrder { z_index: 200, composition_order: 1 })]
TRACE [neovide::renderer::rendered_window] region: Box2 { min: Point2 { x: 8.0, y: 8.0 }, max: Point2 { x: 751.0, y: 512.0 } }, inner: Rect { left: 8.0, top: 8.0, right: 751.0, bottom: 512.0 }, pics: 1
TRACE [neovide::renderer::rendered_window] region: Box2 { min: Point2 { x: 8.0, y: 8.0 }, max: Point2 { x: 751.0, y: 440.0 } }, inner: Rect { left: 8.0, top: 8.0, right: 751.0, bottom: 440.0 }, pics: 12
TRACE [neovide::renderer::rendered_window] region: Box2 { min: Point2 { x: 8.0, y: 476.0 }, max: Point2 { x: 140980.23, y: 512.0 } }, inner: Rect { left: 8.0, top: 476.0, right: 140980.23, bottom: 512.0 }, pics: 1
TRACE [neovide::window::keyboard_manager] KeyEvent {
    physical_key: Code(
        KeyL,
    ),
    logical_key: Character(
        "l",
    ),
    text: Some(
        "l",
    ),
    location: Standard,
    state: Pressed,
    repeat: true,
    platform_specific: KeyEventExtra {
        text_with_all_modifiers: Some(
            "l",
        ),
        key_without_modifiers: Character(
            "l",
        ),
    },
}
TRACE [neovide::window::keyboard_manager] Key pressed l ModifiersState(0x0)
TRACE [neovide::channel_utils] UICommand Serial(Keyboard("l"))
TRACE [neovide::channel_utils] UICommand Serial(Keyboard("l"))
TRACE [neovide::bridge::ui_commands] In Serial Command
TRACE [neovide::bridge::ui_commands] Keyboard Input Sent: l
TRACE [neovide::bridge::handler] Neovim notification: "redraw"
TRACE [neovide::channel_utils] neovim_handler GridLine { grid: 4, row: 0, column_start: 41, cells: [GridLineCell { text: "l", highlight_id: Some(100), repeat: None }] }
TRACE [neovide::channel_utils] neovim_handler WindowViewport { grid: 4, top_line: 0.0, bottom_line: 1.0, current_line: 0.0, current_column: 0.0, line_count: Some(1.0), scroll_delta: Some(0.0) }
TRACE [neovide::channel_utils] neovim_handler Flush
TRACE [neovide::editor] Image flushed
TRACE [neovide::editor] send_batch
TRACE [neovide::renderer::rendered_window] Handling Viewport 4
INFO [neovide::renderer::grid_renderer] blend 0
DEBUG [neovide::renderer] zindex: 200, base: 0
DEBUG [neovide::renderer] layer: [(4, SortOrder { z_index: 200, composition_order: 1 })]
TRACE [neovide::renderer::rendered_window] region: Box2 { min: Point2 { x: 8.0, y: 8.0 }, max: Point2 { x: 751.0, y: 512.0 } }, inner: Rect { left: 8.0, top: 8.0, right: 751.0, bottom: 512.0 }, pics: 1
TRACE [neovide::renderer::rendered_window] region: Box2 { min: Point2 { x: 8.0, y: 8.0 }, max: Point2 { x: 751.0, y: 440.0 } }, inner: Rect { left: 8.0, top: 8.0, right: 751.0, bottom: 440.0 }, pics: 12
TRACE [neovide::bridge::handler] Neovim notification: "redraw"
TRACE [neovide::channel_utils] neovim_handler WindowViewport { grid: 2, top_line: 0.0, bottom_line: 4.0, current_line: 1.0, current_column: 3.0, line_count: Some(3.0), scroll_delta: Some(0.0) }
TRACE [neovide::channel_utils] neovim_handler GridLine { grid: 1, row: 12, column_start: 36, cells: [GridLineCell { text: "4", highlight_id: Some(104), repeat: None }] }
TRACE [neovide::channel_utils] neovim_handler GridLine { grid: 4, row: 0, column_start: 41, cells: [GridLineCell { text: " ", highlight_id: Some(100), repeat: Some(1) }] }
TRACE [neovide::channel_utils] neovim_handler WindowViewport { grid: 4, top_line: 0.0, bottom_line: 1.0, current_line: 0.0, current_column: 0.0, line_count: Some(1.0), scroll_delta: Some(0.0) }
TRACE [neovide::channel_utils] neovim_handler CursorGoto { grid: 2, row: 1, column: 9 }
TRACE [neovide::channel_utils] neovim_handler Flush
TRACE [neovide::renderer::rendered_window] region: Box2 { min: Point2 { x: 8.0, y: 476.0 }, max: Point2 { x: 140980.23, y: 512.0 } }, inner: Rect { left: 8.0, top: 476.0, right: 140980.23, bottom: 512.0 }, pics: 1
TRACE [neovide::editor] Image flushed
TRACE [neovide::editor] send_batch
TRACE [neovide::renderer::rendered_window] Handling Viewport 2
TRACE [neovide::renderer::rendered_window] Handling Viewport 4
TRACE [neovide::renderer::fonts::caching_shaper] Shaping text: "2,4"
INFO [neovide::renderer::grid_renderer] blend 0
DEBUG [neovide::renderer] zindex: 200, base: 0
DEBUG [neovide::renderer] layer: [(4, SortOrder { z_index: 200, composition_order: 1 })]
TRACE [neovide::renderer::rendered_window] region: Box2 { min: Point2 { x: 8.0, y: 8.0 }, max: Point2 { x: 751.0, y: 512.0 } }, inner: Rect { left: 8.0, top: 8.0, right: 751.0, bottom: 512.0 }, pics: 1
TRACE [neovide::renderer::rendered_window] region: Box2 { min: Point2 { x: 8.0, y: 8.0 }, max: Point2 { x: 751.0, y: 440.0 } }, inner: Rect { left: 8.0, top: 8.0, right: 751.0, bottom: 440.0 }, pics: 12
TRACE [neovide::renderer::rendered_window] region: Box2 { min: Point2 { x: 8.0, y: 476.0 }, max: Point2 { x: 140980.23, y: 512.0 } }, inner: Rect { left: 8.0, top: 476.0, right: 140980.23, bottom: 512.0 }, pics: 1
TRACE [neovide::renderer::fonts::caching_shaper] Shaping text: "p"
INFO [neovide::renderer::grid_renderer] blend 0
DEBUG [neovide::renderer] zindex: 200, base: 0
DEBUG [neovide::renderer] layer: [(4, SortOrder { z_index: 200, composition_order: 1 })]
TRACE [neovide::renderer::rendered_window] region: Box2 { min: Point2 { x: 8.0, y: 8.0 }, max: Point2 { x: 751.0, y: 512.0 } }, inner: Rect { left: 8.0, top: 8.0, right: 751.0, bottom: 512.0 }, pics: 1
TRACE [neovide::renderer::rendered_window] region: Box2 { min: Point2 { x: 8.0, y: 8.0 }, max: Point2 { x: 751.0, y: 440.0 } }, inner: Rect { left: 8.0, top: 8.0, right: 751.0, bottom: 440.0 }, pics: 12
TRACE [neovide::renderer::rendered_window] region: Box2 { min: Point2 { x: 8.0, y: 476.0 }, max: Point2 { x: 140980.23, y: 512.0 } }, inner: Rect { left: 8.0, top: 476.0, right: 140980.23, bottom: 512.0 }, pics: 1
INFO [neovide::renderer::grid_renderer] blend 0
DEBUG [neovide::renderer] zindex: 200, base: 0
DEBUG [neovide::renderer] layer: [(4, SortOrder { z_index: 200, composition_order: 1 })]
TRACE [neovide::renderer::rendered_window] region: Box2 { min: Point2 { x: 8.0, y: 8.0 }, max: Point2 { x: 751.0, y: 512.0 } }, inner: Rect { left: 8.0, top: 8.0, right: 751.0, bottom: 512.0 }, pics: 1
TRACE [neovide::renderer::rendered_window] region: Box2 { min: Point2 { x: 8.0, y: 8.0 }, max: Point2 { x: 751.0, y: 440.0 } }, inner: Rect { left: 8.0, top: 8.0, right: 751.0, bottom: 440.0 }, pics: 12
TRACE [neovide::renderer::rendered_window] region: Box2 { min: Point2 { x: 8.0, y: 476.0 }, max: Point2 { x: 140980.23, y: 512.0 } }, inner: Rect { left: 8.0, top: 476.0, right: 140980.23, bottom: 512.0 }, pics: 1
INFO [neovide::renderer::grid_renderer] blend 0
DEBUG [neovide::renderer] zindex: 200, base: 0
DEBUG [neovide::renderer] layer: [(4, SortOrder { z_index: 200, composition_order: 1 })]
TRACE [neovide::renderer::rendered_window] region: Box2 { min: Point2 { x: 8.0, y: 8.0 }, max: Point2 { x: 751.0, y: 512.0 } }, inner: Rect { left: 8.0, top: 8.0, right: 751.0, bottom: 512.0 }, pics: 1
TRACE [neovide::renderer::rendered_window] region: Box2 { min: Point2 { x: 8.0, y: 8.0 }, max: Point2 { x: 751.0, y: 440.0 } }, inner: Rect { left: 8.0, top: 8.0, right: 751.0, bottom: 440.0 }, pics: 12
TRACE [neovide::renderer::rendered_window] region: Box2 { min: Point2 { x: 8.0, y: 476.0 }, max: Point2 { x: 140980.23, y: 512.0 } }, inner: Rect { left: 8.0, top: 476.0, right: 140980.23, bottom: 512.0 }, pics: 1
INFO [neovide::renderer::grid_renderer] blend 0
DEBUG [neovide::renderer] zindex: 200, base: 0
DEBUG [neovide::renderer] layer: [(4, SortOrder { z_index: 200, composition_order: 1 })]
TRACE [neovide::renderer::rendered_window] region: Box2 { min: Point2 { x: 8.0, y: 8.0 }, max: Point2 { x: 751.0, y: 512.0 } }, inner: Rect { left: 8.0, top: 8.0, right: 751.0, bottom: 512.0 }, pics: 1
TRACE [neovide::renderer::rendered_window] region: Box2 { min: Point2 { x: 8.0, y: 8.0 }, max: Point2 { x: 751.0, y: 440.0 } }, inner: Rect { left: 8.0, top: 8.0, right: 751.0, bottom: 440.0 }, pics: 12
TRACE [neovide::renderer::rendered_window] region: Box2 { min: Point2 { x: 8.0, y: 476.0 }, max: Point2 { x: 140980.23, y: 512.0 } }, inner: Rect { left: 8.0, top: 476.0, right: 140980.23, bottom: 512.0 }, pics: 1
INFO [neovide::renderer::grid_renderer] blend 0
DEBUG [neovide::renderer] zindex: 200, base: 0
DEBUG [neovide::renderer] layer: [(4, SortOrder { z_index: 200, composition_order: 1 })]
TRACE [neovide::renderer::rendered_window] region: Box2 { min: Point2 { x: 8.0, y: 8.0 }, max: Point2 { x: 751.0, y: 512.0 } }, inner: Rect { left: 8.0, top: 8.0, right: 751.0, bottom: 512.0 }, pics: 1
TRACE [neovide::renderer::rendered_window] region: Box2 { min: Point2 { x: 8.0, y: 8.0 }, max: Point2 { x: 751.0, y: 440.0 } }, inner: Rect { left: 8.0, top: 8.0, right: 751.0, bottom: 440.0 }, pics: 12
TRACE [neovide::renderer::rendered_window] region: Box2 { min: Point2 { x: 8.0, y: 476.0 }, max: Point2 { x: 140980.23, y: 512.0 } }, inner: Rect { left: 8.0, top: 476.0, right: 140980.23, bottom: 512.0 }, pics: 1
INFO [neovide::renderer::grid_renderer] blend 0
DEBUG [neovide::renderer] zindex: 200, base: 0
DEBUG [neovide::renderer] layer: [(4, SortOrder { z_index: 200, composition_order: 1 })]
TRACE [neovide::renderer::rendered_window] region: Box2 { min: Point2 { x: 8.0, y: 8.0 }, max: Point2 { x: 751.0, y: 512.0 } }, inner: Rect { left: 8.0, top: 8.0, right: 751.0, bottom: 512.0 }, pics: 1
TRACE [neovide::renderer::rendered_window] region: Box2 { min: Point2 { x: 8.0, y: 8.0 }, max: Point2 { x: 751.0, y: 440.0 } }, inner: Rect { left: 8.0, top: 8.0, right: 751.0, bottom: 440.0 }, pics: 12
TRACE [neovide::renderer::rendered_window] region: Box2 { min: Point2 { x: 8.0, y: 476.0 }, max: Point2 { x: 140980.23, y: 512.0 } }, inner: Rect { left: 8.0, top: 476.0, right: 140980.23, bottom: 512.0 }, pics: 1
TRACE [neovide::window::keyboard_manager] KeyEvent {
    physical_key: Code(
        KeyL,
    ),
    logical_key: Character(
        "l",
    ),
    text: Some(
        "l",
    ),
    location: Standard,
    state: Pressed,
    repeat: true,
    platform_specific: KeyEventExtra {
        text_with_all_modifiers: Some(
            "l",
        ),
        key_without_modifiers: Character(
            "l",
        ),
    },
}
TRACE [neovide::window::keyboard_manager] Key pressed l ModifiersState(0x0)
TRACE [neovide::channel_utils] UICommand Serial(Keyboard("l"))
TRACE [neovide::channel_utils] UICommand Serial(Keyboard("l"))
TRACE [neovide::bridge::ui_commands] In Serial Command
TRACE [neovide::bridge::ui_commands] Keyboard Input Sent: l
TRACE [neovide::bridge::handler] Neovim notification: "redraw"
TRACE [neovide::channel_utils] neovim_handler GridLine { grid: 4, row: 0, column_start: 41, cells: [GridLineCell { text: "l", highlight_id: Some(100), repeat: None }] }
TRACE [neovide::channel_utils] neovim_handler WindowViewport { grid: 4, top_line: 0.0, bottom_line: 1.0, current_line: 0.0, current_column: 0.0, line_count: Some(1.0), scroll_delta: Some(0.0) }
TRACE [neovide::channel_utils] neovim_handler Flush
TRACE [neovide::editor] Image flushed
TRACE [neovide::editor] send_batch
TRACE [neovide::renderer::rendered_window] Handling Viewport 4
INFO [neovide::renderer::grid_renderer] blend 0
DEBUG [neovide::renderer] zindex: 200, base: 0
DEBUG [neovide::renderer] layer: [(4, SortOrder { z_index: 200, composition_order: 1 })]
TRACE [neovide::renderer::rendered_window] region: Box2 { min: Point2 { x: 8.0, y: 8.0 }, max: Point2 { x: 751.0, y: 512.0 } }, inner: Rect { left: 8.0, top: 8.0, right: 751.0, bottom: 512.0 }, pics: 1
TRACE [neovide::renderer::rendered_window] region: Box2 { min: Point2 { x: 8.0, y: 8.0 }, max: Point2 { x: 751.0, y: 440.0 } }, inner: Rect { left: 8.0, top: 8.0, right: 751.0, bottom: 440.0 }, pics: 12
TRACE [neovide::bridge::handler] Neovim notification: "redraw"
TRACE [neovide::channel_utils] neovim_handler WindowViewport { grid: 2, top_line: 0.0, bottom_line: 4.0, current_line: 1.0, current_column: 4.0, line_count: Some(3.0), scroll_delta: Some(0.0) }
TRACE [neovide::channel_utils] neovim_handler GridLine { grid: 1, row: 12, column_start: 36, cells: [GridLineCell { text: "5", highlight_id: Some(104), repeat: None }] }
TRACE [neovide::channel_utils] neovim_handler GridLine { grid: 4, row: 0, column_start: 41, cells: [GridLineCell { text: " ", highlight_id: Some(100), repeat: Some(1) }] }
TRACE [neovide::channel_utils] neovim_handler WindowViewport { grid: 4, top_line: 0.0, bottom_line: 1.0, current_line: 0.0, current_column: 0.0, line_count: Some(1.0), scroll_delta: Some(0.0) }
TRACE [neovide::channel_utils] neovim_handler CursorGoto { grid: 2, row: 1, column: 10 }
TRACE [neovide::channel_utils] neovim_handler Flush
TRACE [neovide::renderer::rendered_window] region: Box2 { min: Point2 { x: 8.0, y: 476.0 }, max: Point2 { x: 140980.23, y: 512.0 } }, inner: Rect { left: 8.0, top: 476.0, right: 140980.23, bottom: 512.0 }, pics: 1
TRACE [neovide::editor] Image flushed
TRACE [neovide::editor] send_batch
TRACE [neovide::renderer::rendered_window] Handling Viewport 2
TRACE [neovide::renderer::rendered_window] Handling Viewport 4
TRACE [neovide::renderer::fonts::caching_shaper] Shaping text: "2,5"
INFO [neovide::renderer::grid_renderer] blend 0
DEBUG [neovide::renderer] zindex: 200, base: 0
DEBUG [neovide::renderer] layer: [(4, SortOrder { z_index: 200, composition_order: 1 })]
TRACE [neovide::renderer::rendered_window] region: Box2 { min: Point2 { x: 8.0, y: 8.0 }, max: Point2 { x: 751.0, y: 512.0 } }, inner: Rect { left: 8.0, top: 8.0, right: 751.0, bottom: 512.0 }, pics: 1
TRACE [neovide::renderer::rendered_window] region: Box2 { min: Point2 { x: 8.0, y: 8.0 }, max: Point2 { x: 751.0, y: 440.0 } }, inner: Rect { left: 8.0, top: 8.0, right: 751.0, bottom: 440.0 }, pics: 12
TRACE [neovide::renderer::rendered_window] region: Box2 { min: Point2 { x: 8.0, y: 476.0 }, max: Point2 { x: 140980.23, y: 512.0 } }, inner: Rect { left: 8.0, top: 476.0, right: 140980.23, bottom: 512.0 }, pics: 1
TRACE [neovide::renderer::fonts::caching_shaper] Shaping text: "r"
INFO [neovide::renderer::grid_renderer] blend 0
DEBUG [neovide::renderer] zindex: 200, base: 0
DEBUG [neovide::renderer] layer: [(4, SortOrder { z_index: 200, composition_order: 1 })]
TRACE [neovide::renderer::rendered_window] region: Box2 { min: Point2 { x: 8.0, y: 8.0 }, max: Point2 { x: 751.0, y: 512.0 } }, inner: Rect { left: 8.0, top: 8.0, right: 751.0, bottom: 512.0 }, pics: 1
TRACE [neovide::renderer::rendered_window] region: Box2 { min: Point2 { x: 8.0, y: 8.0 }, max: Point2 { x: 751.0, y: 440.0 } }, inner: Rect { left: 8.0, top: 8.0, right: 751.0, bottom: 440.0 }, pics: 12
TRACE [neovide::renderer::rendered_window] region: Box2 { min: Point2 { x: 8.0, y: 476.0 }, max: Point2 { x: 140980.23, y: 512.0 } }, inner: Rect { left: 8.0, top: 476.0, right: 140980.23, bottom: 512.0 }, pics: 1
INFO [neovide::renderer::grid_renderer] blend 0
DEBUG [neovide::renderer] zindex: 200, base: 0
DEBUG [neovide::renderer] layer: [(4, SortOrder { z_index: 200, composition_order: 1 })]
TRACE [neovide::renderer::rendered_window] region: Box2 { min: Point2 { x: 8.0, y: 8.0 }, max: Point2 { x: 751.0, y: 512.0 } }, inner: Rect { left: 8.0, top: 8.0, right: 751.0, bottom: 512.0 }, pics: 1
TRACE [neovide::renderer::rendered_window] region: Box2 { min: Point2 { x: 8.0, y: 8.0 }, max: Point2 { x: 751.0, y: 440.0 } }, inner: Rect { left: 8.0, top: 8.0, right: 751.0, bottom: 440.0 }, pics: 12
TRACE [neovide::renderer::rendered_window] region: Box2 { min: Point2 { x: 8.0, y: 476.0 }, max: Point2 { x: 140980.23, y: 512.0 } }, inner: Rect { left: 8.0, top: 476.0, right: 140980.23, bottom: 512.0 }, pics: 1
INFO [neovide::renderer::grid_renderer] blend 0
DEBUG [neovide::renderer] zindex: 200, base: 0
DEBUG [neovide::renderer] layer: [(4, SortOrder { z_index: 200, composition_order: 1 })]
TRACE [neovide::renderer::rendered_window] region: Box2 { min: Point2 { x: 8.0, y: 8.0 }, max: Point2 { x: 751.0, y: 512.0 } }, inner: Rect { left: 8.0, top: 8.0, right: 751.0, bottom: 512.0 }, pics: 1
TRACE [neovide::renderer::rendered_window] region: Box2 { min: Point2 { x: 8.0, y: 8.0 }, max: Point2 { x: 751.0, y: 440.0 } }, inner: Rect { left: 8.0, top: 8.0, right: 751.0, bottom: 440.0 }, pics: 12
TRACE [neovide::renderer::rendered_window] region: Box2 { min: Point2 { x: 8.0, y: 476.0 }, max: Point2 { x: 140980.23, y: 512.0 } }, inner: Rect { left: 8.0, top: 476.0, right: 140980.23, bottom: 512.0 }, pics: 1
INFO [neovide::renderer::grid_renderer] blend 0
DEBUG [neovide::renderer] zindex: 200, base: 0
DEBUG [neovide::renderer] layer: [(4, SortOrder { z_index: 200, composition_order: 1 })]
TRACE [neovide::renderer::rendered_window] region: Box2 { min: Point2 { x: 8.0, y: 8.0 }, max: Point2 { x: 751.0, y: 512.0 } }, inner: Rect { left: 8.0, top: 8.0, right: 751.0, bottom: 512.0 }, pics: 1
TRACE [neovide::renderer::rendered_window] region: Box2 { min: Point2 { x: 8.0, y: 8.0 }, max: Point2 { x: 751.0, y: 440.0 } }, inner: Rect { left: 8.0, top: 8.0, right: 751.0, bottom: 440.0 }, pics: 12
TRACE [neovide::renderer::rendered_window] region: Box2 { min: Point2 { x: 8.0, y: 476.0 }, max: Point2 { x: 140980.23, y: 512.0 } }, inner: Rect { left: 8.0, top: 476.0, right: 140980.23, bottom: 512.0 }, pics: 1
INFO [neovide::renderer::grid_renderer] blend 0
DEBUG [neovide::renderer] zindex: 200, base: 0
DEBUG [neovide::renderer] layer: [(4, SortOrder { z_index: 200, composition_order: 1 })]
TRACE [neovide::renderer::rendered_window] region: Box2 { min: Point2 { x: 8.0, y: 8.0 }, max: Point2 { x: 751.0, y: 512.0 } }, inner: Rect { left: 8.0, top: 8.0, right: 751.0, bottom: 512.0 }, pics: 1
TRACE [neovide::renderer::rendered_window] region: Box2 { min: Point2 { x: 8.0, y: 8.0 }, max: Point2 { x: 751.0, y: 440.0 } }, inner: Rect { left: 8.0, top: 8.0, right: 751.0, bottom: 440.0 }, pics: 12
TRACE [neovide::renderer::rendered_window] region: Box2 { min: Point2 { x: 8.0, y: 476.0 }, max: Point2 { x: 140980.23, y: 512.0 } }, inner: Rect { left: 8.0, top: 476.0, right: 140980.23, bottom: 512.0 }, pics: 1
INFO [neovide::renderer::grid_renderer] blend 0
DEBUG [neovide::renderer] zindex: 200, base: 0
DEBUG [neovide::renderer] layer: [(4, SortOrder { z_index: 200, composition_order: 1 })]
TRACE [neovide::renderer::rendered_window] region: Box2 { min: Point2 { x: 8.0, y: 8.0 }, max: Point2 { x: 751.0, y: 512.0 } }, inner: Rect { left: 8.0, top: 8.0, right: 751.0, bottom: 512.0 }, pics: 1
TRACE [neovide::renderer::rendered_window] region: Box2 { min: Point2 { x: 8.0, y: 8.0 }, max: Point2 { x: 751.0, y: 440.0 } }, inner: Rect { left: 8.0, top: 8.0, right: 751.0, bottom: 440.0 }, pics: 12
TRACE [neovide::renderer::rendered_window] region: Box2 { min: Point2 { x: 8.0, y: 476.0 }, max: Point2 { x: 140980.23, y: 512.0 } }, inner: Rect { left: 8.0, top: 476.0, right: 140980.23, bottom: 512.0 }, pics: 1
TRACE [neovide::window::keyboard_manager] KeyEvent {
    physical_key: Code(
        KeyL,
    ),
    logical_key: Character(
        "l",
    ),
    text: Some(
        "l",
    ),
    location: Standard,
    state: Pressed,
    repeat: true,
    platform_specific: KeyEventExtra {
        text_with_all_modifiers: Some(
            "l",
        ),
        key_without_modifiers: Character(
            "l",
        ),
    },
}
TRACE [neovide::window::keyboard_manager] Key pressed l ModifiersState(0x0)
TRACE [neovide::channel_utils] UICommand Serial(Keyboard("l"))
TRACE [neovide::channel_utils] UICommand Serial(Keyboard("l"))
TRACE [neovide::bridge::ui_commands] In Serial Command
TRACE [neovide::bridge::ui_commands] Keyboard Input Sent: l
TRACE [neovide::bridge::handler] Neovim notification: "redraw"
TRACE [neovide::channel_utils] neovim_handler GridLine { grid: 4, row: 0, column_start: 41, cells: [GridLineCell { text: "l", highlight_id: Some(100), repeat: None }] }
TRACE [neovide::channel_utils] neovim_handler WindowViewport { grid: 4, top_line: 0.0, bottom_line: 1.0, current_line: 0.0, current_column: 0.0, line_count: Some(1.0), scroll_delta: Some(0.0) }
TRACE [neovide::channel_utils] neovim_handler Flush
TRACE [neovide::editor] Image flushed
TRACE [neovide::editor] send_batch
TRACE [neovide::renderer::rendered_window] Handling Viewport 4
INFO [neovide::renderer::grid_renderer] blend 0
DEBUG [neovide::renderer] zindex: 200, base: 0
DEBUG [neovide::renderer] layer: [(4, SortOrder { z_index: 200, composition_order: 1 })]
TRACE [neovide::renderer::rendered_window] region: Box2 { min: Point2 { x: 8.0, y: 8.0 }, max: Point2 { x: 751.0, y: 512.0 } }, inner: Rect { left: 8.0, top: 8.0, right: 751.0, bottom: 512.0 }, pics: 1
TRACE [neovide::renderer::rendered_window] region: Box2 { min: Point2 { x: 8.0, y: 8.0 }, max: Point2 { x: 751.0, y: 440.0 } }, inner: Rect { left: 8.0, top: 8.0, right: 751.0, bottom: 440.0 }, pics: 12
TRACE [neovide::bridge::handler] Neovim notification: "redraw"
TRACE [neovide::channel_utils] neovim_handler WindowViewport { grid: 2, top_line: 0.0, bottom_line: 4.0, current_line: 1.0, current_column: 5.0, line_count: Some(3.0), scroll_delta: Some(0.0) }
TRACE [neovide::channel_utils] neovim_handler GridLine { grid: 1, row: 12, column_start: 36, cells: [GridLineCell { text: "6", highlight_id: Some(104), repeat: None }] }
TRACE [neovide::channel_utils] neovim_handler GridLine { grid: 4, row: 0, column_start: 41, cells: [GridLineCell { text: " ", highlight_id: Some(100), repeat: Some(1) }] }
TRACE [neovide::channel_utils] neovim_handler WindowViewport { grid: 4, top_line: 0.0, bottom_line: 1.0, current_line: 0.0, current_column: 0.0, line_count: Some(1.0), scroll_delta: Some(0.0) }
TRACE [neovide::channel_utils] neovim_handler CursorGoto { grid: 2, row: 1, column: 11 }
TRACE [neovide::channel_utils] neovim_handler Flush
TRACE [neovide::renderer::rendered_window] region: Box2 { min: Point2 { x: 8.0, y: 476.0 }, max: Point2 { x: 140980.23, y: 512.0 } }, inner: Rect { left: 8.0, top: 476.0, right: 140980.23, bottom: 512.0 }, pics: 1
TRACE [neovide::editor] Image flushed
TRACE [neovide::editor] send_batch
TRACE [neovide::renderer::rendered_window] Handling Viewport 2
TRACE [neovide::renderer::rendered_window] Handling Viewport 4
TRACE [neovide::renderer::fonts::caching_shaper] Shaping text: "2,6"
INFO [neovide::renderer::grid_renderer] blend 0
DEBUG [neovide::renderer] zindex: 200, base: 0
DEBUG [neovide::renderer] layer: [(4, SortOrder { z_index: 200, composition_order: 1 })]
TRACE [neovide::renderer::rendered_window] region: Box2 { min: Point2 { x: 8.0, y: 8.0 }, max: Point2 { x: 751.0, y: 512.0 } }, inner: Rect { left: 8.0, top: 8.0, right: 751.0, bottom: 512.0 }, pics: 1
TRACE [neovide::renderer::rendered_window] region: Box2 { min: Point2 { x: 8.0, y: 8.0 }, max: Point2 { x: 751.0, y: 440.0 } }, inner: Rect { left: 8.0, top: 8.0, right: 751.0, bottom: 440.0 }, pics: 12
TRACE [neovide::renderer::rendered_window] region: Box2 { min: Point2 { x: 8.0, y: 476.0 }, max: Point2 { x: 140980.23, y: 512.0 } }, inner: Rect { left: 8.0, top: 476.0, right: 140980.23, bottom: 512.0 }, pics: 1
TRACE [neovide::renderer::fonts::caching_shaper] Shaping text: "e"
INFO [neovide::renderer::grid_renderer] blend 0
DEBUG [neovide::renderer] zindex: 200, base: 0
DEBUG [neovide::renderer] layer: [(4, SortOrder { z_index: 200, composition_order: 1 })]
TRACE [neovide::renderer::rendered_window] region: Box2 { min: Point2 { x: 8.0, y: 8.0 }, max: Point2 { x: 751.0, y: 512.0 } }, inner: Rect { left: 8.0, top: 8.0, right: 751.0, bottom: 512.0 }, pics: 1
TRACE [neovide::renderer::rendered_window] region: Box2 { min: Point2 { x: 8.0, y: 8.0 }, max: Point2 { x: 751.0, y: 440.0 } }, inner: Rect { left: 8.0, top: 8.0, right: 751.0, bottom: 440.0 }, pics: 12
TRACE [neovide::renderer::rendered_window] region: Box2 { min: Point2 { x: 8.0, y: 476.0 }, max: Point2 { x: 140980.23, y: 512.0 } }, inner: Rect { left: 8.0, top: 476.0, right: 140980.23, bottom: 512.0 }, pics: 1
INFO [neovide::renderer::grid_renderer] blend 0
DEBUG [neovide::renderer] zindex: 200, base: 0
DEBUG [neovide::renderer] layer: [(4, SortOrder { z_index: 200, composition_order: 1 })]
TRACE [neovide::renderer::rendered_window] region: Box2 { min: Point2 { x: 8.0, y: 8.0 }, max: Point2 { x: 751.0, y: 512.0 } }, inner: Rect { left: 8.0, top: 8.0, right: 751.0, bottom: 512.0 }, pics: 1
TRACE [neovide::renderer::rendered_window] region: Box2 { min: Point2 { x: 8.0, y: 8.0 }, max: Point2 { x: 751.0, y: 440.0 } }, inner: Rect { left: 8.0, top: 8.0, right: 751.0, bottom: 440.0 }, pics: 12
TRACE [neovide::renderer::rendered_window] region: Box2 { min: Point2 { x: 8.0, y: 476.0 }, max: Point2 { x: 140980.23, y: 512.0 } }, inner: Rect { left: 8.0, top: 476.0, right: 140980.23, bottom: 512.0 }, pics: 1
INFO [neovide::renderer::grid_renderer] blend 0
DEBUG [neovide::renderer] zindex: 200, base: 0
DEBUG [neovide::renderer] layer: [(4, SortOrder { z_index: 200, composition_order: 1 })]
TRACE [neovide::renderer::rendered_window] region: Box2 { min: Point2 { x: 8.0, y: 8.0 }, max: Point2 { x: 751.0, y: 512.0 } }, inner: Rect { left: 8.0, top: 8.0, right: 751.0, bottom: 512.0 }, pics: 1
TRACE [neovide::renderer::rendered_window] region: Box2 { min: Point2 { x: 8.0, y: 8.0 }, max: Point2 { x: 751.0, y: 440.0 } }, inner: Rect { left: 8.0, top: 8.0, right: 751.0, bottom: 440.0 }, pics: 12
TRACE [neovide::renderer::rendered_window] region: Box2 { min: Point2 { x: 8.0, y: 476.0 }, max: Point2 { x: 140980.23, y: 512.0 } }, inner: Rect { left: 8.0, top: 476.0, right: 140980.23, bottom: 512.0 }, pics: 1
INFO [neovide::renderer::grid_renderer] blend 0
DEBUG [neovide::renderer] zindex: 200, base: 0
DEBUG [neovide::renderer] layer: [(4, SortOrder { z_index: 200, composition_order: 1 })]
TRACE [neovide::renderer::rendered_window] region: Box2 { min: Point2 { x: 8.0, y: 8.0 }, max: Point2 { x: 751.0, y: 512.0 } }, inner: Rect { left: 8.0, top: 8.0, right: 751.0, bottom: 512.0 }, pics: 1
TRACE [neovide::renderer::rendered_window] region: Box2 { min: Point2 { x: 8.0, y: 8.0 }, max: Point2 { x: 751.0, y: 440.0 } }, inner: Rect { left: 8.0, top: 8.0, right: 751.0, bottom: 440.0 }, pics: 12
TRACE [neovide::renderer::rendered_window] region: Box2 { min: Point2 { x: 8.0, y: 476.0 }, max: Point2 { x: 140980.23, y: 512.0 } }, inner: Rect { left: 8.0, top: 476.0, right: 140980.23, bottom: 512.0 }, pics: 1
INFO [neovide::renderer::grid_renderer] blend 0
DEBUG [neovide::renderer] zindex: 200, base: 0
DEBUG [neovide::renderer] layer: [(4, SortOrder { z_index: 200, composition_order: 1 })]
TRACE [neovide::renderer::rendered_window] region: Box2 { min: Point2 { x: 8.0, y: 8.0 }, max: Point2 { x: 751.0, y: 512.0 } }, inner: Rect { left: 8.0, top: 8.0, right: 751.0, bottom: 512.0 }, pics: 1
TRACE [neovide::renderer::rendered_window] region: Box2 { min: Point2 { x: 8.0, y: 8.0 }, max: Point2 { x: 751.0, y: 440.0 } }, inner: Rect { left: 8.0, top: 8.0, right: 751.0, bottom: 440.0 }, pics: 12
TRACE [neovide::renderer::rendered_window] region: Box2 { min: Point2 { x: 8.0, y: 476.0 }, max: Point2 { x: 140980.23, y: 512.0 } }, inner: Rect { left: 8.0, top: 476.0, right: 140980.23, bottom: 512.0 }, pics: 1
INFO [neovide::renderer::grid_renderer] blend 0
DEBUG [neovide::renderer] zindex: 200, base: 0
DEBUG [neovide::renderer] layer: [(4, SortOrder { z_index: 200, composition_order: 1 })]
TRACE [neovide::renderer::rendered_window] region: Box2 { min: Point2 { x: 8.0, y: 8.0 }, max: Point2 { x: 751.0, y: 512.0 } }, inner: Rect { left: 8.0, top: 8.0, right: 751.0, bottom: 512.0 }, pics: 1
TRACE [neovide::renderer::rendered_window] region: Box2 { min: Point2 { x: 8.0, y: 8.0 }, max: Point2 { x: 751.0, y: 440.0 } }, inner: Rect { left: 8.0, top: 8.0, right: 751.0, bottom: 440.0 }, pics: 12
TRACE [neovide::renderer::rendered_window] region: Box2 { min: Point2 { x: 8.0, y: 476.0 }, max: Point2 { x: 140980.23, y: 512.0 } }, inner: Rect { left: 8.0, top: 476.0, right: 140980.23, bottom: 512.0 }, pics: 1
TRACE [neovide::window::keyboard_manager] KeyEvent {
    physical_key: Code(
        KeyL,
    ),
    logical_key: Character(
        "l",
    ),
    text: Some(
        "l",
    ),
    location: Standard,
    state: Pressed,
    repeat: true,
    platform_specific: KeyEventExtra {
        text_with_all_modifiers: Some(
            "l",
        ),
        key_without_modifiers: Character(
            "l",
        ),
    },
}
TRACE [neovide::window::keyboard_manager] Key pressed l ModifiersState(0x0)
TRACE [neovide::channel_utils] UICommand Serial(Keyboard("l"))
TRACE [neovide::channel_utils] UICommand Serial(Keyboard("l"))
TRACE [neovide::bridge::ui_commands] In Serial Command
TRACE [neovide::bridge::ui_commands] Keyboard Input Sent: l
TRACE [neovide::bridge::handler] Neovim notification: "redraw"
TRACE [neovide::channel_utils] neovim_handler GridLine { grid: 4, row: 0, column_start: 41, cells: [GridLineCell { text: "l", highlight_id: Some(100), repeat: None }] }
TRACE [neovide::channel_utils] neovim_handler WindowViewport { grid: 4, top_line: 0.0, bottom_line: 1.0, current_line: 0.0, current_column: 0.0, line_count: Some(1.0), scroll_delta: Some(0.0) }
TRACE [neovide::channel_utils] neovim_handler Flush
TRACE [neovide::editor] Image flushed
TRACE [neovide::editor] send_batch
TRACE [neovide::renderer::rendered_window] Handling Viewport 4
INFO [neovide::renderer::grid_renderer] blend 0
DEBUG [neovide::renderer] zindex: 200, base: 0
DEBUG [neovide::renderer] layer: [(4, SortOrder { z_index: 200, composition_order: 1 })]
TRACE [neovide::renderer::rendered_window] region: Box2 { min: Point2 { x: 8.0, y: 8.0 }, max: Point2 { x: 751.0, y: 512.0 } }, inner: Rect { left: 8.0, top: 8.0, right: 751.0, bottom: 512.0 }, pics: 1
TRACE [neovide::renderer::rendered_window] region: Box2 { min: Point2 { x: 8.0, y: 8.0 }, max: Point2 { x: 751.0, y: 440.0 } }, inner: Rect { left: 8.0, top: 8.0, right: 751.0, bottom: 440.0 }, pics: 12
TRACE [neovide::bridge::handler] Neovim notification: "redraw"
TRACE [neovide::channel_utils] neovim_handler WindowViewport { grid: 2, top_line: 0.0, bottom_line: 4.0, current_line: 1.0, current_column: 6.0, line_count: Some(3.0), scroll_delta: Some(0.0) }
TRACE [neovide::channel_utils] neovim_handler GridLine { grid: 1, row: 12, column_start: 36, cells: [GridLineCell { text: "7", highlight_id: Some(104), repeat: None }] }
TRACE [neovide::channel_utils] neovim_handler GridLine { grid: 4, row: 0, column_start: 41, cells: [GridLineCell { text: " ", highlight_id: Some(100), repeat: Some(1) }] }
TRACE [neovide::channel_utils] neovim_handler WindowViewport { grid: 4, top_line: 0.0, bottom_line: 1.0, current_line: 0.0, current_column: 0.0, line_count: Some(1.0), scroll_delta: Some(0.0) }
TRACE [neovide::channel_utils] neovim_handler CursorGoto { grid: 2, row: 1, column: 12 }
TRACE [neovide::channel_utils] neovim_handler Flush
TRACE [neovide::renderer::rendered_window] region: Box2 { min: Point2 { x: 8.0, y: 476.0 }, max: Point2 { x: 140980.23, y: 512.0 } }, inner: Rect { left: 8.0, top: 476.0, right: 140980.23, bottom: 512.0 }, pics: 1
TRACE [neovide::editor] Image flushed
TRACE [neovide::editor] send_batch
TRACE [neovide::renderer::rendered_window] Handling Viewport 2
TRACE [neovide::renderer::rendered_window] Handling Viewport 4
TRACE [neovide::renderer::fonts::caching_shaper] Shaping text: "2,7"
INFO [neovide::renderer::grid_renderer] blend 0
DEBUG [neovide::renderer] zindex: 200, base: 0
DEBUG [neovide::renderer] layer: [(4, SortOrder { z_index: 200, composition_order: 1 })]
TRACE [neovide::renderer::rendered_window] region: Box2 { min: Point2 { x: 8.0, y: 8.0 }, max: Point2 { x: 751.0, y: 512.0 } }, inner: Rect { left: 8.0, top: 8.0, right: 751.0, bottom: 512.0 }, pics: 1
TRACE [neovide::renderer::rendered_window] region: Box2 { min: Point2 { x: 8.0, y: 8.0 }, max: Point2 { x: 751.0, y: 440.0 } }, inner: Rect { left: 8.0, top: 8.0, right: 751.0, bottom: 440.0 }, pics: 12
TRACE [neovide::renderer::rendered_window] region: Box2 { min: Point2 { x: 8.0, y: 476.0 }, max: Point2 { x: 140980.23, y: 512.0 } }, inner: Rect { left: 8.0, top: 476.0, right: 140980.23, bottom: 512.0 }, pics: 1
TRACE [neovide::renderer::fonts::caching_shaper] Shaping text: "s"
INFO [neovide::renderer::grid_renderer] blend 0
DEBUG [neovide::renderer] zindex: 200, base: 0
DEBUG [neovide::renderer] layer: [(4, SortOrder { z_index: 200, composition_order: 1 })]
TRACE [neovide::renderer::rendered_window] region: Box2 { min: Point2 { x: 8.0, y: 8.0 }, max: Point2 { x: 751.0, y: 512.0 } }, inner: Rect { left: 8.0, top: 8.0, right: 751.0, bottom: 512.0 }, pics: 1
TRACE [neovide::renderer::rendered_window] region: Box2 { min: Point2 { x: 8.0, y: 8.0 }, max: Point2 { x: 751.0, y: 440.0 } }, inner: Rect { left: 8.0, top: 8.0, right: 751.0, bottom: 440.0 }, pics: 12
TRACE [neovide::renderer::rendered_window] region: Box2 { min: Point2 { x: 8.0, y: 476.0 }, max: Point2 { x: 140980.23, y: 512.0 } }, inner: Rect { left: 8.0, top: 476.0, right: 140980.23, bottom: 512.0 }, pics: 1
INFO [neovide::renderer::grid_renderer] blend 0
DEBUG [neovide::renderer] zindex: 200, base: 0
DEBUG [neovide::renderer] layer: [(4, SortOrder { z_index: 200, composition_order: 1 })]
TRACE [neovide::renderer::rendered_window] region: Box2 { min: Point2 { x: 8.0, y: 8.0 }, max: Point2 { x: 751.0, y: 512.0 } }, inner: Rect { left: 8.0, top: 8.0, right: 751.0, bottom: 512.0 }, pics: 1
TRACE [neovide::renderer::rendered_window] region: Box2 { min: Point2 { x: 8.0, y: 8.0 }, max: Point2 { x: 751.0, y: 440.0 } }, inner: Rect { left: 8.0, top: 8.0, right: 751.0, bottom: 440.0 }, pics: 12
TRACE [neovide::renderer::rendered_window] region: Box2 { min: Point2 { x: 8.0, y: 476.0 }, max: Point2 { x: 140980.23, y: 512.0 } }, inner: Rect { left: 8.0, top: 476.0, right: 140980.23, bottom: 512.0 }, pics: 1
INFO [neovide::renderer::grid_renderer] blend 0
DEBUG [neovide::renderer] zindex: 200, base: 0
DEBUG [neovide::renderer] layer: [(4, SortOrder { z_index: 200, composition_order: 1 })]
TRACE [neovide::renderer::rendered_window] region: Box2 { min: Point2 { x: 8.0, y: 8.0 }, max: Point2 { x: 751.0, y: 512.0 } }, inner: Rect { left: 8.0, top: 8.0, right: 751.0, bottom: 512.0 }, pics: 1
TRACE [neovide::renderer::rendered_window] region: Box2 { min: Point2 { x: 8.0, y: 8.0 }, max: Point2 { x: 751.0, y: 440.0 } }, inner: Rect { left: 8.0, top: 8.0, right: 751.0, bottom: 440.0 }, pics: 12
TRACE [neovide::renderer::rendered_window] region: Box2 { min: Point2 { x: 8.0, y: 476.0 }, max: Point2 { x: 140980.23, y: 512.0 } }, inner: Rect { left: 8.0, top: 476.0, right: 140980.23, bottom: 512.0 }, pics: 1
INFO [neovide::renderer::grid_renderer] blend 0
DEBUG [neovide::renderer] zindex: 200, base: 0
DEBUG [neovide::renderer] layer: [(4, SortOrder { z_index: 200, composition_order: 1 })]
TRACE [neovide::renderer::rendered_window] region: Box2 { min: Point2 { x: 8.0, y: 8.0 }, max: Point2 { x: 751.0, y: 512.0 } }, inner: Rect { left: 8.0, top: 8.0, right: 751.0, bottom: 512.0 }, pics: 1
TRACE [neovide::renderer::rendered_window] region: Box2 { min: Point2 { x: 8.0, y: 8.0 }, max: Point2 { x: 751.0, y: 440.0 } }, inner: Rect { left: 8.0, top: 8.0, right: 751.0, bottom: 440.0 }, pics: 12
TRACE [neovide::renderer::rendered_window] region: Box2 { min: Point2 { x: 8.0, y: 476.0 }, max: Point2 { x: 140980.23, y: 512.0 } }, inner: Rect { left: 8.0, top: 476.0, right: 140980.23, bottom: 512.0 }, pics: 1
INFO [neovide::renderer::grid_renderer] blend 0
DEBUG [neovide::renderer] zindex: 200, base: 0
DEBUG [neovide::renderer] layer: [(4, SortOrder { z_index: 200, composition_order: 1 })]
TRACE [neovide::renderer::rendered_window] region: Box2 { min: Point2 { x: 8.0, y: 8.0 }, max: Point2 { x: 751.0, y: 512.0 } }, inner: Rect { left: 8.0, top: 8.0, right: 751.0, bottom: 512.0 }, pics: 1
TRACE [neovide::renderer::rendered_window] region: Box2 { min: Point2 { x: 8.0, y: 8.0 }, max: Point2 { x: 751.0, y: 440.0 } }, inner: Rect { left: 8.0, top: 8.0, right: 751.0, bottom: 440.0 }, pics: 12
TRACE [neovide::renderer::rendered_window] region: Box2 { min: Point2 { x: 8.0, y: 476.0 }, max: Point2 { x: 140980.23, y: 512.0 } }, inner: Rect { left: 8.0, top: 476.0, right: 140980.23, bottom: 512.0 }, pics: 1
INFO [neovide::renderer::grid_renderer] blend 0
DEBUG [neovide::renderer] zindex: 200, base: 0
DEBUG [neovide::renderer] layer: [(4, SortOrder { z_index: 200, composition_order: 1 })]
TRACE [neovide::renderer::rendered_window] region: Box2 { min: Point2 { x: 8.0, y: 8.0 }, max: Point2 { x: 751.0, y: 512.0 } }, inner: Rect { left: 8.0, top: 8.0, right: 751.0, bottom: 512.0 }, pics: 1
TRACE [neovide::renderer::rendered_window] region: Box2 { min: Point2 { x: 8.0, y: 8.0 }, max: Point2 { x: 751.0, y: 440.0 } }, inner: Rect { left: 8.0, top: 8.0, right: 751.0, bottom: 440.0 }, pics: 12
TRACE [neovide::renderer::rendered_window] region: Box2 { min: Point2 { x: 8.0, y: 476.0 }, max: Point2 { x: 140980.23, y: 512.0 } }, inner: Rect { left: 8.0, top: 476.0, right: 140980.23, bottom: 512.0 }, pics: 1
TRACE [neovide::window::keyboard_manager] KeyEvent {
    physical_key: Code(
        KeyL,
    ),
    logical_key: Character(
        "l",
    ),
    text: Some(
        "l",
    ),
    location: Standard,
    state: Pressed,
    repeat: true,
    platform_specific: KeyEventExtra {
        text_with_all_modifiers: Some(
            "l",
        ),
        key_without_modifiers: Character(
            "l",
        ),
    },
}
TRACE [neovide::window::keyboard_manager] Key pressed l ModifiersState(0x0)
TRACE [neovide::channel_utils] UICommand Serial(Keyboard("l"))
TRACE [neovide::channel_utils] UICommand Serial(Keyboard("l"))
TRACE [neovide::bridge::ui_commands] In Serial Command
TRACE [neovide::bridge::ui_commands] Keyboard Input Sent: l
TRACE [neovide::bridge::handler] Neovim notification: "redraw"
TRACE [neovide::channel_utils] neovim_handler GridLine { grid: 4, row: 0, column_start: 41, cells: [GridLineCell { text: "l", highlight_id: Some(100), repeat: None }] }
TRACE [neovide::channel_utils] neovim_handler WindowViewport { grid: 4, top_line: 0.0, bottom_line: 1.0, current_line: 0.0, current_column: 0.0, line_count: Some(1.0), scroll_delta: Some(0.0) }
TRACE [neovide::channel_utils] neovim_handler Flush
TRACE [neovide::editor] Image flushed
TRACE [neovide::editor] send_batch
TRACE [neovide::renderer::rendered_window] Handling Viewport 4
INFO [neovide::renderer::grid_renderer] blend 0
DEBUG [neovide::renderer] zindex: 200, base: 0
DEBUG [neovide::renderer] layer: [(4, SortOrder { z_index: 200, composition_order: 1 })]
TRACE [neovide::renderer::rendered_window] region: Box2 { min: Point2 { x: 8.0, y: 8.0 }, max: Point2 { x: 751.0, y: 512.0 } }, inner: Rect { left: 8.0, top: 8.0, right: 751.0, bottom: 512.0 }, pics: 1
TRACE [neovide::renderer::rendered_window] region: Box2 { min: Point2 { x: 8.0, y: 8.0 }, max: Point2 { x: 751.0, y: 440.0 } }, inner: Rect { left: 8.0, top: 8.0, right: 751.0, bottom: 440.0 }, pics: 12
TRACE [neovide::bridge::handler] Neovim notification: "redraw"
TRACE [neovide::channel_utils] neovim_handler WindowViewport { grid: 2, top_line: 0.0, bottom_line: 4.0, current_line: 1.0, current_column: 7.0, line_count: Some(3.0), scroll_delta: Some(0.0) }
TRACE [neovide::channel_utils] neovim_handler GridLine { grid: 1, row: 12, column_start: 36, cells: [GridLineCell { text: "8", highlight_id: Some(104), repeat: None }] }
TRACE [neovide::channel_utils] neovim_handler GridLine { grid: 4, row: 0, column_start: 41, cells: [GridLineCell { text: " ", highlight_id: Some(100), repeat: Some(1) }] }
TRACE [neovide::channel_utils] neovim_handler WindowViewport { grid: 4, top_line: 0.0, bottom_line: 1.0, current_line: 0.0, current_column: 0.0, line_count: Some(1.0), scroll_delta: Some(0.0) }
TRACE [neovide::channel_utils] neovim_handler CursorGoto { grid: 2, row: 1, column: 13 }
TRACE [neovide::channel_utils] neovim_handler Flush
TRACE [neovide::renderer::rendered_window] region: Box2 { min: Point2 { x: 8.0, y: 476.0 }, max: Point2 { x: 140980.23, y: 512.0 } }, inner: Rect { left: 8.0, top: 476.0, right: 140980.23, bottom: 512.0 }, pics: 1
TRACE [neovide::editor] Image flushed
TRACE [neovide::editor] send_batch
TRACE [neovide::renderer::rendered_window] Handling Viewport 2
TRACE [neovide::renderer::rendered_window] Handling Viewport 4
TRACE [neovide::renderer::fonts::caching_shaper] Shaping text: "2,8"
INFO [neovide::renderer::grid_renderer] blend 0
DEBUG [neovide::renderer] zindex: 200, base: 0
DEBUG [neovide::renderer] layer: [(4, SortOrder { z_index: 200, composition_order: 1 })]
TRACE [neovide::renderer::rendered_window] region: Box2 { min: Point2 { x: 8.0, y: 8.0 }, max: Point2 { x: 751.0, y: 512.0 } }, inner: Rect { left: 8.0, top: 8.0, right: 751.0, bottom: 512.0 }, pics: 1
TRACE [neovide::renderer::rendered_window] region: Box2 { min: Point2 { x: 8.0, y: 8.0 }, max: Point2 { x: 751.0, y: 440.0 } }, inner: Rect { left: 8.0, top: 8.0, right: 751.0, bottom: 440.0 }, pics: 12
TRACE [neovide::renderer::rendered_window] region: Box2 { min: Point2 { x: 8.0, y: 476.0 }, max: Point2 { x: 140980.23, y: 512.0 } }, inner: Rect { left: 8.0, top: 476.0, right: 140980.23, bottom: 512.0 }, pics: 1
INFO [neovide::renderer::grid_renderer] blend 0
DEBUG [neovide::renderer] zindex: 200, base: 0
DEBUG [neovide::renderer] layer: [(4, SortOrder { z_index: 200, composition_order: 1 })]
TRACE [neovide::renderer::rendered_window] region: Box2 { min: Point2 { x: 8.0, y: 8.0 }, max: Point2 { x: 751.0, y: 512.0 } }, inner: Rect { left: 8.0, top: 8.0, right: 751.0, bottom: 512.0 }, pics: 1
TRACE [neovide::renderer::rendered_window] region: Box2 { min: Point2 { x: 8.0, y: 8.0 }, max: Point2 { x: 751.0, y: 440.0 } }, inner: Rect { left: 8.0, top: 8.0, right: 751.0, bottom: 440.0 }, pics: 12
TRACE [neovide::renderer::rendered_window] region: Box2 { min: Point2 { x: 8.0, y: 476.0 }, max: Point2 { x: 140980.23, y: 512.0 } }, inner: Rect { left: 8.0, top: 476.0, right: 140980.23, bottom: 512.0 }, pics: 1
INFO [neovide::renderer::grid_renderer] blend 0
DEBUG [neovide::renderer] zindex: 200, base: 0
DEBUG [neovide::renderer] layer: [(4, SortOrder { z_index: 200, composition_order: 1 })]
TRACE [neovide::renderer::rendered_window] region: Box2 { min: Point2 { x: 8.0, y: 8.0 }, max: Point2 { x: 751.0, y: 512.0 } }, inner: Rect { left: 8.0, top: 8.0, right: 751.0, bottom: 512.0 }, pics: 1
TRACE [neovide::renderer::rendered_window] region: Box2 { min: Point2 { x: 8.0, y: 8.0 }, max: Point2 { x: 751.0, y: 440.0 } }, inner: Rect { left: 8.0, top: 8.0, right: 751.0, bottom: 440.0 }, pics: 12
TRACE [neovide::renderer::rendered_window] region: Box2 { min: Point2 { x: 8.0, y: 476.0 }, max: Point2 { x: 140980.23, y: 512.0 } }, inner: Rect { left: 8.0, top: 476.0, right: 140980.23, bottom: 512.0 }, pics: 1
INFO [neovide::renderer::grid_renderer] blend 0
DEBUG [neovide::renderer] zindex: 200, base: 0
DEBUG [neovide::renderer] layer: [(4, SortOrder { z_index: 200, composition_order: 1 })]
TRACE [neovide::renderer::rendered_window] region: Box2 { min: Point2 { x: 8.0, y: 8.0 }, max: Point2 { x: 751.0, y: 512.0 } }, inner: Rect { left: 8.0, top: 8.0, right: 751.0, bottom: 512.0 }, pics: 1
TRACE [neovide::renderer::rendered_window] region: Box2 { min: Point2 { x: 8.0, y: 8.0 }, max: Point2 { x: 751.0, y: 440.0 } }, inner: Rect { left: 8.0, top: 8.0, right: 751.0, bottom: 440.0 }, pics: 12
TRACE [neovide::renderer::rendered_window] region: Box2 { min: Point2 { x: 8.0, y: 476.0 }, max: Point2 { x: 140980.23, y: 512.0 } }, inner: Rect { left: 8.0, top: 476.0, right: 140980.23, bottom: 512.0 }, pics: 1
INFO [neovide::renderer::grid_renderer] blend 0
DEBUG [neovide::renderer] zindex: 200, base: 0
DEBUG [neovide::renderer] layer: [(4, SortOrder { z_index: 200, composition_order: 1 })]
TRACE [neovide::renderer::rendered_window] region: Box2 { min: Point2 { x: 8.0, y: 8.0 }, max: Point2 { x: 751.0, y: 512.0 } }, inner: Rect { left: 8.0, top: 8.0, right: 751.0, bottom: 512.0 }, pics: 1
TRACE [neovide::renderer::rendered_window] region: Box2 { min: Point2 { x: 8.0, y: 8.0 }, max: Point2 { x: 751.0, y: 440.0 } }, inner: Rect { left: 8.0, top: 8.0, right: 751.0, bottom: 440.0 }, pics: 12
TRACE [neovide::renderer::rendered_window] region: Box2 { min: Point2 { x: 8.0, y: 476.0 }, max: Point2 { x: 140980.23, y: 512.0 } }, inner: Rect { left: 8.0, top: 476.0, right: 140980.23, bottom: 512.0 }, pics: 1
INFO [neovide::renderer::grid_renderer] blend 0
DEBUG [neovide::renderer] zindex: 200, base: 0
DEBUG [neovide::renderer] layer: [(4, SortOrder { z_index: 200, composition_order: 1 })]
TRACE [neovide::renderer::rendered_window] region: Box2 { min: Point2 { x: 8.0, y: 8.0 }, max: Point2 { x: 751.0, y: 512.0 } }, inner: Rect { left: 8.0, top: 8.0, right: 751.0, bottom: 512.0 }, pics: 1
TRACE [neovide::renderer::rendered_window] region: Box2 { min: Point2 { x: 8.0, y: 8.0 }, max: Point2 { x: 751.0, y: 440.0 } }, inner: Rect { left: 8.0, top: 8.0, right: 751.0, bottom: 440.0 }, pics: 12
TRACE [neovide::renderer::rendered_window] region: Box2 { min: Point2 { x: 8.0, y: 476.0 }, max: Point2 { x: 140980.23, y: 512.0 } }, inner: Rect { left: 8.0, top: 476.0, right: 140980.23, bottom: 512.0 }, pics: 1
INFO [neovide::renderer::grid_renderer] blend 0
DEBUG [neovide::renderer] zindex: 200, base: 0
DEBUG [neovide::renderer] layer: [(4, SortOrder { z_index: 200, composition_order: 1 })]
TRACE [neovide::renderer::rendered_window] region: Box2 { min: Point2 { x: 8.0, y: 8.0 }, max: Point2 { x: 751.0, y: 512.0 } }, inner: Rect { left: 8.0, top: 8.0, right: 751.0, bottom: 512.0 }, pics: 1
TRACE [neovide::renderer::rendered_window] region: Box2 { min: Point2 { x: 8.0, y: 8.0 }, max: Point2 { x: 751.0, y: 440.0 } }, inner: Rect { left: 8.0, top: 8.0, right: 751.0, bottom: 440.0 }, pics: 12
TRACE [neovide::renderer::rendered_window] region: Box2 { min: Point2 { x: 8.0, y: 476.0 }, max: Point2 { x: 140980.23, y: 512.0 } }, inner: Rect { left: 8.0, top: 476.0, right: 140980.23, bottom: 512.0 }, pics: 1
TRACE [neovide::window::keyboard_manager] KeyEvent {
    physical_key: Code(
        KeyL,
    ),
    logical_key: Character(
        "l",
    ),
    text: Some(
        "l",
    ),
    location: Standard,
    state: Pressed,
    repeat: true,
    platform_specific: KeyEventExtra {
        text_with_all_modifiers: Some(
            "l",
        ),
        key_without_modifiers: Character(
            "l",
        ),
    },
}
TRACE [neovide::window::keyboard_manager] Key pressed l ModifiersState(0x0)
TRACE [neovide::channel_utils] UICommand Serial(Keyboard("l"))
TRACE [neovide::channel_utils] UICommand Serial(Keyboard("l"))
TRACE [neovide::bridge::ui_commands] In Serial Command
TRACE [neovide::bridge::ui_commands] Keyboard Input Sent: l
TRACE [neovide::bridge::handler] Neovim notification: "redraw"
TRACE [neovide::channel_utils] neovim_handler GridLine { grid: 4, row: 0, column_start: 41, cells: [GridLineCell { text: "l", highlight_id: Some(100), repeat: None }] }
TRACE [neovide::channel_utils] neovim_handler WindowViewport { grid: 4, top_line: 0.0, bottom_line: 1.0, current_line: 0.0, current_column: 0.0, line_count: Some(1.0), scroll_delta: Some(0.0) }
TRACE [neovide::channel_utils] neovim_handler Flush
TRACE [neovide::editor] Image flushed
TRACE [neovide::editor] send_batch
TRACE [neovide::renderer::rendered_window] Handling Viewport 4
INFO [neovide::renderer::grid_renderer] blend 0
DEBUG [neovide::renderer] zindex: 200, base: 0
DEBUG [neovide::renderer] layer: [(4, SortOrder { z_index: 200, composition_order: 1 })]
TRACE [neovide::renderer::rendered_window] region: Box2 { min: Point2 { x: 8.0, y: 8.0 }, max: Point2 { x: 751.0, y: 512.0 } }, inner: Rect { left: 8.0, top: 8.0, right: 751.0, bottom: 512.0 }, pics: 1
TRACE [neovide::renderer::rendered_window] region: Box2 { min: Point2 { x: 8.0, y: 8.0 }, max: Point2 { x: 751.0, y: 440.0 } }, inner: Rect { left: 8.0, top: 8.0, right: 751.0, bottom: 440.0 }, pics: 12
TRACE [neovide::bridge::handler] Neovim notification: "redraw"
TRACE [neovide::channel_utils] neovim_handler WindowViewport { grid: 2, top_line: 0.0, bottom_line: 4.0, current_line: 1.0, current_column: 8.0, line_count: Some(3.0), scroll_delta: Some(0.0) }
TRACE [neovide::channel_utils] neovim_handler GridLine { grid: 1, row: 12, column_start: 36, cells: [GridLineCell { text: "9", highlight_id: Some(104), repeat: None }] }
TRACE [neovide::channel_utils] neovim_handler GridLine { grid: 4, row: 0, column_start: 41, cells: [GridLineCell { text: " ", highlight_id: Some(100), repeat: Some(1) }] }
TRACE [neovide::channel_utils] neovim_handler WindowViewport { grid: 4, top_line: 0.0, bottom_line: 1.0, current_line: 0.0, current_column: 0.0, line_count: Some(1.0), scroll_delta: Some(0.0) }
TRACE [neovide::channel_utils] neovim_handler CursorGoto { grid: 2, row: 1, column: 14 }
TRACE [neovide::channel_utils] neovim_handler Flush
TRACE [neovide::renderer::rendered_window] region: Box2 { min: Point2 { x: 8.0, y: 476.0 }, max: Point2 { x: 140980.23, y: 512.0 } }, inner: Rect { left: 8.0, top: 476.0, right: 140980.23, bottom: 512.0 }, pics: 1
TRACE [neovide::editor] Image flushed
TRACE [neovide::editor] send_batch
TRACE [neovide::renderer::rendered_window] Handling Viewport 2
TRACE [neovide::renderer::rendered_window] Handling Viewport 4
TRACE [neovide::renderer::fonts::caching_shaper] Shaping text: "2,9"
INFO [neovide::renderer::grid_renderer] blend 0
DEBUG [neovide::renderer] zindex: 200, base: 0
DEBUG [neovide::renderer] layer: [(4, SortOrder { z_index: 200, composition_order: 1 })]
TRACE [neovide::renderer::rendered_window] region: Box2 { min: Point2 { x: 8.0, y: 8.0 }, max: Point2 { x: 751.0, y: 512.0 } }, inner: Rect { left: 8.0, top: 8.0, right: 751.0, bottom: 512.0 }, pics: 1
TRACE [neovide::renderer::rendered_window] region: Box2 { min: Point2 { x: 8.0, y: 8.0 }, max: Point2 { x: 751.0, y: 440.0 } }, inner: Rect { left: 8.0, top: 8.0, right: 751.0, bottom: 440.0 }, pics: 12
TRACE [neovide::renderer::rendered_window] region: Box2 { min: Point2 { x: 8.0, y: 476.0 }, max: Point2 { x: 140980.23, y: 512.0 } }, inner: Rect { left: 8.0, top: 476.0, right: 140980.23, bottom: 512.0 }, pics: 1
TRACE [neovide::renderer::fonts::caching_shaper] Shaping text: "i"
INFO [neovide::renderer::grid_renderer] blend 0
DEBUG [neovide::renderer] zindex: 200, base: 0
DEBUG [neovide::renderer] layer: [(4, SortOrder { z_index: 200, composition_order: 1 })]
TRACE [neovide::renderer::rendered_window] region: Box2 { min: Point2 { x: 8.0, y: 8.0 }, max: Point2 { x: 751.0, y: 512.0 } }, inner: Rect { left: 8.0, top: 8.0, right: 751.0, bottom: 512.0 }, pics: 1
TRACE [neovide::renderer::rendered_window] region: Box2 { min: Point2 { x: 8.0, y: 8.0 }, max: Point2 { x: 751.0, y: 440.0 } }, inner: Rect { left: 8.0, top: 8.0, right: 751.0, bottom: 440.0 }, pics: 12
TRACE [neovide::renderer::rendered_window] region: Box2 { min: Point2 { x: 8.0, y: 476.0 }, max: Point2 { x: 140980.23, y: 512.0 } }, inner: Rect { left: 8.0, top: 476.0, right: 140980.23, bottom: 512.0 }, pics: 1
INFO [neovide::renderer::grid_renderer] blend 0
DEBUG [neovide::renderer] zindex: 200, base: 0
DEBUG [neovide::renderer] layer: [(4, SortOrder { z_index: 200, composition_order: 1 })]
TRACE [neovide::renderer::rendered_window] region: Box2 { min: Point2 { x: 8.0, y: 8.0 }, max: Point2 { x: 751.0, y: 512.0 } }, inner: Rect { left: 8.0, top: 8.0, right: 751.0, bottom: 512.0 }, pics: 1
TRACE [neovide::renderer::rendered_window] region: Box2 { min: Point2 { x: 8.0, y: 8.0 }, max: Point2 { x: 751.0, y: 440.0 } }, inner: Rect { left: 8.0, top: 8.0, right: 751.0, bottom: 440.0 }, pics: 12
TRACE [neovide::renderer::rendered_window] region: Box2 { min: Point2 { x: 8.0, y: 476.0 }, max: Point2 { x: 140980.23, y: 512.0 } }, inner: Rect { left: 8.0, top: 476.0, right: 140980.23, bottom: 512.0 }, pics: 1
INFO [neovide::renderer::grid_renderer] blend 0
DEBUG [neovide::renderer] zindex: 200, base: 0
DEBUG [neovide::renderer] layer: [(4, SortOrder { z_index: 200, composition_order: 1 })]
TRACE [neovide::renderer::rendered_window] region: Box2 { min: Point2 { x: 8.0, y: 8.0 }, max: Point2 { x: 751.0, y: 512.0 } }, inner: Rect { left: 8.0, top: 8.0, right: 751.0, bottom: 512.0 }, pics: 1
TRACE [neovide::renderer::rendered_window] region: Box2 { min: Point2 { x: 8.0, y: 8.0 }, max: Point2 { x: 751.0, y: 440.0 } }, inner: Rect { left: 8.0, top: 8.0, right: 751.0, bottom: 440.0 }, pics: 12
TRACE [neovide::renderer::rendered_window] region: Box2 { min: Point2 { x: 8.0, y: 476.0 }, max: Point2 { x: 140980.23, y: 512.0 } }, inner: Rect { left: 8.0, top: 476.0, right: 140980.23, bottom: 512.0 }, pics: 1
INFO [neovide::renderer::grid_renderer] blend 0
DEBUG [neovide::renderer] zindex: 200, base: 0
DEBUG [neovide::renderer] layer: [(4, SortOrder { z_index: 200, composition_order: 1 })]
TRACE [neovide::renderer::rendered_window] region: Box2 { min: Point2 { x: 8.0, y: 8.0 }, max: Point2 { x: 751.0, y: 512.0 } }, inner: Rect { left: 8.0, top: 8.0, right: 751.0, bottom: 512.0 }, pics: 1
TRACE [neovide::renderer::rendered_window] region: Box2 { min: Point2 { x: 8.0, y: 8.0 }, max: Point2 { x: 751.0, y: 440.0 } }, inner: Rect { left: 8.0, top: 8.0, right: 751.0, bottom: 440.0 }, pics: 12
TRACE [neovide::renderer::rendered_window] region: Box2 { min: Point2 { x: 8.0, y: 476.0 }, max: Point2 { x: 140980.23, y: 512.0 } }, inner: Rect { left: 8.0, top: 476.0, right: 140980.23, bottom: 512.0 }, pics: 1
INFO [neovide::renderer::grid_renderer] blend 0
DEBUG [neovide::renderer] zindex: 200, base: 0
DEBUG [neovide::renderer] layer: [(4, SortOrder { z_index: 200, composition_order: 1 })]
TRACE [neovide::renderer::rendered_window] region: Box2 { min: Point2 { x: 8.0, y: 8.0 }, max: Point2 { x: 751.0, y: 512.0 } }, inner: Rect { left: 8.0, top: 8.0, right: 751.0, bottom: 512.0 }, pics: 1
TRACE [neovide::renderer::rendered_window] region: Box2 { min: Point2 { x: 8.0, y: 8.0 }, max: Point2 { x: 751.0, y: 440.0 } }, inner: Rect { left: 8.0, top: 8.0, right: 751.0, bottom: 440.0 }, pics: 12
TRACE [neovide::renderer::rendered_window] region: Box2 { min: Point2 { x: 8.0, y: 476.0 }, max: Point2 { x: 140980.23, y: 512.0 } }, inner: Rect { left: 8.0, top: 476.0, right: 140980.23, bottom: 512.0 }, pics: 1
INFO [neovide::renderer::grid_renderer] blend 0
DEBUG [neovide::renderer] zindex: 200, base: 0
DEBUG [neovide::renderer] layer: [(4, SortOrder { z_index: 200, composition_order: 1 })]
TRACE [neovide::renderer::rendered_window] region: Box2 { min: Point2 { x: 8.0, y: 8.0 }, max: Point2 { x: 751.0, y: 512.0 } }, inner: Rect { left: 8.0, top: 8.0, right: 751.0, bottom: 512.0 }, pics: 1
TRACE [neovide::renderer::rendered_window] region: Box2 { min: Point2 { x: 8.0, y: 8.0 }, max: Point2 { x: 751.0, y: 440.0 } }, inner: Rect { left: 8.0, top: 8.0, right: 751.0, bottom: 440.0 }, pics: 12
TRACE [neovide::renderer::rendered_window] region: Box2 { min: Point2 { x: 8.0, y: 476.0 }, max: Point2 { x: 140980.23, y: 512.0 } }, inner: Rect { left: 8.0, top: 476.0, right: 140980.23, bottom: 512.0 }, pics: 1
TRACE [neovide::window::keyboard_manager] KeyEvent {
    physical_key: Code(
        KeyL,
    ),
    logical_key: Character(
        "l",
    ),
    text: Some(
        "l",
    ),
    location: Standard,
    state: Pressed,
    repeat: true,
    platform_specific: KeyEventExtra {
        text_with_all_modifiers: Some(
            "l",
        ),
        key_without_modifiers: Character(
            "l",
        ),
    },
}
TRACE [neovide::window::keyboard_manager] Key pressed l ModifiersState(0x0)
TRACE [neovide::channel_utils] UICommand Serial(Keyboard("l"))
TRACE [neovide::channel_utils] UICommand Serial(Keyboard("l"))
TRACE [neovide::bridge::ui_commands] In Serial Command
TRACE [neovide::bridge::ui_commands] Keyboard Input Sent: l
TRACE [neovide::bridge::handler] Neovim notification: "redraw"
TRACE [neovide::channel_utils] neovim_handler GridLine { grid: 4, row: 0, column_start: 41, cells: [GridLineCell { text: "l", highlight_id: Some(100), repeat: None }] }
TRACE [neovide::channel_utils] neovim_handler WindowViewport { grid: 4, top_line: 0.0, bottom_line: 1.0, current_line: 0.0, current_column: 0.0, line_count: Some(1.0), scroll_delta: Some(0.0) }
TRACE [neovide::channel_utils] neovim_handler Flush
TRACE [neovide::editor] Image flushed
TRACE [neovide::editor] send_batch
TRACE [neovide::renderer::rendered_window] Handling Viewport 4
INFO [neovide::renderer::grid_renderer] blend 0
DEBUG [neovide::renderer] zindex: 200, base: 0
DEBUG [neovide::renderer] layer: [(4, SortOrder { z_index: 200, composition_order: 1 })]
TRACE [neovide::renderer::rendered_window] region: Box2 { min: Point2 { x: 8.0, y: 8.0 }, max: Point2 { x: 751.0, y: 512.0 } }, inner: Rect { left: 8.0, top: 8.0, right: 751.0, bottom: 512.0 }, pics: 1
TRACE [neovide::renderer::rendered_window] region: Box2 { min: Point2 { x: 8.0, y: 8.0 }, max: Point2 { x: 751.0, y: 440.0 } }, inner: Rect { left: 8.0, top: 8.0, right: 751.0, bottom: 440.0 }, pics: 12
TRACE [neovide::bridge::handler] Neovim notification: "redraw"
TRACE [neovide::channel_utils] neovim_handler WindowViewport { grid: 2, top_line: 0.0, bottom_line: 4.0, current_line: 1.0, current_column: 9.0, line_count: Some(3.0), scroll_delta: Some(0.0) }
TRACE [neovide::channel_utils] neovim_handler GridLine { grid: 1, row: 12, column_start: 36, cells: [GridLineCell { text: "1", highlight_id: Some(104), repeat: None }, GridLineCell { text: "0", highlight_id: None, repeat: None }] }
TRACE [neovide::channel_utils] neovim_handler GridLine { grid: 4, row: 0, column_start: 41, cells: [GridLineCell { text: " ", highlight_id: Some(100), repeat: Some(1) }] }
TRACE [neovide::channel_utils] neovim_handler WindowViewport { grid: 4, top_line: 0.0, bottom_line: 1.0, current_line: 0.0, current_column: 0.0, line_count: Some(1.0), scroll_delta: Some(0.0) }
TRACE [neovide::channel_utils] neovim_handler CursorGoto { grid: 2, row: 1, column: 15 }
TRACE [neovide::channel_utils] neovim_handler Flush
TRACE [neovide::renderer::rendered_window] region: Box2 { min: Point2 { x: 8.0, y: 476.0 }, max: Point2 { x: 140980.23, y: 512.0 } }, inner: Rect { left: 8.0, top: 476.0, right: 140980.23, bottom: 512.0 }, pics: 1
TRACE [neovide::editor] Image flushed
TRACE [neovide::editor] send_batch
TRACE [neovide::renderer::rendered_window] Handling Viewport 2
TRACE [neovide::renderer::rendered_window] Handling Viewport 4
TRACE [neovide::renderer::fonts::caching_shaper] Shaping text: "2,10"
INFO [neovide::renderer::grid_renderer] blend 0
DEBUG [neovide::renderer] zindex: 200, base: 0
DEBUG [neovide::renderer] layer: [(4, SortOrder { z_index: 200, composition_order: 1 })]
TRACE [neovide::renderer::rendered_window] region: Box2 { min: Point2 { x: 8.0, y: 8.0 }, max: Point2 { x: 751.0, y: 512.0 } }, inner: Rect { left: 8.0, top: 8.0, right: 751.0, bottom: 512.0 }, pics: 1
TRACE [neovide::renderer::rendered_window] region: Box2 { min: Point2 { x: 8.0, y: 8.0 }, max: Point2 { x: 751.0, y: 440.0 } }, inner: Rect { left: 8.0, top: 8.0, right: 751.0, bottom: 440.0 }, pics: 12
TRACE [neovide::renderer::rendered_window] region: Box2 { min: Point2 { x: 8.0, y: 476.0 }, max: Point2 { x: 140980.23, y: 512.0 } }, inner: Rect { left: 8.0, top: 476.0, right: 140980.23, bottom: 512.0 }, pics: 1
INFO [neovide::renderer::grid_renderer] blend 0
DEBUG [neovide::renderer] zindex: 200, base: 0
DEBUG [neovide::renderer] layer: [(4, SortOrder { z_index: 200, composition_order: 1 })]
TRACE [neovide::renderer::rendered_window] region: Box2 { min: Point2 { x: 8.0, y: 8.0 }, max: Point2 { x: 751.0, y: 512.0 } }, inner: Rect { left: 8.0, top: 8.0, right: 751.0, bottom: 512.0 }, pics: 1
TRACE [neovide::renderer::rendered_window] region: Box2 { min: Point2 { x: 8.0, y: 8.0 }, max: Point2 { x: 751.0, y: 440.0 } }, inner: Rect { left: 8.0, top: 8.0, right: 751.0, bottom: 440.0 }, pics: 12
TRACE [neovide::renderer::rendered_window] region: Box2 { min: Point2 { x: 8.0, y: 476.0 }, max: Point2 { x: 140980.23, y: 512.0 } }, inner: Rect { left: 8.0, top: 476.0, right: 140980.23, bottom: 512.0 }, pics: 1
INFO [neovide::renderer::grid_renderer] blend 0
DEBUG [neovide::renderer] zindex: 200, base: 0
DEBUG [neovide::renderer] layer: [(4, SortOrder { z_index: 200, composition_order: 1 })]
TRACE [neovide::renderer::rendered_window] region: Box2 { min: Point2 { x: 8.0, y: 8.0 }, max: Point2 { x: 751.0, y: 512.0 } }, inner: Rect { left: 8.0, top: 8.0, right: 751.0, bottom: 512.0 }, pics: 1
TRACE [neovide::renderer::rendered_window] region: Box2 { min: Point2 { x: 8.0, y: 8.0 }, max: Point2 { x: 751.0, y: 440.0 } }, inner: Rect { left: 8.0, top: 8.0, right: 751.0, bottom: 440.0 }, pics: 12
TRACE [neovide::renderer::rendered_window] region: Box2 { min: Point2 { x: 8.0, y: 476.0 }, max: Point2 { x: 140980.23, y: 512.0 } }, inner: Rect { left: 8.0, top: 476.0, right: 140980.23, bottom: 512.0 }, pics: 1
INFO [neovide::renderer::grid_renderer] blend 0
DEBUG [neovide::renderer] zindex: 200, base: 0
DEBUG [neovide::renderer] layer: [(4, SortOrder { z_index: 200, composition_order: 1 })]
TRACE [neovide::renderer::rendered_window] region: Box2 { min: Point2 { x: 8.0, y: 8.0 }, max: Point2 { x: 751.0, y: 512.0 } }, inner: Rect { left: 8.0, top: 8.0, right: 751.0, bottom: 512.0 }, pics: 1
TRACE [neovide::renderer::rendered_window] region: Box2 { min: Point2 { x: 8.0, y: 8.0 }, max: Point2 { x: 751.0, y: 440.0 } }, inner: Rect { left: 8.0, top: 8.0, right: 751.0, bottom: 440.0 }, pics: 12
TRACE [neovide::renderer::rendered_window] region: Box2 { min: Point2 { x: 8.0, y: 476.0 }, max: Point2 { x: 140980.23, y: 512.0 } }, inner: Rect { left: 8.0, top: 476.0, right: 140980.23, bottom: 512.0 }, pics: 1
INFO [neovide::renderer::grid_renderer] blend 0
DEBUG [neovide::renderer] zindex: 200, base: 0
DEBUG [neovide::renderer] layer: [(4, SortOrder { z_index: 200, composition_order: 1 })]
TRACE [neovide::renderer::rendered_window] region: Box2 { min: Point2 { x: 8.0, y: 8.0 }, max: Point2 { x: 751.0, y: 512.0 } }, inner: Rect { left: 8.0, top: 8.0, right: 751.0, bottom: 512.0 }, pics: 1
TRACE [neovide::renderer::rendered_window] region: Box2 { min: Point2 { x: 8.0, y: 8.0 }, max: Point2 { x: 751.0, y: 440.0 } }, inner: Rect { left: 8.0, top: 8.0, right: 751.0, bottom: 440.0 }, pics: 12
TRACE [neovide::renderer::rendered_window] region: Box2 { min: Point2 { x: 8.0, y: 476.0 }, max: Point2 { x: 140980.23, y: 512.0 } }, inner: Rect { left: 8.0, top: 476.0, right: 140980.23, bottom: 512.0 }, pics: 1
INFO [neovide::renderer::grid_renderer] blend 0
DEBUG [neovide::renderer] zindex: 200, base: 0
DEBUG [neovide::renderer] layer: [(4, SortOrder { z_index: 200, composition_order: 1 })]
TRACE [neovide::renderer::rendered_window] region: Box2 { min: Point2 { x: 8.0, y: 8.0 }, max: Point2 { x: 751.0, y: 512.0 } }, inner: Rect { left: 8.0, top: 8.0, right: 751.0, bottom: 512.0 }, pics: 1
TRACE [neovide::renderer::rendered_window] region: Box2 { min: Point2 { x: 8.0, y: 8.0 }, max: Point2 { x: 751.0, y: 440.0 } }, inner: Rect { left: 8.0, top: 8.0, right: 751.0, bottom: 440.0 }, pics: 12
TRACE [neovide::renderer::rendered_window] region: Box2 { min: Point2 { x: 8.0, y: 476.0 }, max: Point2 { x: 140980.23, y: 512.0 } }, inner: Rect { left: 8.0, top: 476.0, right: 140980.23, bottom: 512.0 }, pics: 1
INFO [neovide::renderer::grid_renderer] blend 0
DEBUG [neovide::renderer] zindex: 200, base: 0
DEBUG [neovide::renderer] layer: [(4, SortOrder { z_index: 200, composition_order: 1 })]
TRACE [neovide::renderer::rendered_window] region: Box2 { min: Point2 { x: 8.0, y: 8.0 }, max: Point2 { x: 751.0, y: 512.0 } }, inner: Rect { left: 8.0, top: 8.0, right: 751.0, bottom: 512.0 }, pics: 1
TRACE [neovide::renderer::rendered_window] region: Box2 { min: Point2 { x: 8.0, y: 8.0 }, max: Point2 { x: 751.0, y: 440.0 } }, inner: Rect { left: 8.0, top: 8.0, right: 751.0, bottom: 440.0 }, pics: 12
TRACE [neovide::renderer::rendered_window] region: Box2 { min: Point2 { x: 8.0, y: 476.0 }, max: Point2 { x: 140980.23, y: 512.0 } }, inner: Rect { left: 8.0, top: 476.0, right: 140980.23, bottom: 512.0 }, pics: 1
TRACE [neovide::window::keyboard_manager] KeyEvent {
    physical_key: Code(
        KeyL,
    ),
    logical_key: Character(
        "l",
    ),
    text: Some(
        "l",
    ),
    location: Standard,
    state: Pressed,
    repeat: true,
    platform_specific: KeyEventExtra {
        text_with_all_modifiers: Some(
            "l",
        ),
        key_without_modifiers: Character(
            "l",
        ),
    },
}
TRACE [neovide::window::keyboard_manager] Key pressed l ModifiersState(0x0)
TRACE [neovide::channel_utils] UICommand Serial(Keyboard("l"))
TRACE [neovide::channel_utils] UICommand Serial(Keyboard("l"))
TRACE [neovide::bridge::ui_commands] In Serial Command
TRACE [neovide::bridge::ui_commands] Keyboard Input Sent: l
TRACE [neovide::bridge::handler] Neovim notification: "redraw"
TRACE [neovide::channel_utils] neovim_handler GridLine { grid: 4, row: 0, column_start: 41, cells: [GridLineCell { text: "l", highlight_id: Some(100), repeat: None }] }
TRACE [neovide::channel_utils] neovim_handler WindowViewport { grid: 4, top_line: 0.0, bottom_line: 1.0, current_line: 0.0, current_column: 0.0, line_count: Some(1.0), scroll_delta: Some(0.0) }
TRACE [neovide::channel_utils] neovim_handler Flush
TRACE [neovide::editor] Image flushed
TRACE [neovide::editor] send_batch
TRACE [neovide::renderer::rendered_window] Handling Viewport 4
INFO [neovide::renderer::grid_renderer] blend 0
DEBUG [neovide::renderer] zindex: 200, base: 0
DEBUG [neovide::renderer] layer: [(4, SortOrder { z_index: 200, composition_order: 1 })]
TRACE [neovide::renderer::rendered_window] region: Box2 { min: Point2 { x: 8.0, y: 8.0 }, max: Point2 { x: 751.0, y: 512.0 } }, inner: Rect { left: 8.0, top: 8.0, right: 751.0, bottom: 512.0 }, pics: 1
TRACE [neovide::renderer::rendered_window] region: Box2 { min: Point2 { x: 8.0, y: 8.0 }, max: Point2 { x: 751.0, y: 440.0 } }, inner: Rect { left: 8.0, top: 8.0, right: 751.0, bottom: 440.0 }, pics: 12
TRACE [neovide::bridge::handler] Neovim notification: "redraw"
TRACE [neovide::channel_utils] neovim_handler WindowViewport { grid: 2, top_line: 0.0, bottom_line: 4.0, current_line: 1.0, current_column: 10.0, line_count: Some(3.0), scroll_delta: Some(0.0) }
TRACE [neovide::channel_utils] neovim_handler GridLine { grid: 1, row: 12, column_start: 37, cells: [GridLineCell { text: "1", highlight_id: Some(104), repeat: None }] }
TRACE [neovide::channel_utils] neovim_handler GridLine { grid: 4, row: 0, column_start: 41, cells: [GridLineCell { text: " ", highlight_id: Some(100), repeat: Some(1) }] }
TRACE [neovide::channel_utils] neovim_handler WindowViewport { grid: 4, top_line: 0.0, bottom_line: 1.0, current_line: 0.0, current_column: 0.0, line_count: Some(1.0), scroll_delta: Some(0.0) }
TRACE [neovide::channel_utils] neovim_handler CursorGoto { grid: 2, row: 1, column: 16 }
TRACE [neovide::channel_utils] neovim_handler Flush
TRACE [neovide::renderer::rendered_window] region: Box2 { min: Point2 { x: 8.0, y: 476.0 }, max: Point2 { x: 140980.23, y: 512.0 } }, inner: Rect { left: 8.0, top: 476.0, right: 140980.23, bottom: 512.0 }, pics: 1
TRACE [neovide::editor] Image flushed
TRACE [neovide::editor] send_batch
TRACE [neovide::renderer::rendered_window] Handling Viewport 2
TRACE [neovide::renderer::rendered_window] Handling Viewport 4
TRACE [neovide::renderer::fonts::caching_shaper] Shaping text: "2,11"
INFO [neovide::renderer::grid_renderer] blend 0
DEBUG [neovide::renderer] zindex: 200, base: 0
DEBUG [neovide::renderer] layer: [(4, SortOrder { z_index: 200, composition_order: 1 })]
TRACE [neovide::renderer::rendered_window] region: Box2 { min: Point2 { x: 8.0, y: 8.0 }, max: Point2 { x: 751.0, y: 512.0 } }, inner: Rect { left: 8.0, top: 8.0, right: 751.0, bottom: 512.0 }, pics: 1
TRACE [neovide::renderer::rendered_window] region: Box2 { min: Point2 { x: 8.0, y: 8.0 }, max: Point2 { x: 751.0, y: 440.0 } }, inner: Rect { left: 8.0, top: 8.0, right: 751.0, bottom: 440.0 }, pics: 12
TRACE [neovide::renderer::rendered_window] region: Box2 { min: Point2 { x: 8.0, y: 476.0 }, max: Point2 { x: 140980.23, y: 512.0 } }, inner: Rect { left: 8.0, top: 476.0, right: 140980.23, bottom: 512.0 }, pics: 1
TRACE [neovide::renderer::fonts::caching_shaper] Shaping text: "n"
INFO [neovide::renderer::grid_renderer] blend 0
DEBUG [neovide::renderer] zindex: 200, base: 0
DEBUG [neovide::renderer] layer: [(4, SortOrder { z_index: 200, composition_order: 1 })]
TRACE [neovide::renderer::rendered_window] region: Box2 { min: Point2 { x: 8.0, y: 8.0 }, max: Point2 { x: 751.0, y: 512.0 } }, inner: Rect { left: 8.0, top: 8.0, right: 751.0, bottom: 512.0 }, pics: 1
TRACE [neovide::renderer::rendered_window] region: Box2 { min: Point2 { x: 8.0, y: 8.0 }, max: Point2 { x: 751.0, y: 440.0 } }, inner: Rect { left: 8.0, top: 8.0, right: 751.0, bottom: 440.0 }, pics: 12
TRACE [neovide::renderer::rendered_window] region: Box2 { min: Point2 { x: 8.0, y: 476.0 }, max: Point2 { x: 140980.23, y: 512.0 } }, inner: Rect { left: 8.0, top: 476.0, right: 140980.23, bottom: 512.0 }, pics: 1
INFO [neovide::renderer::grid_renderer] blend 0
DEBUG [neovide::renderer] zindex: 200, base: 0
DEBUG [neovide::renderer] layer: [(4, SortOrder { z_index: 200, composition_order: 1 })]
TRACE [neovide::renderer::rendered_window] region: Box2 { min: Point2 { x: 8.0, y: 8.0 }, max: Point2 { x: 751.0, y: 512.0 } }, inner: Rect { left: 8.0, top: 8.0, right: 751.0, bottom: 512.0 }, pics: 1
TRACE [neovide::renderer::rendered_window] region: Box2 { min: Point2 { x: 8.0, y: 8.0 }, max: Point2 { x: 751.0, y: 440.0 } }, inner: Rect { left: 8.0, top: 8.0, right: 751.0, bottom: 440.0 }, pics: 12
TRACE [neovide::renderer::rendered_window] region: Box2 { min: Point2 { x: 8.0, y: 476.0 }, max: Point2 { x: 140980.23, y: 512.0 } }, inner: Rect { left: 8.0, top: 476.0, right: 140980.23, bottom: 512.0 }, pics: 1
INFO [neovide::renderer::grid_renderer] blend 0
DEBUG [neovide::renderer] zindex: 200, base: 0
DEBUG [neovide::renderer] layer: [(4, SortOrder { z_index: 200, composition_order: 1 })]
TRACE [neovide::renderer::rendered_window] region: Box2 { min: Point2 { x: 8.0, y: 8.0 }, max: Point2 { x: 751.0, y: 512.0 } }, inner: Rect { left: 8.0, top: 8.0, right: 751.0, bottom: 512.0 }, pics: 1
TRACE [neovide::renderer::rendered_window] region: Box2 { min: Point2 { x: 8.0, y: 8.0 }, max: Point2 { x: 751.0, y: 440.0 } }, inner: Rect { left: 8.0, top: 8.0, right: 751.0, bottom: 440.0 }, pics: 12
TRACE [neovide::renderer::rendered_window] region: Box2 { min: Point2 { x: 8.0, y: 476.0 }, max: Point2 { x: 140980.23, y: 512.0 } }, inner: Rect { left: 8.0, top: 476.0, right: 140980.23, bottom: 512.0 }, pics: 1
INFO [neovide::renderer::grid_renderer] blend 0
DEBUG [neovide::renderer] zindex: 200, base: 0
DEBUG [neovide::renderer] layer: [(4, SortOrder { z_index: 200, composition_order: 1 })]
TRACE [neovide::renderer::rendered_window] region: Box2 { min: Point2 { x: 8.0, y: 8.0 }, max: Point2 { x: 751.0, y: 512.0 } }, inner: Rect { left: 8.0, top: 8.0, right: 751.0, bottom: 512.0 }, pics: 1
TRACE [neovide::renderer::rendered_window] region: Box2 { min: Point2 { x: 8.0, y: 8.0 }, max: Point2 { x: 751.0, y: 440.0 } }, inner: Rect { left: 8.0, top: 8.0, right: 751.0, bottom: 440.0 }, pics: 12
TRACE [neovide::renderer::rendered_window] region: Box2 { min: Point2 { x: 8.0, y: 476.0 }, max: Point2 { x: 140980.23, y: 512.0 } }, inner: Rect { left: 8.0, top: 476.0, right: 140980.23, bottom: 512.0 }, pics: 1
INFO [neovide::renderer::grid_renderer] blend 0
DEBUG [neovide::renderer] zindex: 200, base: 0
DEBUG [neovide::renderer] layer: [(4, SortOrder { z_index: 200, composition_order: 1 })]
TRACE [neovide::renderer::rendered_window] region: Box2 { min: Point2 { x: 8.0, y: 8.0 }, max: Point2 { x: 751.0, y: 512.0 } }, inner: Rect { left: 8.0, top: 8.0, right: 751.0, bottom: 512.0 }, pics: 1
TRACE [neovide::renderer::rendered_window] region: Box2 { min: Point2 { x: 8.0, y: 8.0 }, max: Point2 { x: 751.0, y: 440.0 } }, inner: Rect { left: 8.0, top: 8.0, right: 751.0, bottom: 440.0 }, pics: 12
TRACE [neovide::renderer::rendered_window] region: Box2 { min: Point2 { x: 8.0, y: 476.0 }, max: Point2 { x: 140980.23, y: 512.0 } }, inner: Rect { left: 8.0, top: 476.0, right: 140980.23, bottom: 512.0 }, pics: 1
INFO [neovide::renderer::grid_renderer] blend 0
DEBUG [neovide::renderer] zindex: 200, base: 0
DEBUG [neovide::renderer] layer: [(4, SortOrder { z_index: 200, composition_order: 1 })]
TRACE [neovide::renderer::rendered_window] region: Box2 { min: Point2 { x: 8.0, y: 8.0 }, max: Point2 { x: 751.0, y: 512.0 } }, inner: Rect { left: 8.0, top: 8.0, right: 751.0, bottom: 512.0 }, pics: 1
TRACE [neovide::renderer::rendered_window] region: Box2 { min: Point2 { x: 8.0, y: 8.0 }, max: Point2 { x: 751.0, y: 440.0 } }, inner: Rect { left: 8.0, top: 8.0, right: 751.0, bottom: 440.0 }, pics: 12
TRACE [neovide::renderer::rendered_window] region: Box2 { min: Point2 { x: 8.0, y: 476.0 }, max: Point2 { x: 140980.23, y: 512.0 } }, inner: Rect { left: 8.0, top: 476.0, right: 140980.23, bottom: 512.0 }, pics: 1
TRACE [neovide::window::keyboard_manager] KeyEvent {
    physical_key: Code(
        KeyL,
    ),
    logical_key: Character(
        "l",
    ),
    text: Some(
        "l",
    ),
    location: Standard,
    state: Pressed,
    repeat: true,
    platform_specific: KeyEventExtra {
        text_with_all_modifiers: Some(
            "l",
        ),
        key_without_modifiers: Character(
            "l",
        ),
    },
}
TRACE [neovide::window::keyboard_manager] Key pressed l ModifiersState(0x0)
TRACE [neovide::channel_utils] UICommand Serial(Keyboard("l"))
TRACE [neovide::channel_utils] UICommand Serial(Keyboard("l"))
TRACE [neovide::bridge::ui_commands] In Serial Command
TRACE [neovide::bridge::ui_commands] Keyboard Input Sent: l
TRACE [neovide::bridge::handler] Neovim notification: "redraw"
TRACE [neovide::channel_utils] neovim_handler GridLine { grid: 4, row: 0, column_start: 41, cells: [GridLineCell { text: "l", highlight_id: Some(100), repeat: None }] }
TRACE [neovide::channel_utils] neovim_handler WindowViewport { grid: 4, top_line: 0.0, bottom_line: 1.0, current_line: 0.0, current_column: 0.0, line_count: Some(1.0), scroll_delta: Some(0.0) }
TRACE [neovide::channel_utils] neovim_handler Flush
TRACE [neovide::editor] Image flushed
TRACE [neovide::editor] send_batch
TRACE [neovide::renderer::rendered_window] Handling Viewport 4
INFO [neovide::renderer::grid_renderer] blend 0
DEBUG [neovide::renderer] zindex: 200, base: 0
DEBUG [neovide::renderer] layer: [(4, SortOrder { z_index: 200, composition_order: 1 })]
TRACE [neovide::renderer::rendered_window] region: Box2 { min: Point2 { x: 8.0, y: 8.0 }, max: Point2 { x: 751.0, y: 512.0 } }, inner: Rect { left: 8.0, top: 8.0, right: 751.0, bottom: 512.0 }, pics: 1
TRACE [neovide::renderer::rendered_window] region: Box2 { min: Point2 { x: 8.0, y: 8.0 }, max: Point2 { x: 751.0, y: 440.0 } }, inner: Rect { left: 8.0, top: 8.0, right: 751.0, bottom: 440.0 }, pics: 12
TRACE [neovide::bridge::handler] Neovim notification: "redraw"
TRACE [neovide::channel_utils] neovim_handler WindowViewport { grid: 2, top_line: 0.0, bottom_line: 4.0, current_line: 1.0, current_column: 11.0, line_count: Some(3.0), scroll_delta: Some(0.0) }
TRACE [neovide::channel_utils] neovim_handler GridLine { grid: 1, row: 12, column_start: 37, cells: [GridLineCell { text: "2", highlight_id: Some(104), repeat: None }] }
TRACE [neovide::channel_utils] neovim_handler GridLine { grid: 4, row: 0, column_start: 41, cells: [GridLineCell { text: " ", highlight_id: Some(100), repeat: Some(1) }] }
TRACE [neovide::channel_utils] neovim_handler WindowViewport { grid: 4, top_line: 0.0, bottom_line: 1.0, current_line: 0.0, current_column: 0.0, line_count: Some(1.0), scroll_delta: Some(0.0) }
TRACE [neovide::channel_utils] neovim_handler CursorGoto { grid: 2, row: 1, column: 17 }
TRACE [neovide::channel_utils] neovim_handler Flush
TRACE [neovide::renderer::rendered_window] region: Box2 { min: Point2 { x: 8.0, y: 476.0 }, max: Point2 { x: 140980.23, y: 512.0 } }, inner: Rect { left: 8.0, top: 476.0, right: 140980.23, bottom: 512.0 }, pics: 1
TRACE [neovide::editor] Image flushed
TRACE [neovide::editor] send_batch
TRACE [neovide::renderer::rendered_window] Handling Viewport 2
TRACE [neovide::renderer::rendered_window] Handling Viewport 4
TRACE [neovide::renderer::fonts::caching_shaper] Shaping text: "2,12"
INFO [neovide::renderer::grid_renderer] blend 0
DEBUG [neovide::renderer] zindex: 200, base: 0
DEBUG [neovide::renderer] layer: [(4, SortOrder { z_index: 200, composition_order: 1 })]
TRACE [neovide::renderer::rendered_window] region: Box2 { min: Point2 { x: 8.0, y: 8.0 }, max: Point2 { x: 751.0, y: 512.0 } }, inner: Rect { left: 8.0, top: 8.0, right: 751.0, bottom: 512.0 }, pics: 1
TRACE [neovide::renderer::rendered_window] region: Box2 { min: Point2 { x: 8.0, y: 8.0 }, max: Point2 { x: 751.0, y: 440.0 } }, inner: Rect { left: 8.0, top: 8.0, right: 751.0, bottom: 440.0 }, pics: 12
TRACE [neovide::renderer::rendered_window] region: Box2 { min: Point2 { x: 8.0, y: 476.0 }, max: Point2 { x: 140980.23, y: 512.0 } }, inner: Rect { left: 8.0, top: 476.0, right: 140980.23, bottom: 512.0 }, pics: 1
INFO [neovide::renderer::grid_renderer] blend 0
DEBUG [neovide::renderer] zindex: 200, base: 0
DEBUG [neovide::renderer] layer: [(4, SortOrder { z_index: 200, composition_order: 1 })]
TRACE [neovide::renderer::rendered_window] region: Box2 { min: Point2 { x: 8.0, y: 8.0 }, max: Point2 { x: 751.0, y: 512.0 } }, inner: Rect { left: 8.0, top: 8.0, right: 751.0, bottom: 512.0 }, pics: 1
TRACE [neovide::renderer::rendered_window] region: Box2 { min: Point2 { x: 8.0, y: 8.0 }, max: Point2 { x: 751.0, y: 440.0 } }, inner: Rect { left: 8.0, top: 8.0, right: 751.0, bottom: 440.0 }, pics: 12
TRACE [neovide::renderer::rendered_window] region: Box2 { min: Point2 { x: 8.0, y: 476.0 }, max: Point2 { x: 140980.23, y: 512.0 } }, inner: Rect { left: 8.0, top: 476.0, right: 140980.23, bottom: 512.0 }, pics: 1
INFO [neovide::renderer::grid_renderer] blend 0
DEBUG [neovide::renderer] zindex: 200, base: 0
DEBUG [neovide::renderer] layer: [(4, SortOrder { z_index: 200, composition_order: 1 })]
TRACE [neovide::renderer::rendered_window] region: Box2 { min: Point2 { x: 8.0, y: 8.0 }, max: Point2 { x: 751.0, y: 512.0 } }, inner: Rect { left: 8.0, top: 8.0, right: 751.0, bottom: 512.0 }, pics: 1
TRACE [neovide::renderer::rendered_window] region: Box2 { min: Point2 { x: 8.0, y: 8.0 }, max: Point2 { x: 751.0, y: 440.0 } }, inner: Rect { left: 8.0, top: 8.0, right: 751.0, bottom: 440.0 }, pics: 12
TRACE [neovide::renderer::rendered_window] region: Box2 { min: Point2 { x: 8.0, y: 476.0 }, max: Point2 { x: 140980.23, y: 512.0 } }, inner: Rect { left: 8.0, top: 476.0, right: 140980.23, bottom: 512.0 }, pics: 1
INFO [neovide::renderer::grid_renderer] blend 0
DEBUG [neovide::renderer] zindex: 200, base: 0
DEBUG [neovide::renderer] layer: [(4, SortOrder { z_index: 200, composition_order: 1 })]
TRACE [neovide::renderer::rendered_window] region: Box2 { min: Point2 { x: 8.0, y: 8.0 }, max: Point2 { x: 751.0, y: 512.0 } }, inner: Rect { left: 8.0, top: 8.0, right: 751.0, bottom: 512.0 }, pics: 1
TRACE [neovide::renderer::rendered_window] region: Box2 { min: Point2 { x: 8.0, y: 8.0 }, max: Point2 { x: 751.0, y: 440.0 } }, inner: Rect { left: 8.0, top: 8.0, right: 751.0, bottom: 440.0 }, pics: 12
TRACE [neovide::renderer::rendered_window] region: Box2 { min: Point2 { x: 8.0, y: 476.0 }, max: Point2 { x: 140980.23, y: 512.0 } }, inner: Rect { left: 8.0, top: 476.0, right: 140980.23, bottom: 512.0 }, pics: 1
INFO [neovide::renderer::grid_renderer] blend 0
DEBUG [neovide::renderer] zindex: 200, base: 0
DEBUG [neovide::renderer] layer: [(4, SortOrder { z_index: 200, composition_order: 1 })]
TRACE [neovide::renderer::rendered_window] region: Box2 { min: Point2 { x: 8.0, y: 8.0 }, max: Point2 { x: 751.0, y: 512.0 } }, inner: Rect { left: 8.0, top: 8.0, right: 751.0, bottom: 512.0 }, pics: 1
TRACE [neovide::renderer::rendered_window] region: Box2 { min: Point2 { x: 8.0, y: 8.0 }, max: Point2 { x: 751.0, y: 440.0 } }, inner: Rect { left: 8.0, top: 8.0, right: 751.0, bottom: 440.0 }, pics: 12
TRACE [neovide::renderer::rendered_window] region: Box2 { min: Point2 { x: 8.0, y: 476.0 }, max: Point2 { x: 140980.23, y: 512.0 } }, inner: Rect { left: 8.0, top: 476.0, right: 140980.23, bottom: 512.0 }, pics: 1
INFO [neovide::renderer::grid_renderer] blend 0
DEBUG [neovide::renderer] zindex: 200, base: 0
DEBUG [neovide::renderer] layer: [(4, SortOrder { z_index: 200, composition_order: 1 })]
TRACE [neovide::renderer::rendered_window] region: Box2 { min: Point2 { x: 8.0, y: 8.0 }, max: Point2 { x: 751.0, y: 512.0 } }, inner: Rect { left: 8.0, top: 8.0, right: 751.0, bottom: 512.0 }, pics: 1
TRACE [neovide::renderer::rendered_window] region: Box2 { min: Point2 { x: 8.0, y: 8.0 }, max: Point2 { x: 751.0, y: 440.0 } }, inner: Rect { left: 8.0, top: 8.0, right: 751.0, bottom: 440.0 }, pics: 12
TRACE [neovide::renderer::rendered_window] region: Box2 { min: Point2 { x: 8.0, y: 476.0 }, max: Point2 { x: 140980.23, y: 512.0 } }, inner: Rect { left: 8.0, top: 476.0, right: 140980.23, bottom: 512.0 }, pics: 1
INFO [neovide::renderer::grid_renderer] blend 0
DEBUG [neovide::renderer] zindex: 200, base: 0
DEBUG [neovide::renderer] layer: [(4, SortOrder { z_index: 200, composition_order: 1 })]
TRACE [neovide::renderer::rendered_window] region: Box2 { min: Point2 { x: 8.0, y: 8.0 }, max: Point2 { x: 751.0, y: 512.0 } }, inner: Rect { left: 8.0, top: 8.0, right: 751.0, bottom: 512.0 }, pics: 1
TRACE [neovide::renderer::rendered_window] region: Box2 { min: Point2 { x: 8.0, y: 8.0 }, max: Point2 { x: 751.0, y: 440.0 } }, inner: Rect { left: 8.0, top: 8.0, right: 751.0, bottom: 440.0 }, pics: 12
TRACE [neovide::renderer::rendered_window] region: Box2 { min: Point2 { x: 8.0, y: 476.0 }, max: Point2 { x: 140980.23, y: 512.0 } }, inner: Rect { left: 8.0, top: 476.0, right: 140980.23, bottom: 512.0 }, pics: 1
TRACE [neovide::window::keyboard_manager] KeyEvent {
    physical_key: Code(
        KeyL,
    ),
    logical_key: Character(
        "l",
    ),
    text: Some(
        "l",
    ),
    location: Standard,
    state: Pressed,
    repeat: true,
    platform_specific: KeyEventExtra {
        text_with_all_modifiers: Some(
            "l",
        ),
        key_without_modifiers: Character(
            "l",
        ),
    },
}
TRACE [neovide::window::keyboard_manager] Key pressed l ModifiersState(0x0)
TRACE [neovide::channel_utils] UICommand Serial(Keyboard("l"))
TRACE [neovide::channel_utils] UICommand Serial(Keyboard("l"))
TRACE [neovide::bridge::ui_commands] In Serial Command
TRACE [neovide::bridge::ui_commands] Keyboard Input Sent: l
TRACE [neovide::bridge::handler] Neovim notification: "redraw"
TRACE [neovide::channel_utils] neovim_handler GridLine { grid: 4, row: 0, column_start: 41, cells: [GridLineCell { text: "l", highlight_id: Some(100), repeat: None }] }
TRACE [neovide::channel_utils] neovim_handler WindowViewport { grid: 4, top_line: 0.0, bottom_line: 1.0, current_line: 0.0, current_column: 0.0, line_count: Some(1.0), scroll_delta: Some(0.0) }
TRACE [neovide::channel_utils] neovim_handler Flush
TRACE [neovide::editor] Image flushed
TRACE [neovide::editor] send_batch
TRACE [neovide::renderer::rendered_window] Handling Viewport 4
INFO [neovide::renderer::grid_renderer] blend 0
DEBUG [neovide::renderer] zindex: 200, base: 0
DEBUG [neovide::renderer] layer: [(4, SortOrder { z_index: 200, composition_order: 1 })]
TRACE [neovide::renderer::rendered_window] region: Box2 { min: Point2 { x: 8.0, y: 8.0 }, max: Point2 { x: 751.0, y: 512.0 } }, inner: Rect { left: 8.0, top: 8.0, right: 751.0, bottom: 512.0 }, pics: 1
TRACE [neovide::renderer::rendered_window] region: Box2 { min: Point2 { x: 8.0, y: 8.0 }, max: Point2 { x: 751.0, y: 440.0 } }, inner: Rect { left: 8.0, top: 8.0, right: 751.0, bottom: 440.0 }, pics: 12
TRACE [neovide::bridge::handler] Neovim notification: "redraw"
TRACE [neovide::channel_utils] neovim_handler WindowViewport { grid: 2, top_line: 0.0, bottom_line: 4.0, current_line: 1.0, current_column: 12.0, line_count: Some(3.0), scroll_delta: Some(0.0) }
TRACE [neovide::channel_utils] neovim_handler GridLine { grid: 1, row: 12, column_start: 37, cells: [GridLineCell { text: "3", highlight_id: Some(104), repeat: None }] }
TRACE [neovide::channel_utils] neovim_handler GridLine { grid: 4, row: 0, column_start: 41, cells: [GridLineCell { text: " ", highlight_id: Some(100), repeat: Some(1) }] }
TRACE [neovide::channel_utils] neovim_handler WindowViewport { grid: 4, top_line: 0.0, bottom_line: 1.0, current_line: 0.0, current_column: 0.0, line_count: Some(1.0), scroll_delta: Some(0.0) }
TRACE [neovide::channel_utils] neovim_handler CursorGoto { grid: 2, row: 1, column: 18 }
TRACE [neovide::channel_utils] neovim_handler Flush
TRACE [neovide::renderer::rendered_window] region: Box2 { min: Point2 { x: 8.0, y: 476.0 }, max: Point2 { x: 140980.23, y: 512.0 } }, inner: Rect { left: 8.0, top: 476.0, right: 140980.23, bottom: 512.0 }, pics: 1
TRACE [neovide::editor] Image flushed
TRACE [neovide::editor] send_batch
TRACE [neovide::renderer::rendered_window] Handling Viewport 2
TRACE [neovide::renderer::rendered_window] Handling Viewport 4
TRACE [neovide::renderer::fonts::caching_shaper] Shaping text: "2,13"
INFO [neovide::renderer::grid_renderer] blend 0
DEBUG [neovide::renderer] zindex: 200, base: 0
DEBUG [neovide::renderer] layer: [(4, SortOrder { z_index: 200, composition_order: 1 })]
TRACE [neovide::renderer::rendered_window] region: Box2 { min: Point2 { x: 8.0, y: 8.0 }, max: Point2 { x: 751.0, y: 512.0 } }, inner: Rect { left: 8.0, top: 8.0, right: 751.0, bottom: 512.0 }, pics: 1
TRACE [neovide::renderer::rendered_window] region: Box2 { min: Point2 { x: 8.0, y: 8.0 }, max: Point2 { x: 751.0, y: 440.0 } }, inner: Rect { left: 8.0, top: 8.0, right: 751.0, bottom: 440.0 }, pics: 12
TRACE [neovide::renderer::rendered_window] region: Box2 { min: Point2 { x: 8.0, y: 476.0 }, max: Point2 { x: 140980.23, y: 512.0 } }, inner: Rect { left: 8.0, top: 476.0, right: 140980.23, bottom: 512.0 }, pics: 1
TRACE [neovide::renderer::fonts::caching_shaper] Shaping text: " "
INFO [neovide::renderer::grid_renderer] blend 0
DEBUG [neovide::renderer] zindex: 200, base: 0
DEBUG [neovide::renderer] layer: [(4, SortOrder { z_index: 200, composition_order: 1 })]
TRACE [neovide::renderer::rendered_window] region: Box2 { min: Point2 { x: 8.0, y: 8.0 }, max: Point2 { x: 751.0, y: 512.0 } }, inner: Rect { left: 8.0, top: 8.0, right: 751.0, bottom: 512.0 }, pics: 1
TRACE [neovide::renderer::rendered_window] region: Box2 { min: Point2 { x: 8.0, y: 8.0 }, max: Point2 { x: 751.0, y: 440.0 } }, inner: Rect { left: 8.0, top: 8.0, right: 751.0, bottom: 440.0 }, pics: 12
TRACE [neovide::renderer::rendered_window] region: Box2 { min: Point2 { x: 8.0, y: 476.0 }, max: Point2 { x: 140980.23, y: 512.0 } }, inner: Rect { left: 8.0, top: 476.0, right: 140980.23, bottom: 512.0 }, pics: 1
INFO [neovide::renderer::grid_renderer] blend 0
DEBUG [neovide::renderer] zindex: 200, base: 0
DEBUG [neovide::renderer] layer: [(4, SortOrder { z_index: 200, composition_order: 1 })]
TRACE [neovide::renderer::rendered_window] region: Box2 { min: Point2 { x: 8.0, y: 8.0 }, max: Point2 { x: 751.0, y: 512.0 } }, inner: Rect { left: 8.0, top: 8.0, right: 751.0, bottom: 512.0 }, pics: 1
TRACE [neovide::renderer::rendered_window] region: Box2 { min: Point2 { x: 8.0, y: 8.0 }, max: Point2 { x: 751.0, y: 440.0 } }, inner: Rect { left: 8.0, top: 8.0, right: 751.0, bottom: 440.0 }, pics: 12
TRACE [neovide::renderer::rendered_window] region: Box2 { min: Point2 { x: 8.0, y: 476.0 }, max: Point2 { x: 140980.23, y: 512.0 } }, inner: Rect { left: 8.0, top: 476.0, right: 140980.23, bottom: 512.0 }, pics: 1
INFO [neovide::renderer::grid_renderer] blend 0
DEBUG [neovide::renderer] zindex: 200, base: 0
DEBUG [neovide::renderer] layer: [(4, SortOrder { z_index: 200, composition_order: 1 })]
TRACE [neovide::renderer::rendered_window] region: Box2 { min: Point2 { x: 8.0, y: 8.0 }, max: Point2 { x: 751.0, y: 512.0 } }, inner: Rect { left: 8.0, top: 8.0, right: 751.0, bottom: 512.0 }, pics: 1
TRACE [neovide::renderer::rendered_window] region: Box2 { min: Point2 { x: 8.0, y: 8.0 }, max: Point2 { x: 751.0, y: 440.0 } }, inner: Rect { left: 8.0, top: 8.0, right: 751.0, bottom: 440.0 }, pics: 12
TRACE [neovide::renderer::rendered_window] region: Box2 { min: Point2 { x: 8.0, y: 476.0 }, max: Point2 { x: 140980.23, y: 512.0 } }, inner: Rect { left: 8.0, top: 476.0, right: 140980.23, bottom: 512.0 }, pics: 1
INFO [neovide::renderer::grid_renderer] blend 0
DEBUG [neovide::renderer] zindex: 200, base: 0
DEBUG [neovide::renderer] layer: [(4, SortOrder { z_index: 200, composition_order: 1 })]
TRACE [neovide::renderer::rendered_window] region: Box2 { min: Point2 { x: 8.0, y: 8.0 }, max: Point2 { x: 751.0, y: 512.0 } }, inner: Rect { left: 8.0, top: 8.0, right: 751.0, bottom: 512.0 }, pics: 1
TRACE [neovide::renderer::rendered_window] region: Box2 { min: Point2 { x: 8.0, y: 8.0 }, max: Point2 { x: 751.0, y: 440.0 } }, inner: Rect { left: 8.0, top: 8.0, right: 751.0, bottom: 440.0 }, pics: 12
TRACE [neovide::renderer::rendered_window] region: Box2 { min: Point2 { x: 8.0, y: 476.0 }, max: Point2 { x: 140980.23, y: 512.0 } }, inner: Rect { left: 8.0, top: 476.0, right: 140980.23, bottom: 512.0 }, pics: 1
INFO [neovide::renderer::grid_renderer] blend 0
DEBUG [neovide::renderer] zindex: 200, base: 0
DEBUG [neovide::renderer] layer: [(4, SortOrder { z_index: 200, composition_order: 1 })]
TRACE [neovide::renderer::rendered_window] region: Box2 { min: Point2 { x: 8.0, y: 8.0 }, max: Point2 { x: 751.0, y: 512.0 } }, inner: Rect { left: 8.0, top: 8.0, right: 751.0, bottom: 512.0 }, pics: 1
TRACE [neovide::renderer::rendered_window] region: Box2 { min: Point2 { x: 8.0, y: 8.0 }, max: Point2 { x: 751.0, y: 440.0 } }, inner: Rect { left: 8.0, top: 8.0, right: 751.0, bottom: 440.0 }, pics: 12
TRACE [neovide::renderer::rendered_window] region: Box2 { min: Point2 { x: 8.0, y: 476.0 }, max: Point2 { x: 140980.23, y: 512.0 } }, inner: Rect { left: 8.0, top: 476.0, right: 140980.23, bottom: 512.0 }, pics: 1
INFO [neovide::renderer::grid_renderer] blend 0
DEBUG [neovide::renderer] zindex: 200, base: 0
DEBUG [neovide::renderer] layer: [(4, SortOrder { z_index: 200, composition_order: 1 })]
TRACE [neovide::renderer::rendered_window] region: Box2 { min: Point2 { x: 8.0, y: 8.0 }, max: Point2 { x: 751.0, y: 512.0 } }, inner: Rect { left: 8.0, top: 8.0, right: 751.0, bottom: 512.0 }, pics: 1
TRACE [neovide::renderer::rendered_window] region: Box2 { min: Point2 { x: 8.0, y: 8.0 }, max: Point2 { x: 751.0, y: 440.0 } }, inner: Rect { left: 8.0, top: 8.0, right: 751.0, bottom: 440.0 }, pics: 12
TRACE [neovide::renderer::rendered_window] region: Box2 { min: Point2 { x: 8.0, y: 476.0 }, max: Point2 { x: 140980.23, y: 512.0 } }, inner: Rect { left: 8.0, top: 476.0, right: 140980.23, bottom: 512.0 }, pics: 1
TRACE [neovide::window::keyboard_manager] KeyEvent {
    physical_key: Code(
        KeyL,
    ),
    logical_key: Character(
        "l",
    ),
    text: Some(
        "l",
    ),
    location: Standard,
    state: Pressed,
    repeat: true,
    platform_specific: KeyEventExtra {
        text_with_all_modifiers: Some(
            "l",
        ),
        key_without_modifiers: Character(
            "l",
        ),
    },
}
TRACE [neovide::window::keyboard_manager] Key pressed l ModifiersState(0x0)
TRACE [neovide::channel_utils] UICommand Serial(Keyboard("l"))
TRACE [neovide::channel_utils] UICommand Serial(Keyboard("l"))
TRACE [neovide::bridge::ui_commands] In Serial Command
TRACE [neovide::bridge::ui_commands] Keyboard Input Sent: l
TRACE [neovide::bridge::handler] Neovim notification: "redraw"
TRACE [neovide::channel_utils] neovim_handler GridLine { grid: 4, row: 0, column_start: 41, cells: [GridLineCell { text: "l", highlight_id: Some(100), repeat: None }] }
TRACE [neovide::channel_utils] neovim_handler WindowViewport { grid: 4, top_line: 0.0, bottom_line: 1.0, current_line: 0.0, current_column: 0.0, line_count: Some(1.0), scroll_delta: Some(0.0) }
TRACE [neovide::channel_utils] neovim_handler Flush
TRACE [neovide::editor] Image flushed
TRACE [neovide::editor] send_batch
TRACE [neovide::renderer::rendered_window] Handling Viewport 4
INFO [neovide::renderer::grid_renderer] blend 0
DEBUG [neovide::renderer] zindex: 200, base: 0
DEBUG [neovide::renderer] layer: [(4, SortOrder { z_index: 200, composition_order: 1 })]
TRACE [neovide::renderer::rendered_window] region: Box2 { min: Point2 { x: 8.0, y: 8.0 }, max: Point2 { x: 751.0, y: 512.0 } }, inner: Rect { left: 8.0, top: 8.0, right: 751.0, bottom: 512.0 }, pics: 1
TRACE [neovide::renderer::rendered_window] region: Box2 { min: Point2 { x: 8.0, y: 8.0 }, max: Point2 { x: 751.0, y: 440.0 } }, inner: Rect { left: 8.0, top: 8.0, right: 751.0, bottom: 440.0 }, pics: 12
TRACE [neovide::bridge::handler] Neovim notification: "redraw"
TRACE [neovide::channel_utils] neovim_handler WindowViewport { grid: 2, top_line: 0.0, bottom_line: 4.0, current_line: 1.0, current_column: 13.0, line_count: Some(3.0), scroll_delta: Some(0.0) }
TRACE [neovide::channel_utils] neovim_handler GridLine { grid: 1, row: 12, column_start: 37, cells: [GridLineCell { text: "4", highlight_id: Some(104), repeat: None }] }
TRACE [neovide::channel_utils] neovim_handler GridLine { grid: 4, row: 0, column_start: 41, cells: [GridLineCell { text: " ", highlight_id: Some(100), repeat: Some(1) }] }
TRACE [neovide::channel_utils] neovim_handler WindowViewport { grid: 4, top_line: 0.0, bottom_line: 1.0, current_line: 0.0, current_column: 0.0, line_count: Some(1.0), scroll_delta: Some(0.0) }
TRACE [neovide::channel_utils] neovim_handler CursorGoto { grid: 2, row: 1, column: 19 }
TRACE [neovide::channel_utils] neovim_handler Flush
TRACE [neovide::renderer::rendered_window] region: Box2 { min: Point2 { x: 8.0, y: 476.0 }, max: Point2 { x: 140980.23, y: 512.0 } }, inner: Rect { left: 8.0, top: 476.0, right: 140980.23, bottom: 512.0 }, pics: 1
TRACE [neovide::editor] Image flushed
TRACE [neovide::editor] send_batch
TRACE [neovide::renderer::rendered_window] Handling Viewport 2
TRACE [neovide::renderer::rendered_window] Handling Viewport 4
TRACE [neovide::renderer::fonts::caching_shaper] Shaping text: "2,14"
INFO [neovide::renderer::grid_renderer] blend 0
DEBUG [neovide::renderer] zindex: 200, base: 0
DEBUG [neovide::renderer] layer: [(4, SortOrder { z_index: 200, composition_order: 1 })]
TRACE [neovide::renderer::rendered_window] region: Box2 { min: Point2 { x: 8.0, y: 8.0 }, max: Point2 { x: 751.0, y: 512.0 } }, inner: Rect { left: 8.0, top: 8.0, right: 751.0, bottom: 512.0 }, pics: 1
TRACE [neovide::renderer::rendered_window] region: Box2 { min: Point2 { x: 8.0, y: 8.0 }, max: Point2 { x: 751.0, y: 440.0 } }, inner: Rect { left: 8.0, top: 8.0, right: 751.0, bottom: 440.0 }, pics: 12
TRACE [neovide::renderer::rendered_window] region: Box2 { min: Point2 { x: 8.0, y: 476.0 }, max: Point2 { x: 140980.23, y: 512.0 } }, inner: Rect { left: 8.0, top: 476.0, right: 140980.23, bottom: 512.0 }, pics: 1
TRACE [neovide::renderer::fonts::caching_shaper] Shaping text: "z"
INFO [neovide::renderer::grid_renderer] blend 0
DEBUG [neovide::renderer] zindex: 200, base: 0
DEBUG [neovide::renderer] layer: [(4, SortOrder { z_index: 200, composition_order: 1 })]
TRACE [neovide::renderer::rendered_window] region: Box2 { min: Point2 { x: 8.0, y: 8.0 }, max: Point2 { x: 751.0, y: 512.0 } }, inner: Rect { left: 8.0, top: 8.0, right: 751.0, bottom: 512.0 }, pics: 1
TRACE [neovide::renderer::rendered_window] region: Box2 { min: Point2 { x: 8.0, y: 8.0 }, max: Point2 { x: 751.0, y: 440.0 } }, inner: Rect { left: 8.0, top: 8.0, right: 751.0, bottom: 440.0 }, pics: 12
TRACE [neovide::renderer::rendered_window] region: Box2 { min: Point2 { x: 8.0, y: 476.0 }, max: Point2 { x: 140980.23, y: 512.0 } }, inner: Rect { left: 8.0, top: 476.0, right: 140980.23, bottom: 512.0 }, pics: 1
INFO [neovide::renderer::grid_renderer] blend 0
DEBUG [neovide::renderer] zindex: 200, base: 0
DEBUG [neovide::renderer] layer: [(4, SortOrder { z_index: 200, composition_order: 1 })]
TRACE [neovide::renderer::rendered_window] region: Box2 { min: Point2 { x: 8.0, y: 8.0 }, max: Point2 { x: 751.0, y: 512.0 } }, inner: Rect { left: 8.0, top: 8.0, right: 751.0, bottom: 512.0 }, pics: 1
TRACE [neovide::renderer::rendered_window] region: Box2 { min: Point2 { x: 8.0, y: 8.0 }, max: Point2 { x: 751.0, y: 440.0 } }, inner: Rect { left: 8.0, top: 8.0, right: 751.0, bottom: 440.0 }, pics: 12
TRACE [neovide::renderer::rendered_window] region: Box2 { min: Point2 { x: 8.0, y: 476.0 }, max: Point2 { x: 140980.23, y: 512.0 } }, inner: Rect { left: 8.0, top: 476.0, right: 140980.23, bottom: 512.0 }, pics: 1
INFO [neovide::renderer::grid_renderer] blend 0
DEBUG [neovide::renderer] zindex: 200, base: 0
DEBUG [neovide::renderer] layer: [(4, SortOrder { z_index: 200, composition_order: 1 })]
TRACE [neovide::renderer::rendered_window] region: Box2 { min: Point2 { x: 8.0, y: 8.0 }, max: Point2 { x: 751.0, y: 512.0 } }, inner: Rect { left: 8.0, top: 8.0, right: 751.0, bottom: 512.0 }, pics: 1
TRACE [neovide::renderer::rendered_window] region: Box2 { min: Point2 { x: 8.0, y: 8.0 }, max: Point2 { x: 751.0, y: 440.0 } }, inner: Rect { left: 8.0, top: 8.0, right: 751.0, bottom: 440.0 }, pics: 12
TRACE [neovide::renderer::rendered_window] region: Box2 { min: Point2 { x: 8.0, y: 476.0 }, max: Point2 { x: 140980.23, y: 512.0 } }, inner: Rect { left: 8.0, top: 476.0, right: 140980.23, bottom: 512.0 }, pics: 1
INFO [neovide::renderer::grid_renderer] blend 0
DEBUG [neovide::renderer] zindex: 200, base: 0
DEBUG [neovide::renderer] layer: [(4, SortOrder { z_index: 200, composition_order: 1 })]
TRACE [neovide::renderer::rendered_window] region: Box2 { min: Point2 { x: 8.0, y: 8.0 }, max: Point2 { x: 751.0, y: 512.0 } }, inner: Rect { left: 8.0, top: 8.0, right: 751.0, bottom: 512.0 }, pics: 1
TRACE [neovide::renderer::rendered_window] region: Box2 { min: Point2 { x: 8.0, y: 8.0 }, max: Point2 { x: 751.0, y: 440.0 } }, inner: Rect { left: 8.0, top: 8.0, right: 751.0, bottom: 440.0 }, pics: 12
TRACE [neovide::renderer::rendered_window] region: Box2 { min: Point2 { x: 8.0, y: 476.0 }, max: Point2 { x: 140980.23, y: 512.0 } }, inner: Rect { left: 8.0, top: 476.0, right: 140980.23, bottom: 512.0 }, pics: 1
INFO [neovide::renderer::grid_renderer] blend 0
DEBUG [neovide::renderer] zindex: 200, base: 0
DEBUG [neovide::renderer] layer: [(4, SortOrder { z_index: 200, composition_order: 1 })]
TRACE [neovide::renderer::rendered_window] region: Box2 { min: Point2 { x: 8.0, y: 8.0 }, max: Point2 { x: 751.0, y: 512.0 } }, inner: Rect { left: 8.0, top: 8.0, right: 751.0, bottom: 512.0 }, pics: 1
TRACE [neovide::renderer::rendered_window] region: Box2 { min: Point2 { x: 8.0, y: 8.0 }, max: Point2 { x: 751.0, y: 440.0 } }, inner: Rect { left: 8.0, top: 8.0, right: 751.0, bottom: 440.0 }, pics: 12
TRACE [neovide::renderer::rendered_window] region: Box2 { min: Point2 { x: 8.0, y: 476.0 }, max: Point2 { x: 140980.23, y: 512.0 } }, inner: Rect { left: 8.0, top: 476.0, right: 140980.23, bottom: 512.0 }, pics: 1
INFO [neovide::renderer::grid_renderer] blend 0
DEBUG [neovide::renderer] zindex: 200, base: 0
DEBUG [neovide::renderer] layer: [(4, SortOrder { z_index: 200, composition_order: 1 })]
TRACE [neovide::renderer::rendered_window] region: Box2 { min: Point2 { x: 8.0, y: 8.0 }, max: Point2 { x: 751.0, y: 512.0 } }, inner: Rect { left: 8.0, top: 8.0, right: 751.0, bottom: 512.0 }, pics: 1
TRACE [neovide::renderer::rendered_window] region: Box2 { min: Point2 { x: 8.0, y: 8.0 }, max: Point2 { x: 751.0, y: 440.0 } }, inner: Rect { left: 8.0, top: 8.0, right: 751.0, bottom: 440.0 }, pics: 12
TRACE [neovide::renderer::rendered_window] region: Box2 { min: Point2 { x: 8.0, y: 476.0 }, max: Point2 { x: 140980.23, y: 512.0 } }, inner: Rect { left: 8.0, top: 476.0, right: 140980.23, bottom: 512.0 }, pics: 1
TRACE [neovide::window::keyboard_manager] KeyEvent {
    physical_key: Code(
        KeyL,
    ),
    logical_key: Character(
        "l",
    ),
    text: Some(
        "l",
    ),
    location: Standard,
    state: Released,
    repeat: false,
    platform_specific: KeyEventExtra {
        text_with_all_modifiers: Some(
            "l",
        ),
        key_without_modifiers: Character(
            "l",
        ),
    },
}
TRACE [neovide::window::keyboard_manager] KeyEvent {
    physical_key: Code(
        ShiftLeft,
    ),
    logical_key: Named(
        Shift,
    ),
    text: None,
    location: Left,
    state: Pressed,
    repeat: false,
    platform_specific: KeyEventExtra {
        text_with_all_modifiers: None,
        key_without_modifiers: Named(
            Shift,
        ),
    },
}
TRACE [neovide::window::keyboard_manager] Modifiers { state: ModifiersState(SHIFT), pressed_mods: ModifiersKeys(0x0) }
TRACE [neovide::window::keyboard_manager] KeyEvent {
    physical_key: Code(
        Semicolon,
    ),
    logical_key: Character(
        ":",
    ),
    text: Some(
        ":",
    ),
    location: Standard,
    state: Pressed,
    repeat: false,
    platform_specific: KeyEventExtra {
        text_with_all_modifiers: Some(
            ":",
        ),
        key_without_modifiers: Character(
            ";",
        ),
    },
}
TRACE [neovide::window::keyboard_manager] Key pressed : ModifiersState(SHIFT)
TRACE [neovide::channel_utils] UICommand Serial(Keyboard(":"))
TRACE [neovide::channel_utils] UICommand Serial(Keyboard(":"))
TRACE [neovide::bridge::ui_commands] In Serial Command
TRACE [neovide::bridge::ui_commands] Keyboard Input Sent: :
TRACE [neovide::bridge::handler] Neovim notification: "redraw"
TRACE [neovide::channel_utils] neovim_handler GridLine { grid: 4, row: 0, column_start: 41, cells: [GridLineCell { text: ":", highlight_id: Some(100), repeat: None }] }
TRACE [neovide::channel_utils] neovim_handler WindowViewport { grid: 4, top_line: 0.0, bottom_line: 1.0, current_line: 0.0, current_column: 0.0, line_count: Some(1.0), scroll_delta: Some(0.0) }
TRACE [neovide::channel_utils] neovim_handler Flush
TRACE [neovide::editor] Image flushed
TRACE [neovide::editor] send_batch
TRACE [neovide::renderer::rendered_window] Handling Viewport 4
INFO [neovide::renderer::grid_renderer] blend 0
DEBUG [neovide::renderer] zindex: 200, base: 0
DEBUG [neovide::renderer] layer: [(4, SortOrder { z_index: 200, composition_order: 1 })]
TRACE [neovide::renderer::rendered_window] region: Box2 { min: Point2 { x: 8.0, y: 8.0 }, max: Point2 { x: 751.0, y: 512.0 } }, inner: Rect { left: 8.0, top: 8.0, right: 751.0, bottom: 512.0 }, pics: 1
TRACE [neovide::renderer::rendered_window] region: Box2 { min: Point2 { x: 8.0, y: 8.0 }, max: Point2 { x: 751.0, y: 440.0 } }, inner: Rect { left: 8.0, top: 8.0, right: 751.0, bottom: 440.0 }, pics: 12
TRACE [neovide::renderer::rendered_window] region: Box2 { min: Point2 { x: 8.0, y: 476.0 }, max: Point2 { x: 140980.23, y: 512.0 } }, inner: Rect { left: 8.0, top: 476.0, right: 140980.23, bottom: 512.0 }, pics: 1
TRACE [neovide::bridge::handler] Neovim notification: "redraw"
TRACE [neovide::channel_utils] neovim_handler GridLine { grid: 4, row: 0, column_start: 0, cells: [GridLineCell { text: ":", highlight_id: Some(108), repeat: None }, GridLineCell { text: " ", highlight_id: Some(100), repeat: None }, GridLineCell { text: " ", highlight_id: Some(100), repeat: Some(40) }] }
TRACE [neovide::channel_utils] neovim_handler WindowViewport { grid: 4, top_line: 0.0, bottom_line: 1.0, current_line: 0.0, current_column: 1.0, line_count: Some(1.0), scroll_delta: Some(0.0) }
TRACE [neovide::channel_utils] neovim_handler CursorGoto { grid: 4, row: 0, column: 1 }
TRACE [neovide::channel_utils] neovim_handler ModeChange { mode: CmdLine, mode_index: 4 }
TRACE [neovide::channel_utils] neovim_handler MouseOff
TRACE [neovide::channel_utils] neovim_handler Flush
TRACE [neovide::editor] Image flushed
TRACE [neovide::editor] send_batch
TRACE [neovide::renderer::rendered_window] Handling Viewport 4
INFO [neovide::renderer::grid_renderer] blend 0
DEBUG [neovide::renderer] zindex: 200, base: 0
DEBUG [neovide::renderer] layer: [(4, SortOrder { z_index: 200, composition_order: 1 })]
TRACE [neovide::renderer::rendered_window] region: Box2 { min: Point2 { x: 8.0, y: 8.0 }, max: Point2 { x: 751.0, y: 512.0 } }, inner: Rect { left: 8.0, top: 8.0, right: 751.0, bottom: 512.0 }, pics: 1
TRACE [neovide::renderer::rendered_window] region: Box2 { min: Point2 { x: 8.0, y: 8.0 }, max: Point2 { x: 751.0, y: 440.0 } }, inner: Rect { left: 8.0, top: 8.0, right: 751.0, bottom: 440.0 }, pics: 12
TRACE [neovide::renderer::rendered_window] region: Box2 { min: Point2 { x: 8.0, y: 476.0 }, max: Point2 { x: 140980.23, y: 512.0 } }, inner: Rect { left: 8.0, top: 476.0, right: 140980.23, bottom: 512.0 }, pics: 1
INFO [neovide::renderer::grid_renderer] blend 0
DEBUG [neovide::renderer] zindex: 200, base: 0
DEBUG [neovide::renderer] layer: [(4, SortOrder { z_index: 200, composition_order: 1 })]
TRACE [neovide::renderer::rendered_window] region: Box2 { min: Point2 { x: 8.0, y: 8.0 }, max: Point2 { x: 751.0, y: 512.0 } }, inner: Rect { left: 8.0, top: 8.0, right: 751.0, bottom: 512.0 }, pics: 1
TRACE [neovide::renderer::rendered_window] region: Box2 { min: Point2 { x: 8.0, y: 8.0 }, max: Point2 { x: 751.0, y: 440.0 } }, inner: Rect { left: 8.0, top: 8.0, right: 751.0, bottom: 440.0 }, pics: 12
TRACE [neovide::renderer::rendered_window] region: Box2 { min: Point2 { x: 8.0, y: 476.0 }, max: Point2 { x: 140980.23, y: 512.0 } }, inner: Rect { left: 8.0, top: 476.0, right: 140980.23, bottom: 512.0 }, pics: 1
INFO [neovide::renderer::grid_renderer] blend 0
DEBUG [neovide::renderer] zindex: 200, base: 0
DEBUG [neovide::renderer] layer: [(4, SortOrder { z_index: 200, composition_order: 1 })]
TRACE [neovide::renderer::rendered_window] region: Box2 { min: Point2 { x: 8.0, y: 8.0 }, max: Point2 { x: 751.0, y: 512.0 } }, inner: Rect { left: 8.0, top: 8.0, right: 751.0, bottom: 512.0 }, pics: 1
TRACE [neovide::renderer::rendered_window] region: Box2 { min: Point2 { x: 8.0, y: 8.0 }, max: Point2 { x: 751.0, y: 440.0 } }, inner: Rect { left: 8.0, top: 8.0, right: 751.0, bottom: 440.0 }, pics: 12
TRACE [neovide::renderer::rendered_window] region: Box2 { min: Point2 { x: 8.0, y: 476.0 }, max: Point2 { x: 140980.23, y: 512.0 } }, inner: Rect { left: 8.0, top: 476.0, right: 140980.23, bottom: 512.0 }, pics: 1
INFO [neovide::renderer::grid_renderer] blend 0
DEBUG [neovide::renderer] zindex: 200, base: 0
DEBUG [neovide::renderer] layer: [(4, SortOrder { z_index: 200, composition_order: 1 })]
TRACE [neovide::renderer::rendered_window] region: Box2 { min: Point2 { x: 8.0, y: 8.0 }, max: Point2 { x: 751.0, y: 512.0 } }, inner: Rect { left: 8.0, top: 8.0, right: 751.0, bottom: 512.0 }, pics: 1
TRACE [neovide::renderer::rendered_window] region: Box2 { min: Point2 { x: 8.0, y: 8.0 }, max: Point2 { x: 751.0, y: 440.0 } }, inner: Rect { left: 8.0, top: 8.0, right: 751.0, bottom: 440.0 }, pics: 12
TRACE [neovide::renderer::rendered_window] region: Box2 { min: Point2 { x: 8.0, y: 476.0 }, max: Point2 { x: 140980.23, y: 512.0 } }, inner: Rect { left: 8.0, top: 476.0, right: 140980.23, bottom: 512.0 }, pics: 1
INFO [neovide::renderer::grid_renderer] blend 0
DEBUG [neovide::renderer] zindex: 200, base: 0
DEBUG [neovide::renderer] layer: [(4, SortOrder { z_index: 200, composition_order: 1 })]
TRACE [neovide::renderer::rendered_window] region: Box2 { min: Point2 { x: 8.0, y: 8.0 }, max: Point2 { x: 751.0, y: 512.0 } }, inner: Rect { left: 8.0, top: 8.0, right: 751.0, bottom: 512.0 }, pics: 1
TRACE [neovide::renderer::rendered_window] region: Box2 { min: Point2 { x: 8.0, y: 8.0 }, max: Point2 { x: 751.0, y: 440.0 } }, inner: Rect { left: 8.0, top: 8.0, right: 751.0, bottom: 440.0 }, pics: 12
TRACE [neovide::renderer::rendered_window] region: Box2 { min: Point2 { x: 8.0, y: 476.0 }, max: Point2 { x: 140980.23, y: 512.0 } }, inner: Rect { left: 8.0, top: 476.0, right: 140980.23, bottom: 512.0 }, pics: 1
INFO [neovide::renderer::grid_renderer] blend 0
DEBUG [neovide::renderer] zindex: 200, base: 0
DEBUG [neovide::renderer] layer: [(4, SortOrder { z_index: 200, composition_order: 1 })]
TRACE [neovide::renderer::rendered_window] region: Box2 { min: Point2 { x: 8.0, y: 8.0 }, max: Point2 { x: 751.0, y: 512.0 } }, inner: Rect { left: 8.0, top: 8.0, right: 751.0, bottom: 512.0 }, pics: 1
TRACE [neovide::renderer::rendered_window] region: Box2 { min: Point2 { x: 8.0, y: 8.0 }, max: Point2 { x: 751.0, y: 440.0 } }, inner: Rect { left: 8.0, top: 8.0, right: 751.0, bottom: 440.0 }, pics: 12
TRACE [neovide::renderer::rendered_window] region: Box2 { min: Point2 { x: 8.0, y: 476.0 }, max: Point2 { x: 140980.23, y: 512.0 } }, inner: Rect { left: 8.0, top: 476.0, right: 140980.23, bottom: 512.0 }, pics: 1
INFO [neovide::renderer::grid_renderer] blend 0
DEBUG [neovide::renderer] zindex: 200, base: 0
DEBUG [neovide::renderer] layer: [(4, SortOrder { z_index: 200, composition_order: 1 })]
TRACE [neovide::renderer::rendered_window] region: Box2 { min: Point2 { x: 8.0, y: 8.0 }, max: Point2 { x: 751.0, y: 512.0 } }, inner: Rect { left: 8.0, top: 8.0, right: 751.0, bottom: 512.0 }, pics: 1
TRACE [neovide::renderer::rendered_window] region: Box2 { min: Point2 { x: 8.0, y: 8.0 }, max: Point2 { x: 751.0, y: 440.0 } }, inner: Rect { left: 8.0, top: 8.0, right: 751.0, bottom: 440.0 }, pics: 12
TRACE [neovide::renderer::rendered_window] region: Box2 { min: Point2 { x: 8.0, y: 476.0 }, max: Point2 { x: 140980.23, y: 512.0 } }, inner: Rect { left: 8.0, top: 476.0, right: 140980.23, bottom: 512.0 }, pics: 1
INFO [neovide::renderer::grid_renderer] blend 0
DEBUG [neovide::renderer] zindex: 200, base: 0
DEBUG [neovide::renderer] layer: [(4, SortOrder { z_index: 200, composition_order: 1 })]
TRACE [neovide::renderer::rendered_window] region: Box2 { min: Point2 { x: 8.0, y: 8.0 }, max: Point2 { x: 751.0, y: 512.0 } }, inner: Rect { left: 8.0, top: 8.0, right: 751.0, bottom: 512.0 }, pics: 1
TRACE [neovide::renderer::rendered_window] region: Box2 { min: Point2 { x: 8.0, y: 8.0 }, max: Point2 { x: 751.0, y: 440.0 } }, inner: Rect { left: 8.0, top: 8.0, right: 751.0, bottom: 440.0 }, pics: 12
TRACE [neovide::renderer::rendered_window] region: Box2 { min: Point2 { x: 8.0, y: 476.0 }, max: Point2 { x: 140980.23, y: 512.0 } }, inner: Rect { left: 8.0, top: 476.0, right: 140980.23, bottom: 512.0 }, pics: 1
INFO [neovide::renderer::grid_renderer] blend 0
DEBUG [neovide::renderer] zindex: 200, base: 0
DEBUG [neovide::renderer] layer: [(4, SortOrder { z_index: 200, composition_order: 1 })]
TRACE [neovide::renderer::rendered_window] region: Box2 { min: Point2 { x: 8.0, y: 8.0 }, max: Point2 { x: 751.0, y: 512.0 } }, inner: Rect { left: 8.0, top: 8.0, right: 751.0, bottom: 512.0 }, pics: 1
TRACE [neovide::renderer::rendered_window] region: Box2 { min: Point2 { x: 8.0, y: 8.0 }, max: Point2 { x: 751.0, y: 440.0 } }, inner: Rect { left: 8.0, top: 8.0, right: 751.0, bottom: 440.0 }, pics: 12
TRACE [neovide::renderer::rendered_window] region: Box2 { min: Point2 { x: 8.0, y: 476.0 }, max: Point2 { x: 140980.23, y: 512.0 } }, inner: Rect { left: 8.0, top: 476.0, right: 140980.23, bottom: 512.0 }, pics: 1
INFO [neovide::renderer::grid_renderer] blend 0
DEBUG [neovide::renderer] zindex: 200, base: 0
DEBUG [neovide::renderer] layer: [(4, SortOrder { z_index: 200, composition_order: 1 })]
TRACE [neovide::renderer::rendered_window] region: Box2 { min: Point2 { x: 8.0, y: 8.0 }, max: Point2 { x: 751.0, y: 512.0 } }, inner: Rect { left: 8.0, top: 8.0, right: 751.0, bottom: 512.0 }, pics: 1
TRACE [neovide::renderer::rendered_window] region: Box2 { min: Point2 { x: 8.0, y: 8.0 }, max: Point2 { x: 751.0, y: 440.0 } }, inner: Rect { left: 8.0, top: 8.0, right: 751.0, bottom: 440.0 }, pics: 12
TRACE [neovide::renderer::rendered_window] region: Box2 { min: Point2 { x: 8.0, y: 476.0 }, max: Point2 { x: 140980.23, y: 512.0 } }, inner: Rect { left: 8.0, top: 476.0, right: 140980.23, bottom: 512.0 }, pics: 1
INFO [neovide::renderer::grid_renderer] blend 0
DEBUG [neovide::renderer] zindex: 200, base: 0
DEBUG [neovide::renderer] layer: [(4, SortOrder { z_index: 200, composition_order: 1 })]
TRACE [neovide::renderer::rendered_window] region: Box2 { min: Point2 { x: 8.0, y: 8.0 }, max: Point2 { x: 751.0, y: 512.0 } }, inner: Rect { left: 8.0, top: 8.0, right: 751.0, bottom: 512.0 }, pics: 1
TRACE [neovide::renderer::rendered_window] region: Box2 { min: Point2 { x: 8.0, y: 8.0 }, max: Point2 { x: 751.0, y: 440.0 } }, inner: Rect { left: 8.0, top: 8.0, right: 751.0, bottom: 440.0 }, pics: 12
TRACE [neovide::renderer::rendered_window] region: Box2 { min: Point2 { x: 8.0, y: 476.0 }, max: Point2 { x: 140980.23, y: 512.0 } }, inner: Rect { left: 8.0, top: 476.0, right: 140980.23, bottom: 512.0 }, pics: 1
INFO [neovide::renderer::grid_renderer] blend 0
DEBUG [neovide::renderer] zindex: 200, base: 0
DEBUG [neovide::renderer] layer: [(4, SortOrder { z_index: 200, composition_order: 1 })]
TRACE [neovide::renderer::rendered_window] region: Box2 { min: Point2 { x: 8.0, y: 8.0 }, max: Point2 { x: 751.0, y: 512.0 } }, inner: Rect { left: 8.0, top: 8.0, right: 751.0, bottom: 512.0 }, pics: 1
TRACE [neovide::renderer::rendered_window] region: Box2 { min: Point2 { x: 8.0, y: 8.0 }, max: Point2 { x: 751.0, y: 440.0 } }, inner: Rect { left: 8.0, top: 8.0, right: 751.0, bottom: 440.0 }, pics: 12
TRACE [neovide::renderer::rendered_window] region: Box2 { min: Point2 { x: 8.0, y: 476.0 }, max: Point2 { x: 140980.23, y: 512.0 } }, inner: Rect { left: 8.0, top: 476.0, right: 140980.23, bottom: 512.0 }, pics: 1
INFO [neovide::renderer::grid_renderer] blend 0
DEBUG [neovide::renderer] zindex: 200, base: 0
DEBUG [neovide::renderer] layer: [(4, SortOrder { z_index: 200, composition_order: 1 })]
TRACE [neovide::renderer::rendered_window] region: Box2 { min: Point2 { x: 8.0, y: 8.0 }, max: Point2 { x: 751.0, y: 512.0 } }, inner: Rect { left: 8.0, top: 8.0, right: 751.0, bottom: 512.0 }, pics: 1
TRACE [neovide::renderer::rendered_window] region: Box2 { min: Point2 { x: 8.0, y: 8.0 }, max: Point2 { x: 751.0, y: 440.0 } }, inner: Rect { left: 8.0, top: 8.0, right: 751.0, bottom: 440.0 }, pics: 12
TRACE [neovide::renderer::rendered_window] region: Box2 { min: Point2 { x: 8.0, y: 476.0 }, max: Point2 { x: 140980.23, y: 512.0 } }, inner: Rect { left: 8.0, top: 476.0, right: 140980.23, bottom: 512.0 }, pics: 1
INFO [neovide::renderer::grid_renderer] blend 0
DEBUG [neovide::renderer] zindex: 200, base: 0
DEBUG [neovide::renderer] layer: [(4, SortOrder { z_index: 200, composition_order: 1 })]
TRACE [neovide::renderer::rendered_window] region: Box2 { min: Point2 { x: 8.0, y: 8.0 }, max: Point2 { x: 751.0, y: 512.0 } }, inner: Rect { left: 8.0, top: 8.0, right: 751.0, bottom: 512.0 }, pics: 1
TRACE [neovide::renderer::rendered_window] region: Box2 { min: Point2 { x: 8.0, y: 8.0 }, max: Point2 { x: 751.0, y: 440.0 } }, inner: Rect { left: 8.0, top: 8.0, right: 751.0, bottom: 440.0 }, pics: 12
TRACE [neovide::renderer::rendered_window] region: Box2 { min: Point2 { x: 8.0, y: 476.0 }, max: Point2 { x: 140980.23, y: 512.0 } }, inner: Rect { left: 8.0, top: 476.0, right: 140980.23, bottom: 512.0 }, pics: 1
INFO [neovide::renderer::grid_renderer] blend 0
DEBUG [neovide::renderer] zindex: 200, base: 0
DEBUG [neovide::renderer] layer: [(4, SortOrder { z_index: 200, composition_order: 1 })]
TRACE [neovide::renderer::rendered_window] region: Box2 { min: Point2 { x: 8.0, y: 8.0 }, max: Point2 { x: 751.0, y: 512.0 } }, inner: Rect { left: 8.0, top: 8.0, right: 751.0, bottom: 512.0 }, pics: 1
TRACE [neovide::renderer::rendered_window] region: Box2 { min: Point2 { x: 8.0, y: 8.0 }, max: Point2 { x: 751.0, y: 440.0 } }, inner: Rect { left: 8.0, top: 8.0, right: 751.0, bottom: 440.0 }, pics: 12
TRACE [neovide::renderer::rendered_window] region: Box2 { min: Point2 { x: 8.0, y: 476.0 }, max: Point2 { x: 140980.23, y: 512.0 } }, inner: Rect { left: 8.0, top: 476.0, right: 140980.23, bottom: 512.0 }, pics: 1
INFO [neovide::renderer::grid_renderer] blend 0
DEBUG [neovide::renderer] zindex: 200, base: 0
DEBUG [neovide::renderer] layer: [(4, SortOrder { z_index: 200, composition_order: 1 })]
TRACE [neovide::renderer::rendered_window] region: Box2 { min: Point2 { x: 8.0, y: 8.0 }, max: Point2 { x: 751.0, y: 512.0 } }, inner: Rect { left: 8.0, top: 8.0, right: 751.0, bottom: 512.0 }, pics: 1
TRACE [neovide::renderer::rendered_window] region: Box2 { min: Point2 { x: 8.0, y: 8.0 }, max: Point2 { x: 751.0, y: 440.0 } }, inner: Rect { left: 8.0, top: 8.0, right: 751.0, bottom: 440.0 }, pics: 12
TRACE [neovide::renderer::rendered_window] region: Box2 { min: Point2 { x: 8.0, y: 476.0 }, max: Point2 { x: 140980.23, y: 512.0 } }, inner: Rect { left: 8.0, top: 476.0, right: 140980.23, bottom: 512.0 }, pics: 1
INFO [neovide::renderer::grid_renderer] blend 0
DEBUG [neovide::renderer] zindex: 200, base: 0
DEBUG [neovide::renderer] layer: [(4, SortOrder { z_index: 200, composition_order: 1 })]
TRACE [neovide::renderer::rendered_window] region: Box2 { min: Point2 { x: 8.0, y: 8.0 }, max: Point2 { x: 751.0, y: 512.0 } }, inner: Rect { left: 8.0, top: 8.0, right: 751.0, bottom: 512.0 }, pics: 1
TRACE [neovide::renderer::rendered_window] region: Box2 { min: Point2 { x: 8.0, y: 8.0 }, max: Point2 { x: 751.0, y: 440.0 } }, inner: Rect { left: 8.0, top: 8.0, right: 751.0, bottom: 440.0 }, pics: 12
TRACE [neovide::renderer::rendered_window] region: Box2 { min: Point2 { x: 8.0, y: 476.0 }, max: Point2 { x: 140980.23, y: 512.0 } }, inner: Rect { left: 8.0, top: 476.0, right: 140980.23, bottom: 512.0 }, pics: 1
TRACE [neovide::window::keyboard_manager] KeyEvent {
    physical_key: Code(
        Semicolon,
    ),
    logical_key: Character(
        ":",
    ),
    text: Some(
        ":",
    ),
    location: Standard,
    state: Released,
    repeat: false,
    platform_specific: KeyEventExtra {
        text_with_all_modifiers: Some(
            ":",
        ),
        key_without_modifiers: Character(
            ";",
        ),
    },
}
TRACE [neovide::window::keyboard_manager] KeyEvent {
    physical_key: Code(
        ShiftLeft,
    ),
    logical_key: Named(
        Shift,
    ),
    text: None,
    location: Left,
    state: Released,
    repeat: false,
    platform_specific: KeyEventExtra {
        text_with_all_modifiers: None,
        key_without_modifiers: Named(
            Shift,
        ),
    },
}
TRACE [neovide::window::keyboard_manager] Modifiers { state: ModifiersState(0x0), pressed_mods: ModifiersKeys(0x0) }
TRACE [neovide::window::keyboard_manager] KeyEvent {
    physical_key: Code(
        Backspace,
    ),
    logical_key: Named(
        Backspace,
    ),
    text: Some(
        "\u{8}",
    ),
    location: Standard,
    state: Pressed,
    repeat: false,
    platform_specific: KeyEventExtra {
        text_with_all_modifiers: Some(
            "\u{8}",
        ),
        key_without_modifiers: Named(
            Backspace,
        ),
    },
}
TRACE [neovide::window::keyboard_manager] Key pressed <BS> ModifiersState(0x0)
TRACE [neovide::channel_utils] UICommand Serial(Keyboard("<BS>"))
TRACE [neovide::channel_utils] UICommand Serial(Keyboard("<BS>"))
TRACE [neovide::bridge::ui_commands] In Serial Command
TRACE [neovide::bridge::ui_commands] Keyboard Input Sent: <BS>
TRACE [neovide::bridge::handler] Neovim notification: "redraw"
TRACE [neovide::channel_utils] neovim_handler CursorGoto { grid: 4, row: 0, column: 0 }
TRACE [neovide::channel_utils] neovim_handler ModeChange { mode: Normal, mode_index: 0 }
TRACE [neovide::channel_utils] neovim_handler MouseOn
TRACE [neovide::channel_utils] neovim_handler Flush
TRACE [neovide::editor] Image flushed
TRACE [neovide::editor] send_batch
INFO [neovide::renderer::grid_renderer] blend 0
DEBUG [neovide::renderer] zindex: 200, base: 0
DEBUG [neovide::renderer] layer: [(4, SortOrder { z_index: 200, composition_order: 1 })]
TRACE [neovide::renderer::rendered_window] region: Box2 { min: Point2 { x: 8.0, y: 8.0 }, max: Point2 { x: 751.0, y: 512.0 } }, inner: Rect { left: 8.0, top: 8.0, right: 751.0, bottom: 512.0 }, pics: 1
TRACE [neovide::renderer::rendered_window] region: Box2 { min: Point2 { x: 8.0, y: 8.0 }, max: Point2 { x: 751.0, y: 440.0 } }, inner: Rect { left: 8.0, top: 8.0, right: 751.0, bottom: 440.0 }, pics: 12
TRACE [neovide::renderer::rendered_window] region: Box2 { min: Point2 { x: 8.0, y: 476.0 }, max: Point2 { x: 140980.23, y: 512.0 } }, inner: Rect { left: 8.0, top: 476.0, right: 140980.23, bottom: 512.0 }, pics: 1
TRACE [neovide::bridge::handler] Neovim notification: "redraw"
TRACE [neovide::channel_utils] neovim_handler WindowViewport { grid: 2, top_line: 0.0, bottom_line: 4.0, current_line: 1.0, current_column: 13.0, line_count: Some(3.0), scroll_delta: Some(0.0) }
TRACE [neovide::channel_utils] neovim_handler WindowViewport { grid: 4, top_line: 0.0, bottom_line: 1.0, current_line: 0.0, current_column: 0.0, line_count: Some(1.0), scroll_delta: Some(0.0) }
TRACE [neovide::channel_utils] neovim_handler CursorGoto { grid: 2, row: 1, column: 19 }
TRACE [neovide::channel_utils] neovim_handler Flush
TRACE [neovide::editor] Image flushed
TRACE [neovide::editor] send_batch
INFO [neovide::renderer::grid_renderer] blend 0
DEBUG [neovide::renderer] zindex: 200, base: 0
DEBUG [neovide::renderer] layer: [(4, SortOrder { z_index: 200, composition_order: 2 })]
TRACE [neovide::renderer::rendered_window] region: Box2 { min: Point2 { x: 8.0, y: 8.0 }, max: Point2 { x: 751.0, y: 512.0 } }, inner: Rect { left: 8.0, top: 8.0, right: 751.0, bottom: 512.0 }, pics: 1
TRACE [neovide::renderer::rendered_window] region: Box2 { min: Point2 { x: 8.0, y: 8.0 }, max: Point2 { x: 751.0, y: 440.0 } }, inner: Rect { left: 8.0, top: 8.0, right: 751.0, bottom: 440.0 }, pics: 12
TRACE [neovide::renderer::rendered_window] region: Box2 { min: Point2 { x: 8.0, y: 476.0 }, max: Point2 { x: 140980.23, y: 512.0 } }, inner: Rect { left: 8.0, top: 476.0, right: 140980.23, bottom: 512.0 }, pics: 1
TRACE [neovide::renderer::rendered_window] Handling Viewport 2
TRACE [neovide::renderer::rendered_window] Handling Viewport 4
INFO [neovide::renderer::grid_renderer] blend 0
DEBUG [neovide::renderer] zindex: 200, base: 0
DEBUG [neovide::renderer] layer: [(4, SortOrder { z_index: 200, composition_order: 2 })]
TRACE [neovide::renderer::rendered_window] region: Box2 { min: Point2 { x: 8.0, y: 8.0 }, max: Point2 { x: 751.0, y: 512.0 } }, inner: Rect { left: 8.0, top: 8.0, right: 751.0, bottom: 512.0 }, pics: 1
TRACE [neovide::renderer::rendered_window] region: Box2 { min: Point2 { x: 8.0, y: 8.0 }, max: Point2 { x: 751.0, y: 440.0 } }, inner: Rect { left: 8.0, top: 8.0, right: 751.0, bottom: 440.0 }, pics: 12
TRACE [neovide::renderer::rendered_window] region: Box2 { min: Point2 { x: 8.0, y: 476.0 }, max: Point2 { x: 140980.23, y: 512.0 } }, inner: Rect { left: 8.0, top: 476.0, right: 140980.23, bottom: 512.0 }, pics: 1
INFO [neovide::renderer::grid_renderer] blend 0
DEBUG [neovide::renderer] zindex: 200, base: 0
DEBUG [neovide::renderer] layer: [(4, SortOrder { z_index: 200, composition_order: 2 })]
TRACE [neovide::renderer::rendered_window] region: Box2 { min: Point2 { x: 8.0, y: 8.0 }, max: Point2 { x: 751.0, y: 512.0 } }, inner: Rect { left: 8.0, top: 8.0, right: 751.0, bottom: 512.0 }, pics: 1
TRACE [neovide::renderer::rendered_window] region: Box2 { min: Point2 { x: 8.0, y: 8.0 }, max: Point2 { x: 751.0, y: 440.0 } }, inner: Rect { left: 8.0, top: 8.0, right: 751.0, bottom: 440.0 }, pics: 12
TRACE [neovide::renderer::rendered_window] region: Box2 { min: Point2 { x: 8.0, y: 476.0 }, max: Point2 { x: 140980.23, y: 512.0 } }, inner: Rect { left: 8.0, top: 476.0, right: 140980.23, bottom: 512.0 }, pics: 1
INFO [neovide::renderer::grid_renderer] blend 0
DEBUG [neovide::renderer] zindex: 200, base: 0
DEBUG [neovide::renderer] layer: [(4, SortOrder { z_index: 200, composition_order: 2 })]
TRACE [neovide::renderer::rendered_window] region: Box2 { min: Point2 { x: 8.0, y: 8.0 }, max: Point2 { x: 751.0, y: 512.0 } }, inner: Rect { left: 8.0, top: 8.0, right: 751.0, bottom: 512.0 }, pics: 1
TRACE [neovide::renderer::rendered_window] region: Box2 { min: Point2 { x: 8.0, y: 8.0 }, max: Point2 { x: 751.0, y: 440.0 } }, inner: Rect { left: 8.0, top: 8.0, right: 751.0, bottom: 440.0 }, pics: 12
TRACE [neovide::renderer::rendered_window] region: Box2 { min: Point2 { x: 8.0, y: 476.0 }, max: Point2 { x: 140980.23, y: 512.0 } }, inner: Rect { left: 8.0, top: 476.0, right: 140980.23, bottom: 512.0 }, pics: 1
INFO [neovide::renderer::grid_renderer] blend 0
DEBUG [neovide::renderer] zindex: 200, base: 0
DEBUG [neovide::renderer] layer: [(4, SortOrder { z_index: 200, composition_order: 2 })]
TRACE [neovide::renderer::rendered_window] region: Box2 { min: Point2 { x: 8.0, y: 8.0 }, max: Point2 { x: 751.0, y: 512.0 } }, inner: Rect { left: 8.0, top: 8.0, right: 751.0, bottom: 512.0 }, pics: 1
TRACE [neovide::renderer::rendered_window] region: Box2 { min: Point2 { x: 8.0, y: 8.0 }, max: Point2 { x: 751.0, y: 440.0 } }, inner: Rect { left: 8.0, top: 8.0, right: 751.0, bottom: 440.0 }, pics: 12
TRACE [neovide::renderer::rendered_window] region: Box2 { min: Point2 { x: 8.0, y: 476.0 }, max: Point2 { x: 140980.23, y: 512.0 } }, inner: Rect { left: 8.0, top: 476.0, right: 140980.23, bottom: 512.0 }, pics: 1
INFO [neovide::renderer::grid_renderer] blend 0
DEBUG [neovide::renderer] zindex: 200, base: 0
DEBUG [neovide::renderer] layer: [(4, SortOrder { z_index: 200, composition_order: 2 })]
TRACE [neovide::renderer::rendered_window] region: Box2 { min: Point2 { x: 8.0, y: 8.0 }, max: Point2 { x: 751.0, y: 512.0 } }, inner: Rect { left: 8.0, top: 8.0, right: 751.0, bottom: 512.0 }, pics: 1
TRACE [neovide::renderer::rendered_window] region: Box2 { min: Point2 { x: 8.0, y: 8.0 }, max: Point2 { x: 751.0, y: 440.0 } }, inner: Rect { left: 8.0, top: 8.0, right: 751.0, bottom: 440.0 }, pics: 12
TRACE [neovide::renderer::rendered_window] region: Box2 { min: Point2 { x: 8.0, y: 476.0 }, max: Point2 { x: 140980.23, y: 512.0 } }, inner: Rect { left: 8.0, top: 476.0, right: 140980.23, bottom: 512.0 }, pics: 1
INFO [neovide::renderer::grid_renderer] blend 0
DEBUG [neovide::renderer] zindex: 200, base: 0
DEBUG [neovide::renderer] layer: [(4, SortOrder { z_index: 200, composition_order: 2 })]
TRACE [neovide::renderer::rendered_window] region: Box2 { min: Point2 { x: 8.0, y: 8.0 }, max: Point2 { x: 751.0, y: 512.0 } }, inner: Rect { left: 8.0, top: 8.0, right: 751.0, bottom: 512.0 }, pics: 1
TRACE [neovide::renderer::rendered_window] region: Box2 { min: Point2 { x: 8.0, y: 8.0 }, max: Point2 { x: 751.0, y: 440.0 } }, inner: Rect { left: 8.0, top: 8.0, right: 751.0, bottom: 440.0 }, pics: 12
TRACE [neovide::renderer::rendered_window] region: Box2 { min: Point2 { x: 8.0, y: 476.0 }, max: Point2 { x: 140980.23, y: 512.0 } }, inner: Rect { left: 8.0, top: 476.0, right: 140980.23, bottom: 512.0 }, pics: 1
INFO [neovide::renderer::grid_renderer] blend 0
DEBUG [neovide::renderer] zindex: 200, base: 0
DEBUG [neovide::renderer] layer: [(4, SortOrder { z_index: 200, composition_order: 2 })]
TRACE [neovide::renderer::rendered_window] region: Box2 { min: Point2 { x: 8.0, y: 8.0 }, max: Point2 { x: 751.0, y: 512.0 } }, inner: Rect { left: 8.0, top: 8.0, right: 751.0, bottom: 512.0 }, pics: 1
TRACE [neovide::renderer::rendered_window] region: Box2 { min: Point2 { x: 8.0, y: 8.0 }, max: Point2 { x: 751.0, y: 440.0 } }, inner: Rect { left: 8.0, top: 8.0, right: 751.0, bottom: 440.0 }, pics: 12
TRACE [neovide::renderer::rendered_window] region: Box2 { min: Point2 { x: 8.0, y: 476.0 }, max: Point2 { x: 140980.23, y: 512.0 } }, inner: Rect { left: 8.0, top: 476.0, right: 140980.23, bottom: 512.0 }, pics: 1
INFO [neovide::renderer::grid_renderer] blend 0
DEBUG [neovide::renderer] zindex: 200, base: 0
DEBUG [neovide::renderer] layer: [(4, SortOrder { z_index: 200, composition_order: 2 })]
TRACE [neovide::renderer::rendered_window] region: Box2 { min: Point2 { x: 8.0, y: 8.0 }, max: Point2 { x: 751.0, y: 512.0 } }, inner: Rect { left: 8.0, top: 8.0, right: 751.0, bottom: 512.0 }, pics: 1
TRACE [neovide::renderer::rendered_window] region: Box2 { min: Point2 { x: 8.0, y: 8.0 }, max: Point2 { x: 751.0, y: 440.0 } }, inner: Rect { left: 8.0, top: 8.0, right: 751.0, bottom: 440.0 }, pics: 12
TRACE [neovide::renderer::rendered_window] region: Box2 { min: Point2 { x: 8.0, y: 476.0 }, max: Point2 { x: 140980.23, y: 512.0 } }, inner: Rect { left: 8.0, top: 476.0, right: 140980.23, bottom: 512.0 }, pics: 1
INFO [neovide::renderer::grid_renderer] blend 0
DEBUG [neovide::renderer] zindex: 200, base: 0
DEBUG [neovide::renderer] layer: [(4, SortOrder { z_index: 200, composition_order: 2 })]
TRACE [neovide::renderer::rendered_window] region: Box2 { min: Point2 { x: 8.0, y: 8.0 }, max: Point2 { x: 751.0, y: 512.0 } }, inner: Rect { left: 8.0, top: 8.0, right: 751.0, bottom: 512.0 }, pics: 1
TRACE [neovide::renderer::rendered_window] region: Box2 { min: Point2 { x: 8.0, y: 8.0 }, max: Point2 { x: 751.0, y: 440.0 } }, inner: Rect { left: 8.0, top: 8.0, right: 751.0, bottom: 440.0 }, pics: 12
TRACE [neovide::renderer::rendered_window] region: Box2 { min: Point2 { x: 8.0, y: 476.0 }, max: Point2 { x: 140980.23, y: 512.0 } }, inner: Rect { left: 8.0, top: 476.0, right: 140980.23, bottom: 512.0 }, pics: 1
INFO [neovide::renderer::grid_renderer] blend 0
DEBUG [neovide::renderer] zindex: 200, base: 0
DEBUG [neovide::renderer] layer: [(4, SortOrder { z_index: 200, composition_order: 2 })]
TRACE [neovide::renderer::rendered_window] region: Box2 { min: Point2 { x: 8.0, y: 8.0 }, max: Point2 { x: 751.0, y: 512.0 } }, inner: Rect { left: 8.0, top: 8.0, right: 751.0, bottom: 512.0 }, pics: 1
TRACE [neovide::renderer::rendered_window] region: Box2 { min: Point2 { x: 8.0, y: 8.0 }, max: Point2 { x: 751.0, y: 440.0 } }, inner: Rect { left: 8.0, top: 8.0, right: 751.0, bottom: 440.0 }, pics: 12
TRACE [neovide::renderer::rendered_window] region: Box2 { min: Point2 { x: 8.0, y: 476.0 }, max: Point2 { x: 140980.23, y: 512.0 } }, inner: Rect { left: 8.0, top: 476.0, right: 140980.23, bottom: 512.0 }, pics: 1
INFO [neovide::renderer::grid_renderer] blend 0
DEBUG [neovide::renderer] zindex: 200, base: 0
DEBUG [neovide::renderer] layer: [(4, SortOrder { z_index: 200, composition_order: 2 })]
TRACE [neovide::renderer::rendered_window] region: Box2 { min: Point2 { x: 8.0, y: 8.0 }, max: Point2 { x: 751.0, y: 512.0 } }, inner: Rect { left: 8.0, top: 8.0, right: 751.0, bottom: 512.0 }, pics: 1
TRACE [neovide::renderer::rendered_window] region: Box2 { min: Point2 { x: 8.0, y: 8.0 }, max: Point2 { x: 751.0, y: 440.0 } }, inner: Rect { left: 8.0, top: 8.0, right: 751.0, bottom: 440.0 }, pics: 12
TRACE [neovide::renderer::rendered_window] region: Box2 { min: Point2 { x: 8.0, y: 476.0 }, max: Point2 { x: 140980.23, y: 512.0 } }, inner: Rect { left: 8.0, top: 476.0, right: 140980.23, bottom: 512.0 }, pics: 1
INFO [neovide::renderer::grid_renderer] blend 0
DEBUG [neovide::renderer] zindex: 200, base: 0
DEBUG [neovide::renderer] layer: [(4, SortOrder { z_index: 200, composition_order: 2 })]
TRACE [neovide::renderer::rendered_window] region: Box2 { min: Point2 { x: 8.0, y: 8.0 }, max: Point2 { x: 751.0, y: 512.0 } }, inner: Rect { left: 8.0, top: 8.0, right: 751.0, bottom: 512.0 }, pics: 1
TRACE [neovide::renderer::rendered_window] region: Box2 { min: Point2 { x: 8.0, y: 8.0 }, max: Point2 { x: 751.0, y: 440.0 } }, inner: Rect { left: 8.0, top: 8.0, right: 751.0, bottom: 440.0 }, pics: 12
TRACE [neovide::renderer::rendered_window] region: Box2 { min: Point2 { x: 8.0, y: 476.0 }, max: Point2 { x: 140980.23, y: 512.0 } }, inner: Rect { left: 8.0, top: 476.0, right: 140980.23, bottom: 512.0 }, pics: 1
INFO [neovide::renderer::grid_renderer] blend 0
DEBUG [neovide::renderer] zindex: 200, base: 0
DEBUG [neovide::renderer] layer: [(4, SortOrder { z_index: 200, composition_order: 2 })]
TRACE [neovide::renderer::rendered_window] region: Box2 { min: Point2 { x: 8.0, y: 8.0 }, max: Point2 { x: 751.0, y: 512.0 } }, inner: Rect { left: 8.0, top: 8.0, right: 751.0, bottom: 512.0 }, pics: 1
TRACE [neovide::renderer::rendered_window] region: Box2 { min: Point2 { x: 8.0, y: 8.0 }, max: Point2 { x: 751.0, y: 440.0 } }, inner: Rect { left: 8.0, top: 8.0, right: 751.0, bottom: 440.0 }, pics: 12
TRACE [neovide::renderer::rendered_window] region: Box2 { min: Point2 { x: 8.0, y: 476.0 }, max: Point2 { x: 140980.23, y: 512.0 } }, inner: Rect { left: 8.0, top: 476.0, right: 140980.23, bottom: 512.0 }, pics: 1
INFO [neovide::renderer::grid_renderer] blend 0
DEBUG [neovide::renderer] zindex: 200, base: 0
DEBUG [neovide::renderer] layer: [(4, SortOrder { z_index: 200, composition_order: 2 })]
TRACE [neovide::renderer::rendered_window] region: Box2 { min: Point2 { x: 8.0, y: 8.0 }, max: Point2 { x: 751.0, y: 512.0 } }, inner: Rect { left: 8.0, top: 8.0, right: 751.0, bottom: 512.0 }, pics: 1
TRACE [neovide::renderer::rendered_window] region: Box2 { min: Point2 { x: 8.0, y: 8.0 }, max: Point2 { x: 751.0, y: 440.0 } }, inner: Rect { left: 8.0, top: 8.0, right: 751.0, bottom: 440.0 }, pics: 12
TRACE [neovide::renderer::rendered_window] region: Box2 { min: Point2 { x: 8.0, y: 476.0 }, max: Point2 { x: 140980.23, y: 512.0 } }, inner: Rect { left: 8.0, top: 476.0, right: 140980.23, bottom: 512.0 }, pics: 1
INFO [neovide::renderer::grid_renderer] blend 0
DEBUG [neovide::renderer] zindex: 200, base: 0
DEBUG [neovide::renderer] layer: [(4, SortOrder { z_index: 200, composition_order: 2 })]
TRACE [neovide::renderer::rendered_window] region: Box2 { min: Point2 { x: 8.0, y: 8.0 }, max: Point2 { x: 751.0, y: 512.0 } }, inner: Rect { left: 8.0, top: 8.0, right: 751.0, bottom: 512.0 }, pics: 1
TRACE [neovide::renderer::rendered_window] region: Box2 { min: Point2 { x: 8.0, y: 8.0 }, max: Point2 { x: 751.0, y: 440.0 } }, inner: Rect { left: 8.0, top: 8.0, right: 751.0, bottom: 440.0 }, pics: 12
TRACE [neovide::renderer::rendered_window] region: Box2 { min: Point2 { x: 8.0, y: 476.0 }, max: Point2 { x: 140980.23, y: 512.0 } }, inner: Rect { left: 8.0, top: 476.0, right: 140980.23, bottom: 512.0 }, pics: 1
INFO [neovide::renderer::grid_renderer] blend 0
DEBUG [neovide::renderer] zindex: 200, base: 0
DEBUG [neovide::renderer] layer: [(4, SortOrder { z_index: 200, composition_order: 2 })]
TRACE [neovide::renderer::rendered_window] region: Box2 { min: Point2 { x: 8.0, y: 8.0 }, max: Point2 { x: 751.0, y: 512.0 } }, inner: Rect { left: 8.0, top: 8.0, right: 751.0, bottom: 512.0 }, pics: 1
TRACE [neovide::renderer::rendered_window] region: Box2 { min: Point2 { x: 8.0, y: 8.0 }, max: Point2 { x: 751.0, y: 440.0 } }, inner: Rect { left: 8.0, top: 8.0, right: 751.0, bottom: 440.0 }, pics: 12
TRACE [neovide::renderer::rendered_window] region: Box2 { min: Point2 { x: 8.0, y: 476.0 }, max: Point2 { x: 140980.23, y: 512.0 } }, inner: Rect { left: 8.0, top: 476.0, right: 140980.23, bottom: 512.0 }, pics: 1
INFO [neovide::renderer::grid_renderer] blend 0
DEBUG [neovide::renderer] zindex: 200, base: 0
DEBUG [neovide::renderer] layer: [(4, SortOrder { z_index: 200, composition_order: 2 })]
TRACE [neovide::renderer::rendered_window] region: Box2 { min: Point2 { x: 8.0, y: 8.0 }, max: Point2 { x: 751.0, y: 512.0 } }, inner: Rect { left: 8.0, top: 8.0, right: 751.0, bottom: 512.0 }, pics: 1
TRACE [neovide::renderer::rendered_window] region: Box2 { min: Point2 { x: 8.0, y: 8.0 }, max: Point2 { x: 751.0, y: 440.0 } }, inner: Rect { left: 8.0, top: 8.0, right: 751.0, bottom: 440.0 }, pics: 12
TRACE [neovide::renderer::rendered_window] region: Box2 { min: Point2 { x: 8.0, y: 476.0 }, max: Point2 { x: 140980.23, y: 512.0 } }, inner: Rect { left: 8.0, top: 476.0, right: 140980.23, bottom: 512.0 }, pics: 1
TRACE [neovide::window::keyboard_manager] KeyEvent {
    physical_key: Code(
        Backspace,
    ),
    logical_key: Named(
        Backspace,
    ),
    text: Some(
        "\u{8}",
    ),
    location: Standard,
    state: Released,
    repeat: false,
    platform_specific: KeyEventExtra {
        text_with_all_modifiers: Some(
            "\u{8}",
        ),
        key_without_modifiers: Named(
            Backspace,
        ),
    },
}
TRACE [neovide::window::keyboard_manager] KeyEvent {
    physical_key: Code(
        ShiftLeft,
    ),
    logical_key: Named(
        Shift,
    ),
    text: None,
    location: Left,
    state: Pressed,
    repeat: false,
    platform_specific: KeyEventExtra {
        text_with_all_modifiers: None,
        key_without_modifiers: Named(
            Shift,
        ),
    },
}
TRACE [neovide::window::keyboard_manager] Modifiers { state: ModifiersState(SHIFT), pressed_mods: ModifiersKeys(0x0) }
TRACE [neovide::window::keyboard_manager] KeyEvent {
    physical_key: Code(
        Semicolon,
    ),
    logical_key: Character(
        ":",
    ),
    text: Some(
        ":",
    ),
    location: Standard,
    state: Pressed,
    repeat: false,
    platform_specific: KeyEventExtra {
        text_with_all_modifiers: Some(
            ":",
        ),
        key_without_modifiers: Character(
            ";",
        ),
    },
}
TRACE [neovide::window::keyboard_manager] Key pressed : ModifiersState(SHIFT)
TRACE [neovide::channel_utils] UICommand Serial(Keyboard(":"))
TRACE [neovide::channel_utils] UICommand Serial(Keyboard(":"))
TRACE [neovide::bridge::ui_commands] In Serial Command
TRACE [neovide::bridge::ui_commands] Keyboard Input Sent: :
TRACE [neovide::bridge::handler] Neovim notification: "redraw"
TRACE [neovide::channel_utils] neovim_handler GridLine { grid: 4, row: 0, column_start: 41, cells: [GridLineCell { text: ":", highlight_id: Some(100), repeat: None }] }
TRACE [neovide::channel_utils] neovim_handler WindowViewport { grid: 4, top_line: 0.0, bottom_line: 1.0, current_line: 0.0, current_column: 0.0, line_count: Some(1.0), scroll_delta: Some(0.0) }
TRACE [neovide::channel_utils] neovim_handler Flush
TRACE [neovide::editor] Image flushed
TRACE [neovide::editor] send_batch
TRACE [neovide::renderer::rendered_window] Handling Viewport 4
INFO [neovide::renderer::grid_renderer] blend 0
DEBUG [neovide::renderer] zindex: 200, base: 0
DEBUG [neovide::renderer] layer: [(4, SortOrder { z_index: 200, composition_order: 2 })]
TRACE [neovide::renderer::rendered_window] region: Box2 { min: Point2 { x: 8.0, y: 8.0 }, max: Point2 { x: 751.0, y: 512.0 } }, inner: Rect { left: 8.0, top: 8.0, right: 751.0, bottom: 512.0 }, pics: 1
TRACE [neovide::renderer::rendered_window] region: Box2 { min: Point2 { x: 8.0, y: 8.0 }, max: Point2 { x: 751.0, y: 440.0 } }, inner: Rect { left: 8.0, top: 8.0, right: 751.0, bottom: 440.0 }, pics: 12
TRACE [neovide::bridge::handler] Neovim notification: "redraw"
TRACE [neovide::channel_utils] neovim_handler GridLine { grid: 4, row: 0, column_start: 41, cells: [GridLineCell { text: " ", highlight_id: Some(100), repeat: Some(1) }] }
TRACE [neovide::channel_utils] neovim_handler WindowViewport { grid: 4, top_line: 0.0, bottom_line: 1.0, current_line: 0.0, current_column: 1.0, line_count: Some(1.0), scroll_delta: Some(0.0) }
TRACE [neovide::channel_utils] neovim_handler CursorGoto { grid: 4, row: 0, column: 1 }
TRACE [neovide::channel_utils] neovim_handler ModeChange { mode: CmdLine, mode_index: 4 }
TRACE [neovide::channel_utils] neovim_handler MouseOff
TRACE [neovide::channel_utils] neovim_handler Flush
TRACE [neovide::renderer::rendered_window] region: Box2 { min: Point2 { x: 8.0, y: 476.0 }, max: Point2 { x: 140980.23, y: 512.0 } }, inner: Rect { left: 8.0, top: 476.0, right: 140980.23, bottom: 512.0 }, pics: 1
TRACE [neovide::editor] Image flushed
TRACE [neovide::editor] send_batch
TRACE [neovide::renderer::rendered_window] Handling Viewport 4
INFO [neovide::renderer::grid_renderer] blend 0
DEBUG [neovide::renderer] zindex: 200, base: 0
DEBUG [neovide::renderer] layer: [(4, SortOrder { z_index: 200, composition_order: 3 })]
TRACE [neovide::renderer::rendered_window] region: Box2 { min: Point2 { x: 8.0, y: 8.0 }, max: Point2 { x: 751.0, y: 512.0 } }, inner: Rect { left: 8.0, top: 8.0, right: 751.0, bottom: 512.0 }, pics: 1
TRACE [neovide::renderer::rendered_window] region: Box2 { min: Point2 { x: 8.0, y: 8.0 }, max: Point2 { x: 751.0, y: 440.0 } }, inner: Rect { left: 8.0, top: 8.0, right: 751.0, bottom: 440.0 }, pics: 12
TRACE [neovide::renderer::rendered_window] region: Box2 { min: Point2 { x: 8.0, y: 476.0 }, max: Point2 { x: 140980.23, y: 512.0 } }, inner: Rect { left: 8.0, top: 476.0, right: 140980.23, bottom: 512.0 }, pics: 1
INFO [neovide::renderer::grid_renderer] blend 0
DEBUG [neovide::renderer] zindex: 200, base: 0
DEBUG [neovide::renderer] layer: [(4, SortOrder { z_index: 200, composition_order: 3 })]
TRACE [neovide::renderer::rendered_window] region: Box2 { min: Point2 { x: 8.0, y: 8.0 }, max: Point2 { x: 751.0, y: 512.0 } }, inner: Rect { left: 8.0, top: 8.0, right: 751.0, bottom: 512.0 }, pics: 1
TRACE [neovide::renderer::rendered_window] region: Box2 { min: Point2 { x: 8.0, y: 8.0 }, max: Point2 { x: 751.0, y: 440.0 } }, inner: Rect { left: 8.0, top: 8.0, right: 751.0, bottom: 440.0 }, pics: 12
TRACE [neovide::renderer::rendered_window] region: Box2 { min: Point2 { x: 8.0, y: 476.0 }, max: Point2 { x: 140980.23, y: 512.0 } }, inner: Rect { left: 8.0, top: 476.0, right: 140980.23, bottom: 512.0 }, pics: 1
INFO [neovide::renderer::grid_renderer] blend 0
DEBUG [neovide::renderer] zindex: 200, base: 0
DEBUG [neovide::renderer] layer: [(4, SortOrder { z_index: 200, composition_order: 3 })]
TRACE [neovide::renderer::rendered_window] region: Box2 { min: Point2 { x: 8.0, y: 8.0 }, max: Point2 { x: 751.0, y: 512.0 } }, inner: Rect { left: 8.0, top: 8.0, right: 751.0, bottom: 512.0 }, pics: 1
TRACE [neovide::renderer::rendered_window] region: Box2 { min: Point2 { x: 8.0, y: 8.0 }, max: Point2 { x: 751.0, y: 440.0 } }, inner: Rect { left: 8.0, top: 8.0, right: 751.0, bottom: 440.0 }, pics: 12
TRACE [neovide::renderer::rendered_window] region: Box2 { min: Point2 { x: 8.0, y: 476.0 }, max: Point2 { x: 140980.23, y: 512.0 } }, inner: Rect { left: 8.0, top: 476.0, right: 140980.23, bottom: 512.0 }, pics: 1
INFO [neovide::renderer::grid_renderer] blend 0
DEBUG [neovide::renderer] zindex: 200, base: 0
DEBUG [neovide::renderer] layer: [(4, SortOrder { z_index: 200, composition_order: 3 })]
TRACE [neovide::renderer::rendered_window] region: Box2 { min: Point2 { x: 8.0, y: 8.0 }, max: Point2 { x: 751.0, y: 512.0 } }, inner: Rect { left: 8.0, top: 8.0, right: 751.0, bottom: 512.0 }, pics: 1
TRACE [neovide::renderer::rendered_window] region: Box2 { min: Point2 { x: 8.0, y: 8.0 }, max: Point2 { x: 751.0, y: 440.0 } }, inner: Rect { left: 8.0, top: 8.0, right: 751.0, bottom: 440.0 }, pics: 12
TRACE [neovide::renderer::rendered_window] region: Box2 { min: Point2 { x: 8.0, y: 476.0 }, max: Point2 { x: 140980.23, y: 512.0 } }, inner: Rect { left: 8.0, top: 476.0, right: 140980.23, bottom: 512.0 }, pics: 1
INFO [neovide::renderer::grid_renderer] blend 0
DEBUG [neovide::renderer] zindex: 200, base: 0
DEBUG [neovide::renderer] layer: [(4, SortOrder { z_index: 200, composition_order: 3 })]
TRACE [neovide::renderer::rendered_window] region: Box2 { min: Point2 { x: 8.0, y: 8.0 }, max: Point2 { x: 751.0, y: 512.0 } }, inner: Rect { left: 8.0, top: 8.0, right: 751.0, bottom: 512.0 }, pics: 1
TRACE [neovide::renderer::rendered_window] region: Box2 { min: Point2 { x: 8.0, y: 8.0 }, max: Point2 { x: 751.0, y: 440.0 } }, inner: Rect { left: 8.0, top: 8.0, right: 751.0, bottom: 440.0 }, pics: 12
TRACE [neovide::renderer::rendered_window] region: Box2 { min: Point2 { x: 8.0, y: 476.0 }, max: Point2 { x: 140980.23, y: 512.0 } }, inner: Rect { left: 8.0, top: 476.0, right: 140980.23, bottom: 512.0 }, pics: 1
INFO [neovide::renderer::grid_renderer] blend 0
DEBUG [neovide::renderer] zindex: 200, base: 0
DEBUG [neovide::renderer] layer: [(4, SortOrder { z_index: 200, composition_order: 3 })]
TRACE [neovide::renderer::rendered_window] region: Box2 { min: Point2 { x: 8.0, y: 8.0 }, max: Point2 { x: 751.0, y: 512.0 } }, inner: Rect { left: 8.0, top: 8.0, right: 751.0, bottom: 512.0 }, pics: 1
TRACE [neovide::renderer::rendered_window] region: Box2 { min: Point2 { x: 8.0, y: 8.0 }, max: Point2 { x: 751.0, y: 440.0 } }, inner: Rect { left: 8.0, top: 8.0, right: 751.0, bottom: 440.0 }, pics: 12
TRACE [neovide::renderer::rendered_window] region: Box2 { min: Point2 { x: 8.0, y: 476.0 }, max: Point2 { x: 140980.23, y: 512.0 } }, inner: Rect { left: 8.0, top: 476.0, right: 140980.23, bottom: 512.0 }, pics: 1
INFO [neovide::renderer::grid_renderer] blend 0
DEBUG [neovide::renderer] zindex: 200, base: 0
DEBUG [neovide::renderer] layer: [(4, SortOrder { z_index: 200, composition_order: 3 })]
TRACE [neovide::renderer::rendered_window] region: Box2 { min: Point2 { x: 8.0, y: 8.0 }, max: Point2 { x: 751.0, y: 512.0 } }, inner: Rect { left: 8.0, top: 8.0, right: 751.0, bottom: 512.0 }, pics: 1
TRACE [neovide::renderer::rendered_window] region: Box2 { min: Point2 { x: 8.0, y: 8.0 }, max: Point2 { x: 751.0, y: 440.0 } }, inner: Rect { left: 8.0, top: 8.0, right: 751.0, bottom: 440.0 }, pics: 12
TRACE [neovide::renderer::rendered_window] region: Box2 { min: Point2 { x: 8.0, y: 476.0 }, max: Point2 { x: 140980.23, y: 512.0 } }, inner: Rect { left: 8.0, top: 476.0, right: 140980.23, bottom: 512.0 }, pics: 1
INFO [neovide::renderer::grid_renderer] blend 0
DEBUG [neovide::renderer] zindex: 200, base: 0
DEBUG [neovide::renderer] layer: [(4, SortOrder { z_index: 200, composition_order: 3 })]
TRACE [neovide::renderer::rendered_window] region: Box2 { min: Point2 { x: 8.0, y: 8.0 }, max: Point2 { x: 751.0, y: 512.0 } }, inner: Rect { left: 8.0, top: 8.0, right: 751.0, bottom: 512.0 }, pics: 1
TRACE [neovide::renderer::rendered_window] region: Box2 { min: Point2 { x: 8.0, y: 8.0 }, max: Point2 { x: 751.0, y: 440.0 } }, inner: Rect { left: 8.0, top: 8.0, right: 751.0, bottom: 440.0 }, pics: 12
TRACE [neovide::renderer::rendered_window] region: Box2 { min: Point2 { x: 8.0, y: 476.0 }, max: Point2 { x: 140980.23, y: 512.0 } }, inner: Rect { left: 8.0, top: 476.0, right: 140980.23, bottom: 512.0 }, pics: 1
INFO [neovide::renderer::grid_renderer] blend 0
DEBUG [neovide::renderer] zindex: 200, base: 0
DEBUG [neovide::renderer] layer: [(4, SortOrder { z_index: 200, composition_order: 3 })]
TRACE [neovide::renderer::rendered_window] region: Box2 { min: Point2 { x: 8.0, y: 8.0 }, max: Point2 { x: 751.0, y: 512.0 } }, inner: Rect { left: 8.0, top: 8.0, right: 751.0, bottom: 512.0 }, pics: 1
TRACE [neovide::renderer::rendered_window] region: Box2 { min: Point2 { x: 8.0, y: 8.0 }, max: Point2 { x: 751.0, y: 440.0 } }, inner: Rect { left: 8.0, top: 8.0, right: 751.0, bottom: 440.0 }, pics: 12
TRACE [neovide::renderer::rendered_window] region: Box2 { min: Point2 { x: 8.0, y: 476.0 }, max: Point2 { x: 140980.23, y: 512.0 } }, inner: Rect { left: 8.0, top: 476.0, right: 140980.23, bottom: 512.0 }, pics: 1
INFO [neovide::renderer::grid_renderer] blend 0
DEBUG [neovide::renderer] zindex: 200, base: 0
DEBUG [neovide::renderer] layer: [(4, SortOrder { z_index: 200, composition_order: 3 })]
TRACE [neovide::renderer::rendered_window] region: Box2 { min: Point2 { x: 8.0, y: 8.0 }, max: Point2 { x: 751.0, y: 512.0 } }, inner: Rect { left: 8.0, top: 8.0, right: 751.0, bottom: 512.0 }, pics: 1
TRACE [neovide::renderer::rendered_window] region: Box2 { min: Point2 { x: 8.0, y: 8.0 }, max: Point2 { x: 751.0, y: 440.0 } }, inner: Rect { left: 8.0, top: 8.0, right: 751.0, bottom: 440.0 }, pics: 12
TRACE [neovide::renderer::rendered_window] region: Box2 { min: Point2 { x: 8.0, y: 476.0 }, max: Point2 { x: 140980.23, y: 512.0 } }, inner: Rect { left: 8.0, top: 476.0, right: 140980.23, bottom: 512.0 }, pics: 1
INFO [neovide::renderer::grid_renderer] blend 0
DEBUG [neovide::renderer] zindex: 200, base: 0
DEBUG [neovide::renderer] layer: [(4, SortOrder { z_index: 200, composition_order: 3 })]
TRACE [neovide::renderer::rendered_window] region: Box2 { min: Point2 { x: 8.0, y: 8.0 }, max: Point2 { x: 751.0, y: 512.0 } }, inner: Rect { left: 8.0, top: 8.0, right: 751.0, bottom: 512.0 }, pics: 1
TRACE [neovide::renderer::rendered_window] region: Box2 { min: Point2 { x: 8.0, y: 8.0 }, max: Point2 { x: 751.0, y: 440.0 } }, inner: Rect { left: 8.0, top: 8.0, right: 751.0, bottom: 440.0 }, pics: 12
TRACE [neovide::renderer::rendered_window] region: Box2 { min: Point2 { x: 8.0, y: 476.0 }, max: Point2 { x: 140980.23, y: 512.0 } }, inner: Rect { left: 8.0, top: 476.0, right: 140980.23, bottom: 512.0 }, pics: 1
INFO [neovide::renderer::grid_renderer] blend 0
DEBUG [neovide::renderer] zindex: 200, base: 0
DEBUG [neovide::renderer] layer: [(4, SortOrder { z_index: 200, composition_order: 3 })]
TRACE [neovide::renderer::rendered_window] region: Box2 { min: Point2 { x: 8.0, y: 8.0 }, max: Point2 { x: 751.0, y: 512.0 } }, inner: Rect { left: 8.0, top: 8.0, right: 751.0, bottom: 512.0 }, pics: 1
TRACE [neovide::renderer::rendered_window] region: Box2 { min: Point2 { x: 8.0, y: 8.0 }, max: Point2 { x: 751.0, y: 440.0 } }, inner: Rect { left: 8.0, top: 8.0, right: 751.0, bottom: 440.0 }, pics: 12
TRACE [neovide::renderer::rendered_window] region: Box2 { min: Point2 { x: 8.0, y: 476.0 }, max: Point2 { x: 140980.23, y: 512.0 } }, inner: Rect { left: 8.0, top: 476.0, right: 140980.23, bottom: 512.0 }, pics: 1
INFO [neovide::renderer::grid_renderer] blend 0
DEBUG [neovide::renderer] zindex: 200, base: 0
DEBUG [neovide::renderer] layer: [(4, SortOrder { z_index: 200, composition_order: 3 })]
TRACE [neovide::renderer::rendered_window] region: Box2 { min: Point2 { x: 8.0, y: 8.0 }, max: Point2 { x: 751.0, y: 512.0 } }, inner: Rect { left: 8.0, top: 8.0, right: 751.0, bottom: 512.0 }, pics: 1
TRACE [neovide::renderer::rendered_window] region: Box2 { min: Point2 { x: 8.0, y: 8.0 }, max: Point2 { x: 751.0, y: 440.0 } }, inner: Rect { left: 8.0, top: 8.0, right: 751.0, bottom: 440.0 }, pics: 12
TRACE [neovide::renderer::rendered_window] region: Box2 { min: Point2 { x: 8.0, y: 476.0 }, max: Point2 { x: 140980.23, y: 512.0 } }, inner: Rect { left: 8.0, top: 476.0, right: 140980.23, bottom: 512.0 }, pics: 1
INFO [neovide::renderer::grid_renderer] blend 0
DEBUG [neovide::renderer] zindex: 200, base: 0
DEBUG [neovide::renderer] layer: [(4, SortOrder { z_index: 200, composition_order: 3 })]
TRACE [neovide::renderer::rendered_window] region: Box2 { min: Point2 { x: 8.0, y: 8.0 }, max: Point2 { x: 751.0, y: 512.0 } }, inner: Rect { left: 8.0, top: 8.0, right: 751.0, bottom: 512.0 }, pics: 1
TRACE [neovide::renderer::rendered_window] region: Box2 { min: Point2 { x: 8.0, y: 8.0 }, max: Point2 { x: 751.0, y: 440.0 } }, inner: Rect { left: 8.0, top: 8.0, right: 751.0, bottom: 440.0 }, pics: 12
TRACE [neovide::renderer::rendered_window] region: Box2 { min: Point2 { x: 8.0, y: 476.0 }, max: Point2 { x: 140980.23, y: 512.0 } }, inner: Rect { left: 8.0, top: 476.0, right: 140980.23, bottom: 512.0 }, pics: 1
INFO [neovide::renderer::grid_renderer] blend 0
DEBUG [neovide::renderer] zindex: 200, base: 0
DEBUG [neovide::renderer] layer: [(4, SortOrder { z_index: 200, composition_order: 3 })]
TRACE [neovide::renderer::rendered_window] region: Box2 { min: Point2 { x: 8.0, y: 8.0 }, max: Point2 { x: 751.0, y: 512.0 } }, inner: Rect { left: 8.0, top: 8.0, right: 751.0, bottom: 512.0 }, pics: 1
TRACE [neovide::renderer::rendered_window] region: Box2 { min: Point2 { x: 8.0, y: 8.0 }, max: Point2 { x: 751.0, y: 440.0 } }, inner: Rect { left: 8.0, top: 8.0, right: 751.0, bottom: 440.0 }, pics: 12
TRACE [neovide::renderer::rendered_window] region: Box2 { min: Point2 { x: 8.0, y: 476.0 }, max: Point2 { x: 140980.23, y: 512.0 } }, inner: Rect { left: 8.0, top: 476.0, right: 140980.23, bottom: 512.0 }, pics: 1
INFO [neovide::renderer::grid_renderer] blend 0
DEBUG [neovide::renderer] zindex: 200, base: 0
DEBUG [neovide::renderer] layer: [(4, SortOrder { z_index: 200, composition_order: 3 })]
TRACE [neovide::renderer::rendered_window] region: Box2 { min: Point2 { x: 8.0, y: 8.0 }, max: Point2 { x: 751.0, y: 512.0 } }, inner: Rect { left: 8.0, top: 8.0, right: 751.0, bottom: 512.0 }, pics: 1
TRACE [neovide::renderer::rendered_window] region: Box2 { min: Point2 { x: 8.0, y: 8.0 }, max: Point2 { x: 751.0, y: 440.0 } }, inner: Rect { left: 8.0, top: 8.0, right: 751.0, bottom: 440.0 }, pics: 12
TRACE [neovide::renderer::rendered_window] region: Box2 { min: Point2 { x: 8.0, y: 476.0 }, max: Point2 { x: 140980.23, y: 512.0 } }, inner: Rect { left: 8.0, top: 476.0, right: 140980.23, bottom: 512.0 }, pics: 1
INFO [neovide::renderer::grid_renderer] blend 0
DEBUG [neovide::renderer] zindex: 200, base: 0
DEBUG [neovide::renderer] layer: [(4, SortOrder { z_index: 200, composition_order: 3 })]
TRACE [neovide::renderer::rendered_window] region: Box2 { min: Point2 { x: 8.0, y: 8.0 }, max: Point2 { x: 751.0, y: 512.0 } }, inner: Rect { left: 8.0, top: 8.0, right: 751.0, bottom: 512.0 }, pics: 1
TRACE [neovide::renderer::rendered_window] region: Box2 { min: Point2 { x: 8.0, y: 8.0 }, max: Point2 { x: 751.0, y: 440.0 } }, inner: Rect { left: 8.0, top: 8.0, right: 751.0, bottom: 440.0 }, pics: 12
TRACE [neovide::renderer::rendered_window] region: Box2 { min: Point2 { x: 8.0, y: 476.0 }, max: Point2 { x: 140980.23, y: 512.0 } }, inner: Rect { left: 8.0, top: 476.0, right: 140980.23, bottom: 512.0 }, pics: 1
TRACE [neovide::window::keyboard_manager] KeyEvent {
    physical_key: Code(
        Semicolon,
    ),
    logical_key: Character(
        ":",
    ),
    text: Some(
        ":",
    ),
    location: Standard,
    state: Released,
    repeat: false,
    platform_specific: KeyEventExtra {
        text_with_all_modifiers: Some(
            ":",
        ),
        key_without_modifiers: Character(
            ";",
        ),
    },
}
TRACE [neovide::window::keyboard_manager] KeyEvent {
    physical_key: Code(
        ShiftLeft,
    ),
    logical_key: Named(
        Shift,
    ),
    text: None,
    location: Left,
    state: Released,
    repeat: false,
    platform_specific: KeyEventExtra {
        text_with_all_modifiers: None,
        key_without_modifiers: Named(
            Shift,
        ),
    },
}
TRACE [neovide::window::keyboard_manager] Modifiers { state: ModifiersState(0x0), pressed_mods: ModifiersKeys(0x0) }
TRACE [neovide::window::keyboard_manager] KeyEvent {
    physical_key: Code(
        KeyQ,
    ),
    logical_key: Character(
        "q",
    ),
    text: Some(
        "q",
    ),
    location: Standard,
    state: Pressed,
    repeat: false,
    platform_specific: KeyEventExtra {
        text_with_all_modifiers: Some(
            "q",
        ),
        key_without_modifiers: Character(
            "q",
        ),
    },
}
TRACE [neovide::window::keyboard_manager] Key pressed q ModifiersState(0x0)
TRACE [neovide::channel_utils] UICommand Serial(Keyboard("q"))
TRACE [neovide::channel_utils] UICommand Serial(Keyboard("q"))
TRACE [neovide::bridge::ui_commands] In Serial Command
TRACE [neovide::bridge::ui_commands] Keyboard Input Sent: q
TRACE [neovide::bridge::handler] Neovim notification: "redraw"
TRACE [neovide::channel_utils] neovim_handler GridLine { grid: 4, row: 0, column_start: 1, cells: [GridLineCell { text: "q", highlight_id: Some(164), repeat: None }] }
TRACE [neovide::channel_utils] neovim_handler WindowViewport { grid: 4, top_line: 0.0, bottom_line: 1.0, current_line: 0.0, current_column: 2.0, line_count: Some(1.0), scroll_delta: Some(0.0) }
TRACE [neovide::channel_utils] neovim_handler CursorGoto { grid: 4, row: 0, column: 2 }
TRACE [neovide::channel_utils] neovim_handler Flush
TRACE [neovide::editor] Image flushed
TRACE [neovide::editor] send_batch
TRACE [neovide::renderer::rendered_window] Handling Viewport 4
TRACE [neovide::renderer::fonts::caching_shaper] Shaping text: "q"
TRACE [neovide::renderer::fonts::font_loader] Loading font FontKey { font_desc: Some(FontDescription { family: "IosevkaTerm Nerd Font", style: Some("Italic") }), hinting: Full, edging: AntiAlias }
TRACE [neovide::bridge::handler] Neovim notification: "redraw"
TRACE [neovide::channel_utils] neovim_handler Resize { grid: 8, width: 16, height: 9 }
TRACE [neovide::channel_utils] neovim_handler WindowFloatPosition { grid: 8, anchor: SouthWest, anchor_grid: 4, anchor_row: 0.0, anchor_column: 0.0, mouse_enabled: false, z_index: 250, comp_index: Some(2), screen_row: Some(4), screen_col: Some(0) }
TRACE [neovide::channel_utils] neovim_handler HighlightAttributesDefine { id: 201, style: Style { colors: Colors { foreground: Some(Color4f { r: 0.8627451, g: 0.84313726, b: 0.7294118, a: 1.0 }), background: Some(Color4f { r: 0.13333334, g: 0.19607843, b: 0.28627452, a: 1.0 }), special: None }, reverse: false, italic: false, bold: true, strikethrough: false, blend: 0, underline: None }, name: None }
TRACE [neovide::channel_utils] neovim_handler GridLine { grid: 8, row: 0, column_start: 0, cells: [GridLineCell { text: " ", highlight_id: Some(132), repeat: None }, GridLineCell { text: "q", highlight_id: Some(201), repeat: None }, GridLineCell { text: "u", highlight_id: Some(132), repeat: None }, GridLineCell { text: "i", highlight_id: None, repeat: None }, GridLineCell { text: "t", highlight_id: None, repeat: None }, GridLineCell { text: " ", highlight_id: Some(132), repeat: Some(11) }, GridLineCell { text: " ", highlight_id: Some(0), repeat: Some(0) }] }
TRACE [neovide::channel_utils] neovim_handler GridLine { grid: 8, row: 1, column_start: 0, cells: [GridLineCell { text: " ", highlight_id: Some(132), repeat: None }, GridLineCell { text: "q", highlight_id: Some(201), repeat: None }, GridLineCell { text: "a", highlight_id: Some(132), repeat: None }, GridLineCell { text: "l", highlight_id: Some(132), repeat: Some(2) }, GridLineCell { text: " ", highlight_id: Some(132), repeat: Some(11) }, GridLineCell { text: " ", highlight_id: Some(0), repeat: Some(0) }] }
TRACE [neovide::channel_utils] neovim_handler GridLine { grid: 8, row: 2, column_start: 0, cells: [GridLineCell { text: " ", highlight_id: Some(132), repeat: None }, GridLineCell { text: "q", highlight_id: Some(201), repeat: None }, GridLineCell { text: "u", highlight_id: Some(132), repeat: None }, GridLineCell { text: "i", highlight_id: None, repeat: None }, GridLineCell { text: "t", highlight_id: None, repeat: None }, GridLineCell { text: "a", highlight_id: None, repeat: None }, GridLineCell { text: "l", highlight_id: Some(132), repeat: Some(2) }, GridLineCell { text: " ", highlight_id: Some(132), repeat: Some(8) }, GridLineCell { text: " ", highlight_id: Some(0), repeat: Some(0) }] }
TRACE [neovide::channel_utils] neovim_handler GridLine { grid: 8, row: 3, column_start: 0, cells: [GridLineCell { text: " ", highlight_id: Some(132), repeat: None }, GridLineCell { text: "E", highlight_id: None, repeat: None }, GridLineCell { text: "d", highlight_id: None, repeat: None }, GridLineCell { text: "i", highlight_id: None, repeat: None }, GridLineCell { text: "t", highlight_id: None, repeat: None }, GridLineCell { text: "Q", highlight_id: Some(201), repeat: None }, GridLineCell { text: "u", highlight_id: Some(132), repeat: None }, GridLineCell { text: "e", highlight_id: None, repeat: None }, GridLineCell { text: "r", highlight_id: None, repeat: None }, GridLineCell { text: "y", highlight_id: None, repeat: None }, GridLineCell { text: " ", highlight_id: Some(132), repeat: Some(6) }, GridLineCell { text: " ", highlight_id: Some(0), repeat: Some(0) }] }
TRACE [neovide::channel_utils] neovim_handler GridLine { grid: 8, row: 4, column_start: 0, cells: [GridLineCell { text: " ", highlight_id: Some(132), repeat: None }, GridLineCell { text: "w", highlight_id: None, repeat: None }, GridLineCell { text: "q", highlight_id: Some(201), repeat: None }, GridLineCell { text: " ", highlight_id: Some(132), repeat: Some(13) }, GridLineCell { text: " ", highlight_id: Some(0), repeat: Some(0) }] }
TRACE [neovide::channel_utils] neovim_handler GridLine { grid: 8, row: 5, column_start: 0, cells: [GridLineCell { text: " ", highlight_id: Some(132), repeat: None }, GridLineCell { text: "G", highlight_id: None, repeat: None }, GridLineCell { text: "w", highlight_id: None, repeat: None }, GridLineCell { text: "q", highlight_id: Some(201), repeat: None }, GridLineCell { text: " ", highlight_id: Some(132), repeat: Some(12) }, GridLineCell { text: " ", highlight_id: Some(0), repeat: Some(0) }] }
TRACE [neovide::channel_utils] neovim_handler GridLine { grid: 8, row: 6, column_start: 0, cells: [GridLineCell { text: " ", highlight_id: Some(132), repeat: None }, GridLineCell { text: "u", highlight_id: None, repeat: None }, GridLineCell { text: "n", highlight_id: None, repeat: None }, GridLineCell { text: "i", highlight_id: None, repeat: None }, GridLineCell { text: "q", highlight_id: Some(201), repeat: None }, GridLineCell { text: " ", highlight_id: Some(132), repeat: Some(11) }, GridLineCell { text: " ", highlight_id: Some(0), repeat: Some(0) }] }
TRACE [neovide::channel_utils] neovim_handler GridLine { grid: 8, row: 7, column_start: 0, cells: [GridLineCell { text: " ", highlight_id: Some(132), repeat: None }, GridLineCell { text: "c", highlight_id: None, repeat: None }, GridLineCell { text: "q", highlight_id: Some(201), repeat: None }, GridLineCell { text: "u", highlight_id: Some(132), repeat: None }, GridLineCell { text: "i", highlight_id: None, repeat: None }, GridLineCell { text: "t", highlight_id: None, repeat: None }, GridLineCell { text: " ", highlight_id: Some(132), repeat: Some(10) }, GridLineCell { text: " ", highlight_id: Some(0), repeat: Some(0) }] }
TRACE [neovide::channel_utils] neovim_handler GridLine { grid: 8, row: 8, column_start: 0, cells: [GridLineCell { text: " ", highlight_id: Some(132), repeat: None }, GridLineCell { text: "w", highlight_id: None, repeat: None }, GridLineCell { text: "q", highlight_id: Some(201), repeat: None }, GridLineCell { text: "a", highlight_id: Some(132), repeat: None }, GridLineCell { text: "l", highlight_id: Some(132), repeat: Some(2) }, GridLineCell { text: " ", highlight_id: Some(132), repeat: Some(10) }, GridLineCell { text: " ", highlight_id: Some(0), repeat: Some(0) }] }
TRACE [neovide::channel_utils] neovim_handler WindowFloatPosition { grid: 8, anchor: SouthWest, anchor_grid: 4, anchor_row: 0.0, anchor_column: 0.0, mouse_enabled: false, z_index: 250, comp_index: Some(2), screen_row: Some(4), screen_col: Some(0) }
TRACE [neovide::channel_utils] neovim_handler WindowFloatPosition { grid: 8, anchor: SouthWest, anchor_grid: 4, anchor_row: 0.0, anchor_column: 0.0, mouse_enabled: false, z_index: 250, comp_index: Some(2), screen_row: Some(4), screen_col: Some(0) }
TRACE [neovide::channel_utils] neovim_handler WindowViewport { grid: 4, top_line: 0.0, bottom_line: 1.0, current_line: 0.0, current_column: 2.0, line_count: Some(1.0), scroll_delta: Some(0.0) }
TRACE [neovide::channel_utils] neovim_handler WindowFloatPosition { grid: 8, anchor: SouthWest, anchor_grid: 4, anchor_row: 0.0, anchor_column: 0.0, mouse_enabled: false, z_index: 250, comp_index: Some(2), screen_row: Some(4), screen_col: Some(0) }
TRACE [neovide::channel_utils] neovim_handler Flush
TRACE [neovide::editor] Image flushed
TRACE [neovide::editor] send_batch
INFO [neovide::renderer::grid_renderer] blend 0
DEBUG [neovide::renderer] zindex: 200, base: 0
DEBUG [neovide::renderer] layer: [(4, SortOrder { z_index: 200, composition_order: 4 })]
TRACE [neovide::renderer::rendered_window] region: Box2 { min: Point2 { x: 8.0, y: 8.0 }, max: Point2 { x: 751.0, y: 512.0 } }, inner: Rect { left: 8.0, top: 8.0, right: 751.0, bottom: 512.0 }, pics: 1
TRACE [neovide::renderer::rendered_window] region: Box2 { min: Point2 { x: 8.0, y: 8.0 }, max: Point2 { x: 751.0, y: 440.0 } }, inner: Rect { left: 8.0, top: 8.0, right: 751.0, bottom: 440.0 }, pics: 12
TRACE [neovide::renderer::rendered_window] region: Box2 { min: Point2 { x: 8.0, y: 476.0 }, max: Point2 { x: 140980.23, y: 512.0 } }, inner: Rect { left: 8.0, top: 476.0, right: 140980.23, bottom: 512.0 }, pics: 1
TRACE [neovide::renderer::rendered_window] Handling Viewport 4
TRACE [neovide::renderer::fonts::caching_shaper] Shaping text: "q"
TRACE [neovide::renderer::fonts::font_loader] Loading font FontKey { font_desc: Some(FontDescription { family: "IosevkaTerm Nerd Font", style: Some("Bold") }), hinting: Full, edging: AntiAlias }
TRACE [neovide::renderer::fonts::caching_shaper] Shaping text: "uit"
TRACE [neovide::renderer::fonts::caching_shaper] Shaping text: "all"
TRACE [neovide::renderer::fonts::caching_shaper] Shaping text: "uitall"
TRACE [neovide::renderer::fonts::caching_shaper] Shaping text: "Edit"
TRACE [neovide::renderer::fonts::caching_shaper] Shaping text: "Q"
TRACE [neovide::renderer::fonts::caching_shaper] Shaping text: "uery"
TRACE [neovide::renderer::fonts::caching_shaper] Shaping text: "w"
TRACE [neovide::renderer::fonts::caching_shaper] Shaping text: "Gw"
TRACE [neovide::renderer::fonts::caching_shaper] Shaping text: "uni"
INFO [neovide::renderer::grid_renderer] blend 0
DEBUG [neovide::renderer] zindex: 200, base: 0
DEBUG [neovide::renderer] zindex: 250, base: 200
DEBUG [neovide::renderer] layer: [(4, SortOrder { z_index: 200, composition_order: 4 })]
DEBUG [neovide::renderer] layer: [(8, SortOrder { z_index: 250, composition_order: 2 })]
TRACE [neovide::renderer::rendered_window] region: Box2 { min: Point2 { x: 8.0, y: 8.0 }, max: Point2 { x: 751.0, y: 512.0 } }, inner: Rect { left: 8.0, top: 8.0, right: 751.0, bottom: 512.0 }, pics: 1
TRACE [neovide::renderer::rendered_window] region: Box2 { min: Point2 { x: 8.0, y: 8.0 }, max: Point2 { x: 751.0, y: 440.0 } }, inner: Rect { left: 8.0, top: 8.0, right: 751.0, bottom: 440.0 }, pics: 12
TRACE [neovide::renderer::rendered_window] region: Box2 { min: Point2 { x: 8.0, y: 476.0 }, max: Point2 { x: 140980.23, y: 512.0 } }, inner: Rect { left: 8.0, top: 476.0, right: 140980.23, bottom: 512.0 }, pics: 1
TRACE [neovide::renderer::rendered_window] region: Box2 { min: Point2 { x: 8.0, y: 152.0 }, max: Point2 { x: 233.55557, y: 476.0 } }, inner: Rect { left: 8.0, top: 152.0, right: 233.55557, bottom: 476.0 }, pics: 9
INFO [neovide::renderer::grid_renderer] blend 0
DEBUG [neovide::renderer] zindex: 200, base: 0
DEBUG [neovide::renderer] zindex: 250, base: 200
DEBUG [neovide::renderer] layer: [(4, SortOrder { z_index: 200, composition_order: 4 })]
DEBUG [neovide::renderer] layer: [(8, SortOrder { z_index: 250, composition_order: 2 })]
TRACE [neovide::renderer::rendered_window] region: Box2 { min: Point2 { x: 8.0, y: 8.0 }, max: Point2 { x: 751.0, y: 512.0 } }, inner: Rect { left: 8.0, top: 8.0, right: 751.0, bottom: 512.0 }, pics: 1
TRACE [neovide::renderer::rendered_window] region: Box2 { min: Point2 { x: 8.0, y: 8.0 }, max: Point2 { x: 751.0, y: 440.0 } }, inner: Rect { left: 8.0, top: 8.0, right: 751.0, bottom: 440.0 }, pics: 12
TRACE [neovide::renderer::rendered_window] region: Box2 { min: Point2 { x: 8.0, y: 476.0 }, max: Point2 { x: 140980.23, y: 512.0 } }, inner: Rect { left: 8.0, top: 476.0, right: 140980.23, bottom: 512.0 }, pics: 1
TRACE [neovide::renderer::rendered_window] region: Box2 { min: Point2 { x: 8.0, y: 152.0 }, max: Point2 { x: 233.55557, y: 476.0 } }, inner: Rect { left: 8.0, top: 152.0, right: 233.55557, bottom: 476.0 }, pics: 9
INFO [neovide::renderer::grid_renderer] blend 0
DEBUG [neovide::renderer] zindex: 200, base: 0
DEBUG [neovide::renderer] zindex: 250, base: 200
DEBUG [neovide::renderer] layer: [(4, SortOrder { z_index: 200, composition_order: 4 })]
DEBUG [neovide::renderer] layer: [(8, SortOrder { z_index: 250, composition_order: 2 })]
TRACE [neovide::renderer::rendered_window] region: Box2 { min: Point2 { x: 8.0, y: 8.0 }, max: Point2 { x: 751.0, y: 512.0 } }, inner: Rect { left: 8.0, top: 8.0, right: 751.0, bottom: 512.0 }, pics: 1
TRACE [neovide::renderer::rendered_window] region: Box2 { min: Point2 { x: 8.0, y: 8.0 }, max: Point2 { x: 751.0, y: 440.0 } }, inner: Rect { left: 8.0, top: 8.0, right: 751.0, bottom: 440.0 }, pics: 12
TRACE [neovide::renderer::rendered_window] region: Box2 { min: Point2 { x: 8.0, y: 476.0 }, max: Point2 { x: 140980.23, y: 512.0 } }, inner: Rect { left: 8.0, top: 476.0, right: 140980.23, bottom: 512.0 }, pics: 1
TRACE [neovide::renderer::rendered_window] region: Box2 { min: Point2 { x: 8.0, y: 152.0 }, max: Point2 { x: 233.55557, y: 476.0 } }, inner: Rect { left: 8.0, top: 152.0, right: 233.55557, bottom: 476.0 }, pics: 9
INFO [neovide::renderer::grid_renderer] blend 0
DEBUG [neovide::renderer] zindex: 200, base: 0
DEBUG [neovide::renderer] zindex: 250, base: 200
DEBUG [neovide::renderer] layer: [(4, SortOrder { z_index: 200, composition_order: 4 })]
DEBUG [neovide::renderer] layer: [(8, SortOrder { z_index: 250, composition_order: 2 })]
TRACE [neovide::renderer::rendered_window] region: Box2 { min: Point2 { x: 8.0, y: 8.0 }, max: Point2 { x: 751.0, y: 512.0 } }, inner: Rect { left: 8.0, top: 8.0, right: 751.0, bottom: 512.0 }, pics: 1
TRACE [neovide::renderer::rendered_window] region: Box2 { min: Point2 { x: 8.0, y: 8.0 }, max: Point2 { x: 751.0, y: 440.0 } }, inner: Rect { left: 8.0, top: 8.0, right: 751.0, bottom: 440.0 }, pics: 12
TRACE [neovide::renderer::rendered_window] region: Box2 { min: Point2 { x: 8.0, y: 476.0 }, max: Point2 { x: 140980.23, y: 512.0 } }, inner: Rect { left: 8.0, top: 476.0, right: 140980.23, bottom: 512.0 }, pics: 1
TRACE [neovide::renderer::rendered_window] region: Box2 { min: Point2 { x: 8.0, y: 152.0 }, max: Point2 { x: 233.55557, y: 476.0 } }, inner: Rect { left: 8.0, top: 152.0, right: 233.55557, bottom: 476.0 }, pics: 9
INFO [neovide::renderer::grid_renderer] blend 0
DEBUG [neovide::renderer] zindex: 200, base: 0
DEBUG [neovide::renderer] zindex: 250, base: 200
DEBUG [neovide::renderer] layer: [(4, SortOrder { z_index: 200, composition_order: 4 })]
DEBUG [neovide::renderer] layer: [(8, SortOrder { z_index: 250, composition_order: 2 })]
TRACE [neovide::renderer::rendered_window] region: Box2 { min: Point2 { x: 8.0, y: 8.0 }, max: Point2 { x: 751.0, y: 512.0 } }, inner: Rect { left: 8.0, top: 8.0, right: 751.0, bottom: 512.0 }, pics: 1
TRACE [neovide::renderer::rendered_window] region: Box2 { min: Point2 { x: 8.0, y: 8.0 }, max: Point2 { x: 751.0, y: 440.0 } }, inner: Rect { left: 8.0, top: 8.0, right: 751.0, bottom: 440.0 }, pics: 12
TRACE [neovide::renderer::rendered_window] region: Box2 { min: Point2 { x: 8.0, y: 476.0 }, max: Point2 { x: 140980.23, y: 512.0 } }, inner: Rect { left: 8.0, top: 476.0, right: 140980.23, bottom: 512.0 }, pics: 1
TRACE [neovide::renderer::rendered_window] region: Box2 { min: Point2 { x: 8.0, y: 152.0 }, max: Point2 { x: 233.55557, y: 476.0 } }, inner: Rect { left: 8.0, top: 152.0, right: 233.55557, bottom: 476.0 }, pics: 9
INFO [neovide::renderer::grid_renderer] blend 0
DEBUG [neovide::renderer] zindex: 200, base: 0
DEBUG [neovide::renderer] zindex: 250, base: 200
DEBUG [neovide::renderer] layer: [(4, SortOrder { z_index: 200, composition_order: 4 })]
DEBUG [neovide::renderer] layer: [(8, SortOrder { z_index: 250, composition_order: 2 })]
TRACE [neovide::renderer::rendered_window] region: Box2 { min: Point2 { x: 8.0, y: 8.0 }, max: Point2 { x: 751.0, y: 512.0 } }, inner: Rect { left: 8.0, top: 8.0, right: 751.0, bottom: 512.0 }, pics: 1
TRACE [neovide::renderer::rendered_window] region: Box2 { min: Point2 { x: 8.0, y: 8.0 }, max: Point2 { x: 751.0, y: 440.0 } }, inner: Rect { left: 8.0, top: 8.0, right: 751.0, bottom: 440.0 }, pics: 12
TRACE [neovide::renderer::rendered_window] region: Box2 { min: Point2 { x: 8.0, y: 476.0 }, max: Point2 { x: 140980.23, y: 512.0 } }, inner: Rect { left: 8.0, top: 476.0, right: 140980.23, bottom: 512.0 }, pics: 1
TRACE [neovide::renderer::rendered_window] region: Box2 { min: Point2 { x: 8.0, y: 152.0 }, max: Point2 { x: 233.55557, y: 476.0 } }, inner: Rect { left: 8.0, top: 152.0, right: 233.55557, bottom: 476.0 }, pics: 9
TRACE [neovide::window::keyboard_manager] KeyEvent {
    physical_key: Code(
        KeyQ,
    ),
    logical_key: Character(
        "q",
    ),
    text: Some(
        "q",
    ),
    location: Standard,
    state: Released,
    repeat: false,
    platform_specific: KeyEventExtra {
        text_with_all_modifiers: Some(
            "q",
        ),
        key_without_modifiers: Character(
            "q",
        ),
    },
}
TRACE [neovide::window::keyboard_manager] KeyEvent {
    physical_key: Code(
        Enter,
    ),
    logical_key: Named(
        Enter,
    ),
    text: Some(
        "\r",
    ),
    location: Standard,
    state: Pressed,
    repeat: false,
    platform_specific: KeyEventExtra {
        text_with_all_modifiers: Some(
            "\r",
        ),
        key_without_modifiers: Named(
            Enter,
        ),
    },
}
TRACE [neovide::window::keyboard_manager] Key pressed <Enter> ModifiersState(0x0)
TRACE [neovide::channel_utils] UICommand Serial(Keyboard("<Enter>"))
TRACE [neovide::channel_utils] UICommand Serial(Keyboard("<Enter>"))
TRACE [neovide::bridge::ui_commands] In Serial Command
TRACE [neovide::bridge::ui_commands] Keyboard Input Sent: <Enter>
TRACE [neovide::bridge::handler] Neovim notification: "redraw"
TRACE [neovide::channel_utils] neovim_handler WindowClose { grid: 8 }
TRACE [neovide::channel_utils] neovim_handler Destroy { grid: 8 }
TRACE [neovide::channel_utils] neovim_handler Flush
TRACE [neovide::editor] Image flushed
TRACE [neovide::editor] send_batch
TRACE [neovide::bridge::handler] Neovim notification: "redraw"
TRACE [neovide::channel_utils] neovim_handler CursorGoto { grid: 4, row: 0, column: 0 }
TRACE [neovide::channel_utils] neovim_handler ModeChange { mode: Normal, mode_index: 0 }
TRACE [neovide::channel_utils] neovim_handler MouseOn
TRACE [neovide::channel_utils] neovim_handler Flush
INFO [neovide::renderer::grid_renderer] blend 0
TRACE [neovide::editor] Image flushed
DEBUG [neovide::renderer] zindex: 200, base: 0
TRACE [neovide::editor] send_batch
DEBUG [neovide::renderer] layer: [(4, SortOrder { z_index: 200, composition_order: 4 })]
TRACE [neovide::renderer::rendered_window] region: Box2 { min: Point2 { x: 8.0, y: 8.0 }, max: Point2 { x: 751.0, y: 512.0 } }, inner: Rect { left: 8.0, top: 8.0, right: 751.0, bottom: 512.0 }, pics: 1
TRACE [neovide::bridge::handler] Neovim request: "neovide.quit"
INFO [neovide::running_tracker] Quit with code 0: Quit from neovim
TRACE [neovide::renderer::rendered_window] region: Box2 { min: Point2 { x: 8.0, y: 8.0 }, max: Point2 { x: 751.0, y: 440.0 } }, inner: Rect { left: 8.0, top: 8.0, right: 751.0, bottom: 440.0 }, pics: 12
TRACE [neovide::renderer::rendered_window] region: Box2 { min: Point2 { x: 8.0, y: 476.0 }, max: Point2 { x: 140980.23, y: 512.0 } }, inner: Rect { left: 8.0, top: 476.0, right: 140980.23, bottom: 512.0 }, pics: 1
INFO [neovide::renderer::grid_renderer] blend 0
DEBUG [neovide::renderer] zindex: 200, base: 0
DEBUG [neovide::renderer] layer: [(4, SortOrder { z_index: 200, composition_order: 5 })]
TRACE [neovide::renderer::rendered_window] region: Box2 { min: Point2 { x: 8.0, y: 8.0 }, max: Point2 { x: 751.0, y: 512.0 } }, inner: Rect { left: 8.0, top: 8.0, right: 751.0, bottom: 512.0 }, pics: 1
TRACE [neovide::renderer::rendered_window] region: Box2 { min: Point2 { x: 8.0, y: 8.0 }, max: Point2 { x: 751.0, y: 440.0 } }, inner: Rect { left: 8.0, top: 8.0, right: 751.0, bottom: 440.0 }, pics: 12
TRACE [neovide::renderer::rendered_window] region: Box2 { min: Point2 { x: 8.0, y: 476.0 }, max: Point2 { x: 140980.23, y: 512.0 } }, inner: Rect { left: 8.0, top: 476.0, right: 140980.23, bottom: 512.0 }, pics: 1
INFO [neovide::renderer::grid_renderer] blend 0
DEBUG [neovide::renderer] zindex: 200, base: 0
DEBUG [neovide::renderer] layer: [(4, SortOrder { z_index: 200, composition_order: 5 })]
TRACE [neovide::renderer::rendered_window] region: Box2 { min: Point2 { x: 8.0, y: 8.0 }, max: Point2 { x: 751.0, y: 512.0 } }, inner: Rect { left: 8.0, top: 8.0, right: 751.0, bottom: 512.0 }, pics: 1
TRACE [neovide::renderer::rendered_window] region: Box2 { min: Point2 { x: 8.0, y: 8.0 }, max: Point2 { x: 751.0, y: 440.0 } }, inner: Rect { left: 8.0, top: 8.0, right: 751.0, bottom: 440.0 }, pics: 12
TRACE [neovide::renderer::rendered_window] region: Box2 { min: Point2 { x: 8.0, y: 476.0 }, max: Point2 { x: 140980.23, y: 512.0 } }, inner: Rect { left: 8.0, top: 476.0, right: 140980.23, bottom: 512.0 }, pics: 1
INFO [neovide::renderer::grid_renderer] blend 0
DEBUG [neovide::renderer] zindex: 200, base: 0
DEBUG [neovide::renderer] layer: [(4, SortOrder { z_index: 200, composition_order: 5 })]
TRACE [neovide::renderer::rendered_window] region: Box2 { min: Point2 { x: 8.0, y: 8.0 }, max: Point2 { x: 751.0, y: 512.0 } }, inner: Rect { left: 8.0, top: 8.0, right: 751.0, bottom: 512.0 }, pics: 1
TRACE [neovide::renderer::rendered_window] region: Box2 { min: Point2 { x: 8.0, y: 8.0 }, max: Point2 { x: 751.0, y: 440.0 } }, inner: Rect { left: 8.0, top: 8.0, right: 751.0, bottom: 440.0 }, pics: 12
TRACE [neovide::renderer::rendered_window] region: Box2 { min: Point2 { x: 8.0, y: 476.0 }, max: Point2 { x: 140980.23, y: 512.0 } }, inner: Rect { left: 8.0, top: 476.0, right: 140980.23, bottom: 512.0 }, pics: 1
INFO [neovide::renderer::grid_renderer] blend 0
DEBUG [neovide::renderer] zindex: 200, base: 0
DEBUG [neovide::renderer] layer: [(4, SortOrder { z_index: 200, composition_order: 5 })]
TRACE [neovide::renderer::rendered_window] region: Box2 { min: Point2 { x: 8.0, y: 8.0 }, max: Point2 { x: 751.0, y: 512.0 } }, inner: Rect { left: 8.0, top: 8.0, right: 751.0, bottom: 512.0 }, pics: 1
TRACE [neovide::renderer::rendered_window] region: Box2 { min: Point2 { x: 8.0, y: 8.0 }, max: Point2 { x: 751.0, y: 440.0 } }, inner: Rect { left: 8.0, top: 8.0, right: 751.0, bottom: 440.0 }, pics: 12
TRACE [neovide::renderer::rendered_window] region: Box2 { min: Point2 { x: 8.0, y: 476.0 }, max: Point2 { x: 140980.23, y: 512.0 } }, inner: Rect { left: 8.0, top: 476.0, right: 140980.23, bottom: 512.0 }, pics: 1
INFO [neovide::renderer::grid_renderer] blend 0
DEBUG [neovide::renderer] zindex: 200, base: 0
DEBUG [neovide::renderer] layer: [(4, SortOrder { z_index: 200, composition_order: 5 })]
TRACE [neovide::renderer::rendered_window] region: Box2 { min: Point2 { x: 8.0, y: 8.0 }, max: Point2 { x: 751.0, y: 512.0 } }, inner: Rect { left: 8.0, top: 8.0, right: 751.0, bottom: 512.0 }, pics: 1
TRACE [neovide::renderer::rendered_window] region: Box2 { min: Point2 { x: 8.0, y: 8.0 }, max: Point2 { x: 751.0, y: 440.0 } }, inner: Rect { left: 8.0, top: 8.0, right: 751.0, bottom: 440.0 }, pics: 12
TRACE [neovide::renderer::rendered_window] region: Box2 { min: Point2 { x: 8.0, y: 476.0 }, max: Point2 { x: 140980.23, y: 512.0 } }, inner: Rect { left: 8.0, top: 476.0, right: 140980.23, bottom: 512.0 }, pics: 1
INFO [neovide::renderer::grid_renderer] blend 0
DEBUG [neovide::renderer] zindex: 200, base: 0
DEBUG [neovide::renderer] layer: [(4, SortOrder { z_index: 200, composition_order: 5 })]
TRACE [neovide::renderer::rendered_window] region: Box2 { min: Point2 { x: 8.0, y: 8.0 }, max: Point2 { x: 751.0, y: 512.0 } }, inner: Rect { left: 8.0, top: 8.0, right: 751.0, bottom: 512.0 }, pics: 1
TRACE [neovide::renderer::rendered_window] region: Box2 { min: Point2 { x: 8.0, y: 8.0 }, max: Point2 { x: 751.0, y: 440.0 } }, inner: Rect { left: 8.0, top: 8.0, right: 751.0, bottom: 440.0 }, pics: 12
TRACE [neovide::renderer::rendered_window] region: Box2 { min: Point2 { x: 8.0, y: 476.0 }, max: Point2 { x: 140980.23, y: 512.0 } }, inner: Rect { left: 8.0, top: 476.0, right: 140980.23, bottom: 512.0 }, pics: 1
INFO [neovide::renderer::grid_renderer] blend 0
DEBUG [neovide::renderer] zindex: 200, base: 0
DEBUG [neovide::renderer] layer: [(4, SortOrder { z_index: 200, composition_order: 5 })]
TRACE [neovide::renderer::rendered_window] region: Box2 { min: Point2 { x: 8.0, y: 8.0 }, max: Point2 { x: 751.0, y: 512.0 } }, inner: Rect { left: 8.0, top: 8.0, right: 751.0, bottom: 512.0 }, pics: 1
TRACE [neovide::renderer::rendered_window] region: Box2 { min: Point2 { x: 8.0, y: 8.0 }, max: Point2 { x: 751.0, y: 440.0 } }, inner: Rect { left: 8.0, top: 8.0, right: 751.0, bottom: 440.0 }, pics: 12
TRACE [neovide::renderer::rendered_window] region: Box2 { min: Point2 { x: 8.0, y: 476.0 }, max: Point2 { x: 140980.23, y: 512.0 } }, inner: Rect { left: 8.0, top: 476.0, right: 140980.23, bottom: 512.0 }, pics: 1
DEBUG [neovide::settings::window_size] Saved Window Settings: {"window":{"Windowed":{"position":{"x":1156,"y":544},"pixel_size":{"width":759,"height":531},"grid_size":{"width":52,"height":14}}}}
